
 /----------------------------------------------------------------------------\
 |  yosys -- Yosys Open SYnthesis Suite                                       |
 |  Copyright (C) 2012 - 2026  Claire Xenia Wolf <claire@yosyshq.com>         |
 |  Distributed under an ISC-like license, type "license" to see terms        |
 \----------------------------------------------------------------------------/
 Yosys 0.64 (git sha1 d8dab5b32666564eca8e18f412973853ce006e61, g++ 14.3.0-18 -fvisibility-inlines-hidden -fmessage-length=0 -march=nocona -mtune=haswell -ftree-vectorize -fPIC -fstack-protector-strong -fno-plt -O2 -ffunction-sections -fdebug-prefix-map=/home/conda/feedstock_root/build_artifacts/yosys_1775753385194/work=/usr/local/src/conda/yosys-0.64 -fdebug-prefix-map=/home/fangy6/miniconda3=/usr/local/src/conda-prefix -fPIC -O3) [conda-forge/yosys-feedstock]
===== Synthesizing IO-Uncore: NQ=16 QD=64 =====

1. Executing Verilog-2005 frontend: src/sram_blackbox.v
Parsing Verilog input from `src/sram_blackbox.v' to AST representation.
Generating RTLIL representation for module `\sram_macro'.
Successfully finished Verilog frontend.

2. Executing Verilog-2005 frontend: src/credit_manager.v
Parsing Verilog input from `src/credit_manager.v' to AST representation.
Generating RTLIL representation for module `\credit_manager'.
Successfully finished Verilog frontend.

3. Executing Verilog-2005 frontend: src/stat_counters.v
Parsing Verilog input from `src/stat_counters.v' to AST representation.
Generating RTLIL representation for module `\stat_counters'.
Warning: Replacing memory \counters with list of registers. See src/stat_counters.v:32
Successfully finished Verilog frontend.

4. Executing Verilog-2005 frontend: src/sram_arbiter_synth.v
Parsing Verilog input from `src/sram_arbiter_synth.v' to AST representation.
Generating RTLIL representation for module `\sram_arbiter'.
Successfully finished Verilog frontend.

5. Executing Verilog-2005 frontend: src/db_coalescer.v
Parsing Verilog input from `src/db_coalescer.v' to AST representation.
Generating RTLIL representation for module `\db_coalescer'.
Warning: Replacing memory \timer_active with list of registers. See src/db_coalescer.v:63
Warning: Replacing memory \timer with list of registers. See src/db_coalescer.v:62
Successfully finished Verilog frontend.

6. Executing Verilog-2005 frontend: src/cq_engine.v
Parsing Verilog input from `src/cq_engine.v' to AST representation.
Generating RTLIL representation for module `\cq_engine'.
Warning: Replacing memory \timer_active with list of registers. See src/cq_engine.v:94
Warning: Replacing memory \timer with list of registers. See src/cq_engine.v:93
Successfully finished Verilog frontend.

7. Executing Verilog-2005 frontend: src/sq_engine.v
Parsing Verilog input from `src/sq_engine.v' to AST representation.
Generating RTLIL representation for module `\sq_engine'.
Successfully finished Verilog frontend.

8. Executing Verilog-2005 frontend: src/mmio_decoder.v
Parsing Verilog input from `src/mmio_decoder.v' to AST representation.
Generating RTLIL representation for module `\mmio_decoder'.
Successfully finished Verilog frontend.

9. Executing Verilog-2005 frontend: src/io_uncore_top.v
Parsing Verilog input from `src/io_uncore_top.v' to AST representation.
Generating RTLIL representation for module `\io_uncore_top'.
Successfully finished Verilog frontend.
Parameter \NUM_QUEUES = 16

10. Executing AST frontend in derive mode using pre-parsed AST for module `\io_uncore_top'.
Parameter \NUM_QUEUES = 16
Generating RTLIL representation for module `$paramod\io_uncore_top\NUM_QUEUES=32'00000000000000000000000000010000'.
Parameter \QUEUE_DEPTH = 64

11. Executing AST frontend in derive mode using pre-parsed AST for module `\io_uncore_top'.
Parameter \QUEUE_DEPTH = 64
Generating RTLIL representation for module `$paramod\io_uncore_top\QUEUE_DEPTH=32'00000000000000000000000001000000'.
Parameter \CREDITS_MAX = 64

12. Executing AST frontend in derive mode using pre-parsed AST for module `\io_uncore_top'.
Parameter \CREDITS_MAX = 64
Generating RTLIL representation for module `$paramod\io_uncore_top\CREDITS_MAX=32'00000000000000000000000001000000'.
Parameter \BATCH_N = 8

13. Executing AST frontend in derive mode using pre-parsed AST for module `\io_uncore_top'.
Parameter \BATCH_N = 8
Generating RTLIL representation for module `$paramod\io_uncore_top\BATCH_N=32'00000000000000000000000000001000'.
Parameter \BATCH_T = 1000

14. Executing AST frontend in derive mode using pre-parsed AST for module `\io_uncore_top'.
Parameter \BATCH_T = 1000
Generating RTLIL representation for module `$paramod\io_uncore_top\BATCH_T=32'00000000000000000000001111101000'.
Parameter \COALESCE_B = 4

15. Executing AST frontend in derive mode using pre-parsed AST for module `\io_uncore_top'.
Parameter \COALESCE_B = 4
Generating RTLIL representation for module `$paramod\io_uncore_top\COALESCE_B=32'00000000000000000000000000000100'.
Parameter \COALESCE_T = 100

16. Executing AST frontend in derive mode using pre-parsed AST for module `\io_uncore_top'.
Parameter \COALESCE_T = 100
Generating RTLIL representation for module `$paramod\io_uncore_top\COALESCE_T=32'00000000000000000000000001100100'.
Parameter \SRAM_ADDR_WIDTH = 20

17. Executing AST frontend in derive mode using pre-parsed AST for module `\io_uncore_top'.
Parameter \SRAM_ADDR_WIDTH = 20
Generating RTLIL representation for module `$paramod\io_uncore_top\SRAM_ADDR_WIDTH=32'00000000000000000000000000010100'.
Parameter \SRAM_DEPTH = 1048576

18. Executing AST frontend in derive mode using pre-parsed AST for module `\io_uncore_top'.
Parameter \SRAM_DEPTH = 1048576
Generating RTLIL representation for module `$paramod\io_uncore_top\SRAM_DEPTH=32'00000000000100000000000000000000'.

19. Executing Liberty frontend: lib/asap7sc7p5t_SIMPLE_RVT_TT_trimmed.lib
Imported 56 cell types from liberty file.

20. Executing Liberty frontend: lib/asap7sc7p5t_INVBUF_RVT_TT_trimmed.lib
Imported 37 cell types from liberty file.

21. Executing Liberty frontend: lib/asap7sc7p5t_SEQ_RVT_TT_trimmed.lib
Imported 33 cell types from liberty file.

22. Executing SYNTH pass.

22.1. Executing HIERARCHY pass (managing design hierarchy).

22.1.1. Analyzing design hierarchy..
Top module:  \io_uncore_top
Used module:     \mmio_decoder
Used module:     \sq_engine
Used module:     \cq_engine
Used module:     \db_coalescer
Used module:     \sram_arbiter
Used module:     \credit_manager
Used module:     \stat_counters
Parameter \NUM_QUEUES = 16

22.1.2. Executing AST frontend in derive mode using pre-parsed AST for module `\mmio_decoder'.
Parameter \NUM_QUEUES = 16
Generating RTLIL representation for module `$paramod\mmio_decoder\NUM_QUEUES=32'00000000000000000000000000010000'.
Parameter \NUM_QUEUES = 16
Parameter \QUEUE_DEPTH = 64
Parameter \SRAM_ADDR_WIDTH = 20
Parameter \DATA_WIDTH = 512
Parameter \MAX_TRANSFER = 131072

22.1.3. Executing AST frontend in derive mode using pre-parsed AST for module `\sq_engine'.
Parameter \NUM_QUEUES = 16
Parameter \QUEUE_DEPTH = 64
Parameter \SRAM_ADDR_WIDTH = 20
Parameter \DATA_WIDTH = 512
Parameter \MAX_TRANSFER = 131072
Generating RTLIL representation for module `$paramod$1ab8f550ab7ac183bdaea65dc5ae6560cdae7ad4\sq_engine'.
Parameter \NUM_QUEUES = 16
Parameter \QUEUE_DEPTH = 64
Parameter \BATCH_N = 8
Parameter \BATCH_T = 1000
Parameter \SRAM_ADDR_WIDTH = 20
Parameter \DATA_WIDTH = 512
Parameter \CQE_WIDTH = 128

22.1.4. Executing AST frontend in derive mode using pre-parsed AST for module `\cq_engine'.
Parameter \NUM_QUEUES = 16
Parameter \QUEUE_DEPTH = 64
Parameter \BATCH_N = 8
Parameter \BATCH_T = 1000
Parameter \SRAM_ADDR_WIDTH = 20
Parameter \DATA_WIDTH = 512
Parameter \CQE_WIDTH = 128
Generating RTLIL representation for module `$paramod$6ac47b2b9d882f0673984cb306e937a1a878bb82\cq_engine'.
Warning: Replacing memory \timer_active with list of registers. See src/cq_engine.v:94
Warning: Replacing memory \timer with list of registers. See src/cq_engine.v:93
Parameter \NUM_QUEUES = 16
Parameter \COALESCE_COUNT = 4
Parameter \TIMEOUT_CYCLES = 100

22.1.5. Executing AST frontend in derive mode using pre-parsed AST for module `\db_coalescer'.
Parameter \NUM_QUEUES = 16
Parameter \COALESCE_COUNT = 4
Parameter \TIMEOUT_CYCLES = 100
Generating RTLIL representation for module `$paramod$ab86d88a3b6c1893b2a2269934377cc3a0e95108\db_coalescer'.
Warning: Replacing memory \timer_active with list of registers. See src/db_coalescer.v:63
Warning: Replacing memory \timer with list of registers. See src/db_coalescer.v:62
Parameter \NUM_REQUESTORS = 3
Parameter \SRAM_ADDR_WIDTH = 20
Parameter \DATA_WIDTH = 512
Parameter \SRAM_DEPTH = 1048576

22.1.6. Executing AST frontend in derive mode using pre-parsed AST for module `\sram_arbiter'.
Parameter \NUM_REQUESTORS = 3
Parameter \SRAM_ADDR_WIDTH = 20
Parameter \DATA_WIDTH = 512
Parameter \SRAM_DEPTH = 1048576
Generating RTLIL representation for module `$paramod$4ae703b8fc723eab8ecd5deb995ec884b36614d4\sram_arbiter'.
Parameter \CREDITS_MAX = 64

22.1.7. Executing AST frontend in derive mode using pre-parsed AST for module `\credit_manager'.
Parameter \CREDITS_MAX = 64
Generating RTLIL representation for module `$paramod\credit_manager\CREDITS_MAX=32'00000000000000000000000001000000'.
Parameter \NUM_COUNTERS = 10

22.1.8. Executing AST frontend in derive mode using pre-parsed AST for module `\stat_counters'.
Parameter \NUM_COUNTERS = 10
Generating RTLIL representation for module `$paramod\stat_counters\NUM_COUNTERS=s32'00000000000000000000000000001010'.
Warning: Replacing memory \counters with list of registers. See src/stat_counters.v:32

22.1.9. Analyzing design hierarchy..
Top module:  \io_uncore_top
Used module:     $paramod\mmio_decoder\NUM_QUEUES=32'00000000000000000000000000010000
Used module:     $paramod$1ab8f550ab7ac183bdaea65dc5ae6560cdae7ad4\sq_engine
Used module:     $paramod$6ac47b2b9d882f0673984cb306e937a1a878bb82\cq_engine
Used module:     $paramod$ab86d88a3b6c1893b2a2269934377cc3a0e95108\db_coalescer
Used module:     $paramod$4ae703b8fc723eab8ecd5deb995ec884b36614d4\sram_arbiter
Used module:     $paramod\credit_manager\CREDITS_MAX=32'00000000000000000000000001000000
Used module:     $paramod\stat_counters\NUM_COUNTERS=s32'00000000000000000000000000001010

22.1.10. Analyzing design hierarchy..
Top module:  \io_uncore_top
Used module:     $paramod\mmio_decoder\NUM_QUEUES=32'00000000000000000000000000010000
Used module:     $paramod$1ab8f550ab7ac183bdaea65dc5ae6560cdae7ad4\sq_engine
Used module:     $paramod$6ac47b2b9d882f0673984cb306e937a1a878bb82\cq_engine
Used module:     $paramod$ab86d88a3b6c1893b2a2269934377cc3a0e95108\db_coalescer
Used module:     $paramod$4ae703b8fc723eab8ecd5deb995ec884b36614d4\sram_arbiter
Used module:     $paramod\credit_manager\CREDITS_MAX=32'00000000000000000000000001000000
Used module:     $paramod\stat_counters\NUM_COUNTERS=s32'00000000000000000000000000001010
Removing unused module `\mmio_decoder'.
Removing unused module `\sq_engine'.
Removing unused module `\cq_engine'.
Removing unused module `\db_coalescer'.
Removing unused module `\sram_arbiter'.
Removing unused module `\stat_counters'.
Removing unused module `\credit_manager'.
Removed 7 unused modules.

22.2. Executing PROC pass (convert processes to netlists).

22.2.1. Executing PROC_CLEAN pass (remove empty switches from decision trees).
Cleaned up 0 empty switches.

22.2.2. Executing PROC_RMDEAD pass (remove dead branches from decision trees).
Marked 1 switch rules as full_case in process $proc$src/stat_counters.v:25$2884 in module $paramod\stat_counters\NUM_COUNTERS=s32'00000000000000000000000000001010.
Marked 1 switch rules as full_case in process $proc$src/stat_counters.v:30$2878 in module $paramod\stat_counters\NUM_COUNTERS=s32'00000000000000000000000000001010.
Marked 1 switch rules as full_case in process $proc$src/stat_counters.v:30$2872 in module $paramod\stat_counters\NUM_COUNTERS=s32'00000000000000000000000000001010.
Marked 1 switch rules as full_case in process $proc$src/stat_counters.v:30$2866 in module $paramod\stat_counters\NUM_COUNTERS=s32'00000000000000000000000000001010.
Marked 1 switch rules as full_case in process $proc$src/stat_counters.v:30$2860 in module $paramod\stat_counters\NUM_COUNTERS=s32'00000000000000000000000000001010.
Marked 1 switch rules as full_case in process $proc$src/stat_counters.v:30$2854 in module $paramod\stat_counters\NUM_COUNTERS=s32'00000000000000000000000000001010.
Marked 1 switch rules as full_case in process $proc$src/stat_counters.v:30$2848 in module $paramod\stat_counters\NUM_COUNTERS=s32'00000000000000000000000000001010.
Marked 1 switch rules as full_case in process $proc$src/stat_counters.v:30$2842 in module $paramod\stat_counters\NUM_COUNTERS=s32'00000000000000000000000000001010.
Marked 1 switch rules as full_case in process $proc$src/stat_counters.v:30$2836 in module $paramod\stat_counters\NUM_COUNTERS=s32'00000000000000000000000000001010.
Marked 1 switch rules as full_case in process $proc$src/stat_counters.v:30$2830 in module $paramod\stat_counters\NUM_COUNTERS=s32'00000000000000000000000000001010.
Marked 1 switch rules as full_case in process $proc$src/stat_counters.v:30$2824 in module $paramod\stat_counters\NUM_COUNTERS=s32'00000000000000000000000000001010.
Marked 2 switch rules as full_case in process $proc$src/credit_manager.v:38$2815 in module $paramod\credit_manager\CREDITS_MAX=32'00000000000000000000000001000000.
Marked 1 switch rules as full_case in process $proc$src/sram_arbiter_synth.v:115$2809 in module $paramod$4ae703b8fc723eab8ecd5deb995ec884b36614d4\sram_arbiter.
Marked 11 switch rules as full_case in process $proc$src/sram_arbiter_synth.v:68$2806 in module $paramod$4ae703b8fc723eab8ecd5deb995ec884b36614d4\sram_arbiter.
Removed 2 dead cases from process $proc$src/db_coalescer.v:83$2559 in module $paramod$ab86d88a3b6c1893b2a2269934377cc3a0e95108\db_coalescer.
Marked 7 switch rules as full_case in process $proc$src/db_coalescer.v:83$2559 in module $paramod$ab86d88a3b6c1893b2a2269934377cc3a0e95108\db_coalescer.
Marked 33 switch rules as full_case in process $proc$src/db_coalescer.v:59$2413 in module $paramod$ab86d88a3b6c1893b2a2269934377cc3a0e95108\db_coalescer.
Marked 6 switch rules as full_case in process $proc$src/cq_engine.v:113$2150 in module $paramod$6ac47b2b9d882f0673984cb306e937a1a878bb82\cq_engine.
Marked 33 switch rules as full_case in process $proc$src/cq_engine.v:90$1940 in module $paramod$6ac47b2b9d882f0673984cb306e937a1a878bb82\cq_engine.
Marked 9 switch rules as full_case in process $proc$src/sq_engine.v:115$1568 in module $paramod$1ab8f550ab7ac183bdaea65dc5ae6560cdae7ad4\sq_engine.
Marked 2 switch rules as full_case in process $proc$src/mmio_decoder.v:83$1463 in module $paramod\mmio_decoder\NUM_QUEUES=32'00000000000000000000000000010000.
Marked 1 switch rules as full_case in process $proc$src/mmio_decoder.v:66$1455 in module $paramod\mmio_decoder\NUM_QUEUES=32'00000000000000000000000000010000.
Removed a total of 2 dead cases.

22.2.3. Executing PROC_PRUNE pass (remove redundant assignments in processes).
Removed 10 redundant assignments.
Promoted 230 assignments to connections.

22.2.4. Executing PROC_INIT pass (extract init attributes).

22.2.5. Executing PROC_ARST pass (detect async resets in processes).
Found async reset \rst_n in `$paramod\credit_manager\CREDITS_MAX=32'00000000000000000000000001000000.$proc$src/credit_manager.v:38$2815'.
Found async reset \rst_n in `$paramod$4ae703b8fc723eab8ecd5deb995ec884b36614d4\sram_arbiter.$proc$src/sram_arbiter_synth.v:115$2809'.

22.2.6. Executing PROC_ROM pass (convert switches to ROMs).
Converted 0 switches.

22.2.7. Executing PROC_MUX pass (convert decision trees to multiplexers).
Creating decoders for process `$paramod\stat_counters\NUM_COUNTERS=s32'00000000000000000000000000001010.$proc$src/stat_counters.v:25$2884'.
     1/1: $1$mem2reg_rd$\counters$src/stat_counters.v:25$2821_DATA[63:0]$2886
Creating decoders for process `$paramod\stat_counters\NUM_COUNTERS=s32'00000000000000000000000000001010.$proc$src/stat_counters.v:30$2878'.
     1/1: $0\counters[9][63:0]
Creating decoders for process `$paramod\stat_counters\NUM_COUNTERS=s32'00000000000000000000000000001010.$proc$src/stat_counters.v:30$2872'.
     1/1: $0\counters[8][63:0]
Creating decoders for process `$paramod\stat_counters\NUM_COUNTERS=s32'00000000000000000000000000001010.$proc$src/stat_counters.v:30$2866'.
     1/1: $0\counters[7][63:0]
Creating decoders for process `$paramod\stat_counters\NUM_COUNTERS=s32'00000000000000000000000000001010.$proc$src/stat_counters.v:30$2860'.
     1/1: $0\counters[6][63:0]
Creating decoders for process `$paramod\stat_counters\NUM_COUNTERS=s32'00000000000000000000000000001010.$proc$src/stat_counters.v:30$2854'.
     1/1: $0\counters[5][63:0]
Creating decoders for process `$paramod\stat_counters\NUM_COUNTERS=s32'00000000000000000000000000001010.$proc$src/stat_counters.v:30$2848'.
     1/1: $0\counters[4][63:0]
Creating decoders for process `$paramod\stat_counters\NUM_COUNTERS=s32'00000000000000000000000000001010.$proc$src/stat_counters.v:30$2842'.
     1/1: $0\counters[3][63:0]
Creating decoders for process `$paramod\stat_counters\NUM_COUNTERS=s32'00000000000000000000000000001010.$proc$src/stat_counters.v:30$2836'.
     1/1: $0\counters[2][63:0]
Creating decoders for process `$paramod\stat_counters\NUM_COUNTERS=s32'00000000000000000000000000001010.$proc$src/stat_counters.v:30$2830'.
     1/1: $0\counters[1][63:0]
Creating decoders for process `$paramod\stat_counters\NUM_COUNTERS=s32'00000000000000000000000000001010.$proc$src/stat_counters.v:30$2824'.
     1/1: $0\counters[0][63:0]
Creating decoders for process `$paramod\credit_manager\CREDITS_MAX=32'00000000000000000000000001000000.$proc$src/credit_manager.v:38$2815'.
     1/1: $0\credits[6:0]
Creating decoders for process `$paramod$4ae703b8fc723eab8ecd5deb995ec884b36614d4\sram_arbiter.$proc$src/sram_arbiter_synth.v:115$2809'.
     1/2: $0\rdata_reg[511:0]
     2/2: $0\last_grant[1:0]
Creating decoders for process `$paramod$4ae703b8fc723eab8ecd5deb995ec884b36614d4\sram_arbiter.$proc$src/sram_arbiter_synth.v:68$2806'.
     1/79: $8\req2_grant[0:0]
     2/79: $11\sel_wdata[511:0]
     3/79: $11\sel_addr[19:0]
     4/79: $11\sel_wr[0:0]
     5/79: $11\sel_id[1:0]
     6/79: $11\sel_valid[0:0]
     7/79: $8\req1_grant[0:0]
     8/79: $10\sel_wdata[511:0]
     9/79: $10\sel_addr[19:0]
    10/79: $10\sel_wr[0:0]
    11/79: $10\sel_id[1:0]
    12/79: $10\sel_valid[0:0]
    13/79: $7\req2_grant[0:0]
    14/79: $8\req0_grant[0:0]
    15/79: $9\sel_wdata[511:0]
    16/79: $9\sel_addr[19:0]
    17/79: $9\sel_wr[0:0]
    18/79: $9\sel_id[1:0]
    19/79: $9\sel_valid[0:0]
    20/79: $6\req2_grant[0:0]
    21/79: $7\req1_grant[0:0]
    22/79: $6\req1_grant[0:0]
    23/79: $8\sel_wdata[511:0]
    24/79: $8\sel_addr[19:0]
    25/79: $8\sel_wr[0:0]
    26/79: $8\sel_id[1:0]
    27/79: $8\sel_valid[0:0]
    28/79: $7\req0_grant[0:0]
    29/79: $7\sel_wdata[511:0]
    30/79: $7\sel_addr[19:0]
    31/79: $7\sel_wr[0:0]
    32/79: $7\sel_id[1:0]
    33/79: $7\sel_valid[0:0]
    34/79: $5\req1_grant[0:0]
    35/79: $5\req2_grant[0:0]
    36/79: $6\sel_wdata[511:0]
    37/79: $6\sel_addr[19:0]
    38/79: $6\sel_wr[0:0]
    39/79: $6\sel_id[1:0]
    40/79: $6\sel_valid[0:0]
    41/79: $4\req1_grant[0:0]
    42/79: $6\req0_grant[0:0]
    43/79: $5\sel_id[1:0]
    44/79: $5\sel_wdata[511:0]
    45/79: $5\sel_addr[19:0]
    46/79: $5\sel_wr[0:0]
    47/79: $5\sel_valid[0:0]
    48/79: $4\req2_grant[0:0]
    49/79: $3\req1_grant[0:0]
    50/79: $5\req0_grant[0:0]
    51/79: $4\req0_grant[0:0]
    52/79: $4\sel_wdata[511:0]
    53/79: $4\sel_addr[19:0]
    54/79: $4\sel_wr[0:0]
    55/79: $4\sel_id[1:0]
    56/79: $4\sel_valid[0:0]
    57/79: $3\req2_grant[0:0]
    58/79: $3\sel_wdata[511:0]
    59/79: $3\sel_addr[19:0]
    60/79: $3\sel_wr[0:0]
    61/79: $3\sel_id[1:0]
    62/79: $3\sel_valid[0:0]
    63/79: $3\req0_grant[0:0]
    64/79: $2\req1_grant[0:0]
    65/79: $2\sel_wdata[511:0]
    66/79: $2\sel_addr[19:0]
    67/79: $2\sel_wr[0:0]
    68/79: $2\sel_id[1:0]
    69/79: $2\sel_valid[0:0]
    70/79: $2\req2_grant[0:0]
    71/79: $2\req0_grant[0:0]
    72/79: $1\sel_id[1:0]
    73/79: $1\sel_wdata[511:0]
    74/79: $1\sel_addr[19:0]
    75/79: $1\sel_wr[0:0]
    76/79: $1\sel_valid[0:0]
    77/79: $1\req2_grant[0:0]
    78/79: $1\req1_grant[0:0]
    79/79: $1\req0_grant[0:0]
Creating decoders for process `$paramod$ab86d88a3b6c1893b2a2269934377cc3a0e95108\db_coalescer.$proc$src/db_coalescer.v:83$2559'.
     1/102: $4$mem2reg_rd$\timer$src/db_coalescer.v:121$2358_DATA[6:0]$2800
     2/102: $4$mem2reg_rd$\timer_active$src/db_coalescer.v:121$2357_DATA[0:0]$2799
     3/102: $3$mem2reg_rd$\timer$src/db_coalescer.v:121$2358_DATA[6:0]$2798
     4/102: $3$mem2reg_rd$\timer$src/db_coalescer.v:121$2358_ADDR[3:0]$2797
     5/102: $3$mem2reg_rd$\timer_active$src/db_coalescer.v:121$2357_DATA[0:0]$2796
     6/102: $3$mem2reg_rd$\timer_active$src/db_coalescer.v:121$2357_ADDR[3:0]$2795
     7/102: $3$memwr$\db_count$src/db_coalescer.v:105$2409_EN[2:0]$2710
     8/102: $3$memwr$\db_count$src/db_coalescer.v:105$2409_DATA[2:0]$2709
     9/102: $3$memwr$\db_count$src/db_coalescer.v:105$2409_ADDR[3:0]$2708
    10/102: $3$memwr$\latest_is_sq$src/db_coalescer.v:104$2408_EN[0:0]$2707
    11/102: $3$memwr$\latest_is_sq$src/db_coalescer.v:104$2408_DATA[0:0]$2706
    12/102: $3$memwr$\latest_is_sq$src/db_coalescer.v:104$2408_ADDR[3:0]$2705
    13/102: $3$memwr$\latest_tail$src/db_coalescer.v:103$2407_EN[15:0]$2704
    14/102: $3$memwr$\latest_tail$src/db_coalescer.v:103$2407_DATA[15:0]$2703
    15/102: $3$memwr$\latest_tail$src/db_coalescer.v:103$2407_ADDR[3:0]$2702
    16/102: $5\i[31:0]
    17/102: $2$memwr$\db_count$src/db_coalescer.v:105$2409_EN[2:0]$2699
    18/102: $2$memwr$\db_count$src/db_coalescer.v:105$2409_DATA[2:0]$2698
    19/102: $2$memwr$\db_count$src/db_coalescer.v:105$2409_ADDR[3:0]$2697
    20/102: $2$memwr$\latest_is_sq$src/db_coalescer.v:104$2408_EN[0:0]$2696
    21/102: $2$memwr$\latest_is_sq$src/db_coalescer.v:104$2408_DATA[0:0]$2695
    22/102: $2$memwr$\latest_is_sq$src/db_coalescer.v:104$2408_ADDR[3:0]$2694
    23/102: $2$memwr$\latest_tail$src/db_coalescer.v:103$2407_EN[15:0]$2693
    24/102: $2$memwr$\latest_tail$src/db_coalescer.v:103$2407_DATA[15:0]$2692
    25/102: $2$memwr$\latest_tail$src/db_coalescer.v:103$2407_ADDR[3:0]$2691
    26/102: $4\i[31:0]
    27/102: $2$memwr$\db_count$src/db_coalescer.v:133$2410_EN[2:0]$2701
    28/102: $2$memwr$\db_count$src/db_coalescer.v:133$2410_ADDR[3:0]$2700
    29/102: $2$mem2reg_rd$\timer$src/db_coalescer.v:121$2358_DATA[6:0]$2690
    30/102: $2$mem2reg_rd$\timer$src/db_coalescer.v:121$2358_ADDR[3:0]$2689
    31/102: $2$mem2reg_rd$\timer_active$src/db_coalescer.v:121$2357_DATA[0:0]$2688
    32/102: $2$mem2reg_rd$\timer_active$src/db_coalescer.v:121$2357_ADDR[3:0]$2687
    33/102: $3\i[31:0]
    34/102: $1$memwr$\db_count$src/db_coalescer.v:94$2406_EN[2:0]$2675
    35/102: $1$memwr$\latest_is_sq$src/db_coalescer.v:93$2405_EN[0:0]$2674
    36/102: $1$memwr$\latest_tail$src/db_coalescer.v:92$2404_EN[15:0]$2673
    37/102: $1$memwr$\db_count$src/db_coalescer.v:94$2403_EN[2:0]$2672
    38/102: $1$memwr$\latest_is_sq$src/db_coalescer.v:93$2402_EN[0:0]$2671
    39/102: $1$memwr$\latest_tail$src/db_coalescer.v:92$2401_EN[15:0]$2670
    40/102: $1$memwr$\db_count$src/db_coalescer.v:94$2400_EN[2:0]$2669
    41/102: $1$memwr$\latest_is_sq$src/db_coalescer.v:93$2399_EN[0:0]$2668
    42/102: $1$memwr$\latest_tail$src/db_coalescer.v:92$2398_EN[15:0]$2667
    43/102: $1$memwr$\db_count$src/db_coalescer.v:94$2397_EN[2:0]$2666
    44/102: $1$memwr$\latest_is_sq$src/db_coalescer.v:93$2396_EN[0:0]$2665
    45/102: $1$memwr$\latest_tail$src/db_coalescer.v:92$2395_EN[15:0]$2664
    46/102: $1$memwr$\db_count$src/db_coalescer.v:94$2394_EN[2:0]$2663
    47/102: $1$memwr$\latest_is_sq$src/db_coalescer.v:93$2393_EN[0:0]$2662
    48/102: $1$memwr$\latest_tail$src/db_coalescer.v:92$2392_EN[15:0]$2661
    49/102: $1$memwr$\db_count$src/db_coalescer.v:94$2391_EN[2:0]$2660
    50/102: $1$memwr$\latest_is_sq$src/db_coalescer.v:93$2390_EN[0:0]$2659
    51/102: $1$memwr$\latest_tail$src/db_coalescer.v:92$2389_EN[15:0]$2658
    52/102: $1$memwr$\db_count$src/db_coalescer.v:94$2388_EN[2:0]$2657
    53/102: $1$memwr$\latest_is_sq$src/db_coalescer.v:93$2387_EN[0:0]$2656
    54/102: $1$memwr$\latest_tail$src/db_coalescer.v:92$2386_EN[15:0]$2655
    55/102: $1$memwr$\db_count$src/db_coalescer.v:94$2385_EN[2:0]$2654
    56/102: $1$memwr$\latest_is_sq$src/db_coalescer.v:93$2384_EN[0:0]$2653
    57/102: $1$memwr$\latest_tail$src/db_coalescer.v:92$2383_EN[15:0]$2652
    58/102: $1$memwr$\db_count$src/db_coalescer.v:94$2382_EN[2:0]$2651
    59/102: $1$memwr$\latest_is_sq$src/db_coalescer.v:93$2381_EN[0:0]$2650
    60/102: $1$memwr$\latest_tail$src/db_coalescer.v:92$2380_EN[15:0]$2649
    61/102: $1$memwr$\db_count$src/db_coalescer.v:94$2379_EN[2:0]$2648
    62/102: $1$memwr$\latest_is_sq$src/db_coalescer.v:93$2378_EN[0:0]$2647
    63/102: $1$memwr$\latest_tail$src/db_coalescer.v:92$2377_EN[15:0]$2646
    64/102: $1$memwr$\db_count$src/db_coalescer.v:94$2376_EN[2:0]$2645
    65/102: $1$memwr$\latest_is_sq$src/db_coalescer.v:93$2375_EN[0:0]$2644
    66/102: $1$memwr$\latest_tail$src/db_coalescer.v:92$2374_EN[15:0]$2643
    67/102: $1$memwr$\db_count$src/db_coalescer.v:94$2373_EN[2:0]$2642
    68/102: $1$memwr$\latest_is_sq$src/db_coalescer.v:93$2372_EN[0:0]$2641
    69/102: $1$memwr$\latest_tail$src/db_coalescer.v:92$2371_EN[15:0]$2640
    70/102: $1$memwr$\db_count$src/db_coalescer.v:94$2370_EN[2:0]$2639
    71/102: $1$memwr$\latest_is_sq$src/db_coalescer.v:93$2369_EN[0:0]$2638
    72/102: $1$memwr$\latest_tail$src/db_coalescer.v:92$2368_EN[15:0]$2637
    73/102: $1$memwr$\db_count$src/db_coalescer.v:94$2367_EN[2:0]$2636
    74/102: $1$memwr$\latest_is_sq$src/db_coalescer.v:93$2366_EN[0:0]$2635
    75/102: $1$memwr$\latest_tail$src/db_coalescer.v:92$2365_EN[15:0]$2634
    76/102: $1$memwr$\db_count$src/db_coalescer.v:94$2364_EN[2:0]$2633
    77/102: $1$memwr$\latest_is_sq$src/db_coalescer.v:93$2363_EN[0:0]$2632
    78/102: $1$memwr$\latest_tail$src/db_coalescer.v:92$2362_EN[15:0]$2631
    79/102: $1$memwr$\db_count$src/db_coalescer.v:94$2361_EN[2:0]$2630
    80/102: $1$memwr$\latest_is_sq$src/db_coalescer.v:93$2360_EN[0:0]$2629
    81/102: $1$memwr$\latest_tail$src/db_coalescer.v:92$2359_EN[15:0]$2628
    82/102: $0\dev_db_valid[0:0]
    83/102: $1$memwr$\db_count$src/db_coalescer.v:133$2410_EN[2:0]$2686
    84/102: $1$memwr$\db_count$src/db_coalescer.v:133$2410_ADDR[3:0]$2685
    85/102: $1$memwr$\db_count$src/db_coalescer.v:105$2409_EN[2:0]$2684
    86/102: $1$memwr$\db_count$src/db_coalescer.v:105$2409_DATA[2:0]$2683
    87/102: $1$memwr$\db_count$src/db_coalescer.v:105$2409_ADDR[3:0]$2682
    88/102: $1$memwr$\latest_is_sq$src/db_coalescer.v:104$2408_EN[0:0]$2681
    89/102: $1$memwr$\latest_is_sq$src/db_coalescer.v:104$2408_DATA[0:0]$2680
    90/102: $1$memwr$\latest_is_sq$src/db_coalescer.v:104$2408_ADDR[3:0]$2679
    91/102: $1$memwr$\latest_tail$src/db_coalescer.v:103$2407_EN[15:0]$2678
    92/102: $1$memwr$\latest_tail$src/db_coalescer.v:103$2407_DATA[15:0]$2677
    93/102: $1$memwr$\latest_tail$src/db_coalescer.v:103$2407_ADDR[3:0]$2676
    94/102: $1$mem2reg_rd$\timer$src/db_coalescer.v:121$2358_DATA[6:0]$2627
    95/102: $1$mem2reg_rd$\timer$src/db_coalescer.v:121$2358_ADDR[3:0]$2626
    96/102: $1$mem2reg_rd$\timer_active$src/db_coalescer.v:121$2357_DATA[0:0]$2625
    97/102: $1$mem2reg_rd$\timer_active$src/db_coalescer.v:121$2357_ADDR[3:0]$2624
    98/102: $0\cur_qid[3:0]
    99/102: $0\state[1:0]
   100/102: $0\dev_db_is_sq[0:0]
   101/102: $0\dev_db_tail[15:0]
   102/102: $0\dev_db_qid[3:0]
Creating decoders for process `$paramod$ab86d88a3b6c1893b2a2269934377cc3a0e95108\db_coalescer.$proc$src/db_coalescer.v:59$2413'.
     1/33: $1\i[31:0]
     2/33: $0\timer_active[15][0:0]
     3/33: $0\timer_active[14][0:0]
     4/33: $0\timer_active[13][0:0]
     5/33: $0\timer_active[12][0:0]
     6/33: $0\timer_active[11][0:0]
     7/33: $0\timer_active[10][0:0]
     8/33: $0\timer_active[9][0:0]
     9/33: $0\timer_active[8][0:0]
    10/33: $0\timer_active[7][0:0]
    11/33: $0\timer_active[6][0:0]
    12/33: $0\timer_active[5][0:0]
    13/33: $0\timer_active[4][0:0]
    14/33: $0\timer_active[3][0:0]
    15/33: $0\timer_active[2][0:0]
    16/33: $0\timer_active[1][0:0]
    17/33: $0\timer_active[0][0:0]
    18/33: $0\timer[15][6:0]
    19/33: $0\timer[14][6:0]
    20/33: $0\timer[13][6:0]
    21/33: $0\timer[12][6:0]
    22/33: $0\timer[11][6:0]
    23/33: $0\timer[10][6:0]
    24/33: $0\timer[9][6:0]
    25/33: $0\timer[8][6:0]
    26/33: $0\timer[7][6:0]
    27/33: $0\timer[6][6:0]
    28/33: $0\timer[5][6:0]
    29/33: $0\timer[4][6:0]
    30/33: $0\timer[3][6:0]
    31/33: $0\timer[2][6:0]
    32/33: $0\timer[1][6:0]
    33/33: $0\timer[0][6:0]
Creating decoders for process `$paramod$6ac47b2b9d882f0673984cb306e937a1a878bb82\cq_engine.$proc$src/cq_engine.v:113$2150'.
     1/70: $3$memwr$\batch_count$src/cq_engine.v:167$1902_EN[3:0]$2343
     2/70: $3$memwr$\batch_count$src/cq_engine.v:167$1902_DATA[3:0]$2342
     3/70: $3$memwr$\batch_count$src/cq_engine.v:167$1902_ADDR[3:0]$2341
     4/70: $3$memwr$\cq_tail$src/cq_engine.v:165$1901_EN[5:0]$2340
     5/70: $3$memwr$\cq_tail$src/cq_engine.v:165$1901_DATA[5:0]$2339
     6/70: $3$memwr$\cq_tail$src/cq_engine.v:165$1901_ADDR[3:0]$2338
     7/70: $5\i[31:0]
     8/70: $4\i[31:0]
     9/70: $2$memwr$\batch_count$src/cq_engine.v:205$1903_EN[3:0]$2239
    10/70: $2$memwr$\batch_count$src/cq_engine.v:205$1903_ADDR[3:0]$2238
    11/70: $2$memwr$\batch_count$src/cq_engine.v:167$1902_EN[3:0]$2237
    12/70: $2$memwr$\batch_count$src/cq_engine.v:167$1902_DATA[3:0]$2236
    13/70: $2$memwr$\batch_count$src/cq_engine.v:167$1902_ADDR[3:0]$2235
    14/70: $2$memwr$\cq_tail$src/cq_engine.v:165$1901_EN[5:0]$2234
    15/70: $2$memwr$\cq_tail$src/cq_engine.v:165$1901_DATA[5:0]$2233
    16/70: $2$memwr$\cq_tail$src/cq_engine.v:165$1901_ADDR[3:0]$2232
    17/70: $3\i[31:0]
    18/70: $1$memwr$\batch_count$src/cq_engine.v:130$1900_EN[3:0]$2223
    19/70: $1$memwr$\cq_tail$src/cq_engine.v:129$1899_EN[5:0]$2222
    20/70: $1$memwr$\batch_count$src/cq_engine.v:130$1898_EN[3:0]$2221
    21/70: $1$memwr$\cq_tail$src/cq_engine.v:129$1897_EN[5:0]$2220
    22/70: $1$memwr$\batch_count$src/cq_engine.v:130$1896_EN[3:0]$2219
    23/70: $1$memwr$\cq_tail$src/cq_engine.v:129$1895_EN[5:0]$2218
    24/70: $1$memwr$\batch_count$src/cq_engine.v:130$1894_EN[3:0]$2217
    25/70: $1$memwr$\cq_tail$src/cq_engine.v:129$1893_EN[5:0]$2216
    26/70: $1$memwr$\batch_count$src/cq_engine.v:130$1892_EN[3:0]$2215
    27/70: $1$memwr$\cq_tail$src/cq_engine.v:129$1891_EN[5:0]$2214
    28/70: $1$memwr$\batch_count$src/cq_engine.v:130$1890_EN[3:0]$2213
    29/70: $1$memwr$\cq_tail$src/cq_engine.v:129$1889_EN[5:0]$2212
    30/70: $1$memwr$\batch_count$src/cq_engine.v:130$1888_EN[3:0]$2211
    31/70: $1$memwr$\cq_tail$src/cq_engine.v:129$1887_EN[5:0]$2210
    32/70: $1$memwr$\batch_count$src/cq_engine.v:130$1886_EN[3:0]$2209
    33/70: $1$memwr$\cq_tail$src/cq_engine.v:129$1885_EN[5:0]$2208
    34/70: $1$memwr$\batch_count$src/cq_engine.v:130$1884_EN[3:0]$2207
    35/70: $1$memwr$\cq_tail$src/cq_engine.v:129$1883_EN[5:0]$2206
    36/70: $1$memwr$\batch_count$src/cq_engine.v:130$1882_EN[3:0]$2205
    37/70: $1$memwr$\cq_tail$src/cq_engine.v:129$1881_EN[5:0]$2204
    38/70: $1$memwr$\batch_count$src/cq_engine.v:130$1880_EN[3:0]$2203
    39/70: $1$memwr$\cq_tail$src/cq_engine.v:129$1879_EN[5:0]$2202
    40/70: $1$memwr$\batch_count$src/cq_engine.v:130$1878_EN[3:0]$2201
    41/70: $1$memwr$\cq_tail$src/cq_engine.v:129$1877_EN[5:0]$2200
    42/70: $1$memwr$\batch_count$src/cq_engine.v:130$1876_EN[3:0]$2199
    43/70: $1$memwr$\cq_tail$src/cq_engine.v:129$1875_EN[5:0]$2198
    44/70: $1$memwr$\batch_count$src/cq_engine.v:130$1874_EN[3:0]$2197
    45/70: $1$memwr$\cq_tail$src/cq_engine.v:129$1873_EN[5:0]$2196
    46/70: $1$memwr$\batch_count$src/cq_engine.v:130$1872_EN[3:0]$2195
    47/70: $1$memwr$\cq_tail$src/cq_engine.v:129$1871_EN[5:0]$2194
    48/70: $1$memwr$\batch_count$src/cq_engine.v:130$1870_EN[3:0]$2193
    49/70: $1$memwr$\cq_tail$src/cq_engine.v:129$1869_EN[5:0]$2192
    50/70: $0\dma_wr_req[0:0]
    51/70: $0\credit_inc[0:0]
    52/70: $0\sram_req[0:0]
    53/70: $1$memwr$\batch_count$src/cq_engine.v:205$1903_EN[3:0]$2231
    54/70: $1$memwr$\batch_count$src/cq_engine.v:205$1903_ADDR[3:0]$2230
    55/70: $1$memwr$\batch_count$src/cq_engine.v:167$1902_EN[3:0]$2229
    56/70: $1$memwr$\batch_count$src/cq_engine.v:167$1902_DATA[3:0]$2228
    57/70: $1$memwr$\batch_count$src/cq_engine.v:167$1902_ADDR[3:0]$2227
    58/70: $1$memwr$\cq_tail$src/cq_engine.v:165$1901_EN[5:0]$2226
    59/70: $1$memwr$\cq_tail$src/cq_engine.v:165$1901_DATA[5:0]$2225
    60/70: $1$memwr$\cq_tail$src/cq_engine.v:165$1901_ADDR[3:0]$2224
    61/70: $0\flush_idx[5:0]
    62/70: $0\flush_count[3:0]
    63/70: $0\cur_cqe[127:0]
    64/70: $0\dma_wr_data[127:0]
    65/70: $0\dma_wr_addr[63:0]
    66/70: $0\sram_wdata[511:0]
    67/70: $0\sram_addr[19:0]
    68/70: $0\sram_wr[0:0]
    69/70: $0\cur_qid[3:0]
    70/70: $0\state[2:0]
Creating decoders for process `$paramod$6ac47b2b9d882f0673984cb306e937a1a878bb82\cq_engine.$proc$src/cq_engine.v:90$1940'.
     1/33: $1\i[31:0]
     2/33: $0\timer_active[15][0:0]
     3/33: $0\timer_active[14][0:0]
     4/33: $0\timer_active[13][0:0]
     5/33: $0\timer_active[12][0:0]
     6/33: $0\timer_active[11][0:0]
     7/33: $0\timer_active[10][0:0]
     8/33: $0\timer_active[9][0:0]
     9/33: $0\timer_active[8][0:0]
    10/33: $0\timer_active[7][0:0]
    11/33: $0\timer_active[6][0:0]
    12/33: $0\timer_active[5][0:0]
    13/33: $0\timer_active[4][0:0]
    14/33: $0\timer_active[3][0:0]
    15/33: $0\timer_active[2][0:0]
    16/33: $0\timer_active[1][0:0]
    17/33: $0\timer_active[0][0:0]
    18/33: $0\timer[15][9:0]
    19/33: $0\timer[14][9:0]
    20/33: $0\timer[13][9:0]
    21/33: $0\timer[12][9:0]
    22/33: $0\timer[11][9:0]
    23/33: $0\timer[10][9:0]
    24/33: $0\timer[9][9:0]
    25/33: $0\timer[8][9:0]
    26/33: $0\timer[7][9:0]
    27/33: $0\timer[6][9:0]
    28/33: $0\timer[5][9:0]
    29/33: $0\timer[4][9:0]
    30/33: $0\timer[3][9:0]
    31/33: $0\timer[2][9:0]
    32/33: $0\timer[1][9:0]
    33/33: $0\timer[0][9:0]
Creating decoders for process `$paramod$6ac47b2b9d882f0673984cb306e937a1a878bb82\cq_engine.$proc$src/cq_engine.v:76$1904'.
Creating decoders for process `$paramod$1ab8f550ab7ac183bdaea65dc5ae6560cdae7ad4\sq_engine.$proc$src/sq_engine.v:115$1568'.
     1/176: $3$memwr$\write_count$src/sq_engine.v:168$1549_EN[1:0]$1833
     2/176: $3$memwr$\write_count$src/sq_engine.v:168$1549_ADDR[3:0]$1832
     3/176: $3$memwr$\latch_w2$src/sq_engine.v:167$1548_EN[63:0]$1831
     4/176: $3$memwr$\latch_w2$src/sq_engine.v:167$1548_DATA[63:0]$1830
     5/176: $3$memwr$\latch_w2$src/sq_engine.v:167$1548_ADDR[3:0]$1829
     6/176: $3$memwr$\write_count$src/sq_engine.v:159$1547_EN[1:0]$1824
     7/176: $3$memwr$\write_count$src/sq_engine.v:159$1547_ADDR[3:0]$1823
     8/176: $3$memwr$\latch_w1$src/sq_engine.v:158$1546_EN[63:0]$1822
     9/176: $3$memwr$\latch_w1$src/sq_engine.v:158$1546_DATA[63:0]$1821
    10/176: $3$memwr$\latch_w1$src/sq_engine.v:158$1546_ADDR[3:0]$1820
    11/176: $4$memwr$\write_count$src/sq_engine.v:149$1545_EN[1:0]$1815
    12/176: $4$memwr$\write_count$src/sq_engine.v:149$1545_ADDR[3:0]$1814
    13/176: $4$memwr$\latch_w0$src/sq_engine.v:148$1544_EN[63:0]$1813
    14/176: $4$memwr$\latch_w0$src/sq_engine.v:148$1544_DATA[63:0]$1812
    15/176: $4$memwr$\latch_w0$src/sq_engine.v:148$1544_ADDR[3:0]$1811
    16/176: $3$memwr$\write_count$src/sq_engine.v:149$1545_EN[1:0]$1809
    17/176: $3$memwr$\write_count$src/sq_engine.v:149$1545_ADDR[3:0]$1808
    18/176: $3$memwr$\latch_w0$src/sq_engine.v:148$1544_EN[63:0]$1807
    19/176: $3$memwr$\latch_w0$src/sq_engine.v:148$1544_DATA[63:0]$1806
    20/176: $3$memwr$\latch_w0$src/sq_engine.v:148$1544_ADDR[3:0]$1805
    21/176: $2$memwr$\write_count$src/sq_engine.v:149$1545_EN[1:0]$1784
    22/176: $2$memwr$\write_count$src/sq_engine.v:149$1545_ADDR[3:0]$1783
    23/176: $2$memwr$\latch_w0$src/sq_engine.v:148$1544_EN[63:0]$1782
    24/176: $2$memwr$\latch_w0$src/sq_engine.v:148$1544_DATA[63:0]$1781
    25/176: $2$memwr$\latch_w0$src/sq_engine.v:148$1544_ADDR[3:0]$1780
    26/176: $2$memwr$\cid_counter$src/sq_engine.v:185$1557_EN[5:0]$1804
    27/176: $2$memwr$\cid_counter$src/sq_engine.v:185$1557_DATA[5:0]$1803
    28/176: $2$memwr$\cid_counter$src/sq_engine.v:185$1557_ADDR[3:0]$1802
    29/176: $2$mem2bits$\latch_w1$src/sq_engine.v:180$1556[63:0]$1801
    30/176: $2$mem2bits$\latch_w1$src/sq_engine.v:179$1555[63:0]$1800
    31/176: $2$mem2bits$\latch_w1$src/sq_engine.v:178$1554[63:0]$1799
    32/176: $2$mem2bits$\latch_w0$src/sq_engine.v:178$1553[63:0]$1798
    33/176: $2$mem2bits$\latch_w0$src/sq_engine.v:177$1552[63:0]$1797
    34/176: $2$mem2bits$\latch_w0$src/sq_engine.v:176$1551[63:0]$1796
    35/176: $2$mem2bits$\latch_w0$src/sq_engine.v:175$1550[63:0]$1795
    36/176: $2$memwr$\write_count$src/sq_engine.v:168$1549_EN[1:0]$1794
    37/176: $2$memwr$\write_count$src/sq_engine.v:168$1549_ADDR[3:0]$1793
    38/176: $2$memwr$\latch_w2$src/sq_engine.v:167$1548_EN[63:0]$1792
    39/176: $2$memwr$\latch_w2$src/sq_engine.v:167$1548_DATA[63:0]$1791
    40/176: $2$memwr$\latch_w2$src/sq_engine.v:167$1548_ADDR[3:0]$1790
    41/176: $2$memwr$\write_count$src/sq_engine.v:159$1547_EN[1:0]$1789
    42/176: $2$memwr$\write_count$src/sq_engine.v:159$1547_ADDR[3:0]$1788
    43/176: $2$memwr$\latch_w1$src/sq_engine.v:158$1546_EN[63:0]$1787
    44/176: $2$memwr$\latch_w1$src/sq_engine.v:158$1546_DATA[63:0]$1786
    45/176: $2$memwr$\latch_w1$src/sq_engine.v:158$1546_ADDR[3:0]$1785
    46/176: $1\i[31:0]
    47/176: $1$memwr$\cid_counter$src/sq_engine.v:133$1543_EN[5:0]$1754
    48/176: $1$memwr$\write_count$src/sq_engine.v:132$1542_EN[1:0]$1753
    49/176: $1$memwr$\latch_w2$src/sq_engine.v:131$1541_EN[63:0]$1752
    50/176: $1$memwr$\latch_w1$src/sq_engine.v:131$1540_EN[63:0]$1751
    51/176: $1$memwr$\latch_w0$src/sq_engine.v:131$1539_EN[63:0]$1750
    52/176: $1$memwr$\cid_counter$src/sq_engine.v:133$1538_EN[5:0]$1749
    53/176: $1$memwr$\write_count$src/sq_engine.v:132$1537_EN[1:0]$1748
    54/176: $1$memwr$\latch_w2$src/sq_engine.v:131$1536_EN[63:0]$1747
    55/176: $1$memwr$\latch_w1$src/sq_engine.v:131$1535_EN[63:0]$1746
    56/176: $1$memwr$\latch_w0$src/sq_engine.v:131$1534_EN[63:0]$1745
    57/176: $1$memwr$\cid_counter$src/sq_engine.v:133$1533_EN[5:0]$1744
    58/176: $1$memwr$\write_count$src/sq_engine.v:132$1532_EN[1:0]$1743
    59/176: $1$memwr$\latch_w2$src/sq_engine.v:131$1531_EN[63:0]$1742
    60/176: $1$memwr$\latch_w1$src/sq_engine.v:131$1530_EN[63:0]$1741
    61/176: $1$memwr$\latch_w0$src/sq_engine.v:131$1529_EN[63:0]$1740
    62/176: $1$memwr$\cid_counter$src/sq_engine.v:133$1528_EN[5:0]$1739
    63/176: $1$memwr$\write_count$src/sq_engine.v:132$1527_EN[1:0]$1738
    64/176: $1$memwr$\latch_w2$src/sq_engine.v:131$1526_EN[63:0]$1737
    65/176: $1$memwr$\latch_w1$src/sq_engine.v:131$1525_EN[63:0]$1736
    66/176: $1$memwr$\latch_w0$src/sq_engine.v:131$1524_EN[63:0]$1735
    67/176: $1$memwr$\cid_counter$src/sq_engine.v:133$1523_EN[5:0]$1734
    68/176: $1$memwr$\write_count$src/sq_engine.v:132$1522_EN[1:0]$1733
    69/176: $1$memwr$\latch_w2$src/sq_engine.v:131$1521_EN[63:0]$1732
    70/176: $1$memwr$\latch_w1$src/sq_engine.v:131$1520_EN[63:0]$1731
    71/176: $1$memwr$\latch_w0$src/sq_engine.v:131$1519_EN[63:0]$1730
    72/176: $1$memwr$\cid_counter$src/sq_engine.v:133$1518_EN[5:0]$1729
    73/176: $1$memwr$\write_count$src/sq_engine.v:132$1517_EN[1:0]$1728
    74/176: $1$memwr$\latch_w2$src/sq_engine.v:131$1516_EN[63:0]$1727
    75/176: $1$memwr$\latch_w1$src/sq_engine.v:131$1515_EN[63:0]$1726
    76/176: $1$memwr$\latch_w0$src/sq_engine.v:131$1514_EN[63:0]$1725
    77/176: $1$memwr$\cid_counter$src/sq_engine.v:133$1513_EN[5:0]$1724
    78/176: $1$memwr$\write_count$src/sq_engine.v:132$1512_EN[1:0]$1723
    79/176: $1$memwr$\latch_w2$src/sq_engine.v:131$1511_EN[63:0]$1722
    80/176: $1$memwr$\latch_w1$src/sq_engine.v:131$1510_EN[63:0]$1721
    81/176: $1$memwr$\latch_w0$src/sq_engine.v:131$1509_EN[63:0]$1720
    82/176: $1$memwr$\cid_counter$src/sq_engine.v:133$1508_EN[5:0]$1719
    83/176: $1$memwr$\write_count$src/sq_engine.v:132$1507_EN[1:0]$1718
    84/176: $1$memwr$\latch_w2$src/sq_engine.v:131$1506_EN[63:0]$1717
    85/176: $1$memwr$\latch_w1$src/sq_engine.v:131$1505_EN[63:0]$1716
    86/176: $1$memwr$\latch_w0$src/sq_engine.v:131$1504_EN[63:0]$1715
    87/176: $1$memwr$\cid_counter$src/sq_engine.v:133$1503_EN[5:0]$1714
    88/176: $1$memwr$\write_count$src/sq_engine.v:132$1502_EN[1:0]$1713
    89/176: $1$memwr$\latch_w2$src/sq_engine.v:131$1501_EN[63:0]$1712
    90/176: $1$memwr$\latch_w1$src/sq_engine.v:131$1500_EN[63:0]$1711
    91/176: $1$memwr$\latch_w0$src/sq_engine.v:131$1499_EN[63:0]$1710
    92/176: $1$memwr$\cid_counter$src/sq_engine.v:133$1498_EN[5:0]$1709
    93/176: $1$memwr$\write_count$src/sq_engine.v:132$1497_EN[1:0]$1708
    94/176: $1$memwr$\latch_w2$src/sq_engine.v:131$1496_EN[63:0]$1707
    95/176: $1$memwr$\latch_w1$src/sq_engine.v:131$1495_EN[63:0]$1706
    96/176: $1$memwr$\latch_w0$src/sq_engine.v:131$1494_EN[63:0]$1705
    97/176: $1$memwr$\cid_counter$src/sq_engine.v:133$1493_EN[5:0]$1704
    98/176: $1$memwr$\write_count$src/sq_engine.v:132$1492_EN[1:0]$1703
    99/176: $1$memwr$\latch_w2$src/sq_engine.v:131$1491_EN[63:0]$1702
   100/176: $1$memwr$\latch_w1$src/sq_engine.v:131$1490_EN[63:0]$1701
   101/176: $1$memwr$\latch_w0$src/sq_engine.v:131$1489_EN[63:0]$1700
   102/176: $1$memwr$\cid_counter$src/sq_engine.v:133$1488_EN[5:0]$1699
   103/176: $1$memwr$\write_count$src/sq_engine.v:132$1487_EN[1:0]$1698
   104/176: $1$memwr$\latch_w2$src/sq_engine.v:131$1486_EN[63:0]$1697
   105/176: $1$memwr$\latch_w1$src/sq_engine.v:131$1485_EN[63:0]$1696
   106/176: $1$memwr$\latch_w0$src/sq_engine.v:131$1484_EN[63:0]$1695
   107/176: $1$memwr$\cid_counter$src/sq_engine.v:133$1483_EN[5:0]$1694
   108/176: $1$memwr$\write_count$src/sq_engine.v:132$1482_EN[1:0]$1693
   109/176: $1$memwr$\latch_w2$src/sq_engine.v:131$1481_EN[63:0]$1692
   110/176: $1$memwr$\latch_w1$src/sq_engine.v:131$1480_EN[63:0]$1691
   111/176: $1$memwr$\latch_w0$src/sq_engine.v:131$1479_EN[63:0]$1690
   112/176: $1$memwr$\cid_counter$src/sq_engine.v:133$1478_EN[5:0]$1689
   113/176: $1$memwr$\write_count$src/sq_engine.v:132$1477_EN[1:0]$1688
   114/176: $1$memwr$\latch_w2$src/sq_engine.v:131$1476_EN[63:0]$1687
   115/176: $1$memwr$\latch_w1$src/sq_engine.v:131$1475_EN[63:0]$1686
   116/176: $1$memwr$\latch_w0$src/sq_engine.v:131$1474_EN[63:0]$1685
   117/176: $1$memwr$\cid_counter$src/sq_engine.v:133$1473_EN[5:0]$1684
   118/176: $1$memwr$\write_count$src/sq_engine.v:132$1472_EN[1:0]$1683
   119/176: $1$memwr$\latch_w2$src/sq_engine.v:131$1471_EN[63:0]$1682
   120/176: $1$memwr$\latch_w1$src/sq_engine.v:131$1470_EN[63:0]$1681
   121/176: $1$memwr$\latch_w0$src/sq_engine.v:131$1469_EN[63:0]$1680
   122/176: $1$memwr$\cid_counter$src/sq_engine.v:133$1468_EN[5:0]$1679
   123/176: $1$memwr$\write_count$src/sq_engine.v:132$1467_EN[1:0]$1678
   124/176: $1$memwr$\latch_w2$src/sq_engine.v:131$1466_EN[63:0]$1677
   125/176: $1$memwr$\latch_w1$src/sq_engine.v:131$1465_EN[63:0]$1676
   126/176: $1$memwr$\latch_w0$src/sq_engine.v:131$1464_EN[63:0]$1675
   127/176: $0\inject_done[0:0]
   128/176: $0\sq_ready[0:0]
   129/176: $0\credit_dec[0:0]
   130/176: $0\sram_req[0:0]
   131/176: $1$memwr$\cid_counter$src/sq_engine.v:185$1557_EN[5:0]$1779
   132/176: $1$memwr$\cid_counter$src/sq_engine.v:185$1557_DATA[5:0]$1778
   133/176: $1$memwr$\cid_counter$src/sq_engine.v:185$1557_ADDR[3:0]$1777
   134/176: $1$mem2bits$\latch_w1$src/sq_engine.v:180$1556[63:0]$1776
   135/176: $1$mem2bits$\latch_w1$src/sq_engine.v:179$1555[63:0]$1775
   136/176: $1$mem2bits$\latch_w1$src/sq_engine.v:178$1554[63:0]$1774
   137/176: $1$mem2bits$\latch_w0$src/sq_engine.v:178$1553[63:0]$1773
   138/176: $1$mem2bits$\latch_w0$src/sq_engine.v:177$1552[63:0]$1772
   139/176: $1$mem2bits$\latch_w0$src/sq_engine.v:176$1551[63:0]$1771
   140/176: $1$mem2bits$\latch_w0$src/sq_engine.v:175$1550[63:0]$1770
   141/176: $1$memwr$\write_count$src/sq_engine.v:168$1549_EN[1:0]$1769
   142/176: $1$memwr$\write_count$src/sq_engine.v:168$1549_ADDR[3:0]$1768
   143/176: $1$memwr$\latch_w2$src/sq_engine.v:167$1548_EN[63:0]$1767
   144/176: $1$memwr$\latch_w2$src/sq_engine.v:167$1548_DATA[63:0]$1766
   145/176: $1$memwr$\latch_w2$src/sq_engine.v:167$1548_ADDR[3:0]$1765
   146/176: $1$memwr$\write_count$src/sq_engine.v:159$1547_EN[1:0]$1764
   147/176: $1$memwr$\write_count$src/sq_engine.v:159$1547_ADDR[3:0]$1763
   148/176: $1$memwr$\latch_w1$src/sq_engine.v:158$1546_EN[63:0]$1762
   149/176: $1$memwr$\latch_w1$src/sq_engine.v:158$1546_DATA[63:0]$1761
   150/176: $1$memwr$\latch_w1$src/sq_engine.v:158$1546_ADDR[3:0]$1760
   151/176: $1$memwr$\write_count$src/sq_engine.v:149$1545_EN[1:0]$1759
   152/176: $1$memwr$\write_count$src/sq_engine.v:149$1545_ADDR[3:0]$1758
   153/176: $1$memwr$\latch_w0$src/sq_engine.v:148$1544_EN[63:0]$1757
   154/176: $1$memwr$\latch_w0$src/sq_engine.v:148$1544_DATA[63:0]$1756
   155/176: $1$memwr$\latch_w0$src/sq_engine.v:148$1544_ADDR[3:0]$1755
   156/176: $0\prp_was_list[0:0]
   157/176: $0\prp_was_simple[0:0]
   158/176: $0\prp_count[4:0]
   159/176: $0\prp_idx[4:0]
   160/176: $0\cur_prp2[63:0]
   161/176: $0\cur_prp1[63:0]
   162/176: $0\cur_transfer_size[31:0]
   163/176: $0\cur_cid[5:0]
   164/176: $0\cur_buf_addr[63:0]
   165/176: $0\cur_qpair_id[15:0]
   166/176: $0\cur_nlb[15:0]
   167/176: $0\cur_lba[63:0]
   168/176: $0\cur_nsid[15:0]
   169/176: $0\cur_flags[7:0]
   170/176: $0\cur_opcode[7:0]
   171/176: $0\sq_qid[3:0]
   172/176: $0\sram_wdata[511:0]
   173/176: $0\sram_addr[19:0]
   174/176: $0\sram_wr[0:0]
   175/176: $0\cur_qid[3:0]
   176/176: $0\state[3:0]
Creating decoders for process `$paramod\mmio_decoder\NUM_QUEUES=32'00000000000000000000000000010000.$proc$src/mmio_decoder.v:83$1463'.
     1/3: $2\mmio_rd_data[63:0]
     2/3: $1\mmio_rd_data[63:0]
     3/3: $1\mmio_rd_ready[0:0]
Creating decoders for process `$paramod\mmio_decoder\NUM_QUEUES=32'00000000000000000000000000010000.$proc$src/mmio_decoder.v:66$1455'.
     1/4: $1\db_wr_tail[15:0]
     2/4: $1\db_wr_is_sq[0:0]
     3/4: $1\db_wr_qid[3:0]
     4/4: $1\db_wr_valid[0:0]

22.2.8. Executing PROC_DLATCH pass (convert process syncs to latches).
No latch inferred for signal `$paramod\stat_counters\NUM_COUNTERS=s32'00000000000000000000000000001010.$mem2reg_rd$\counters$src/stat_counters.v:25$2821_DATA' from process `$paramod\stat_counters\NUM_COUNTERS=s32'00000000000000000000000000001010.$proc$src/stat_counters.v:25$2884'.
No latch inferred for signal `$paramod$4ae703b8fc723eab8ecd5deb995ec884b36614d4\sram_arbiter.\req0_grant' from process `$paramod$4ae703b8fc723eab8ecd5deb995ec884b36614d4\sram_arbiter.$proc$src/sram_arbiter_synth.v:68$2806'.
No latch inferred for signal `$paramod$4ae703b8fc723eab8ecd5deb995ec884b36614d4\sram_arbiter.\req1_grant' from process `$paramod$4ae703b8fc723eab8ecd5deb995ec884b36614d4\sram_arbiter.$proc$src/sram_arbiter_synth.v:68$2806'.
No latch inferred for signal `$paramod$4ae703b8fc723eab8ecd5deb995ec884b36614d4\sram_arbiter.\req2_grant' from process `$paramod$4ae703b8fc723eab8ecd5deb995ec884b36614d4\sram_arbiter.$proc$src/sram_arbiter_synth.v:68$2806'.
No latch inferred for signal `$paramod$4ae703b8fc723eab8ecd5deb995ec884b36614d4\sram_arbiter.\sel_valid' from process `$paramod$4ae703b8fc723eab8ecd5deb995ec884b36614d4\sram_arbiter.$proc$src/sram_arbiter_synth.v:68$2806'.
No latch inferred for signal `$paramod$4ae703b8fc723eab8ecd5deb995ec884b36614d4\sram_arbiter.\sel_wr' from process `$paramod$4ae703b8fc723eab8ecd5deb995ec884b36614d4\sram_arbiter.$proc$src/sram_arbiter_synth.v:68$2806'.
No latch inferred for signal `$paramod$4ae703b8fc723eab8ecd5deb995ec884b36614d4\sram_arbiter.\sel_addr' from process `$paramod$4ae703b8fc723eab8ecd5deb995ec884b36614d4\sram_arbiter.$proc$src/sram_arbiter_synth.v:68$2806'.
No latch inferred for signal `$paramod$4ae703b8fc723eab8ecd5deb995ec884b36614d4\sram_arbiter.\sel_wdata' from process `$paramod$4ae703b8fc723eab8ecd5deb995ec884b36614d4\sram_arbiter.$proc$src/sram_arbiter_synth.v:68$2806'.
No latch inferred for signal `$paramod$4ae703b8fc723eab8ecd5deb995ec884b36614d4\sram_arbiter.\sel_id' from process `$paramod$4ae703b8fc723eab8ecd5deb995ec884b36614d4\sram_arbiter.$proc$src/sram_arbiter_synth.v:68$2806'.
No latch inferred for signal `$paramod$6ac47b2b9d882f0673984cb306e937a1a878bb82\cq_engine.\hint_sum' from process `$paramod$6ac47b2b9d882f0673984cb306e937a1a878bb82\cq_engine.$proc$src/cq_engine.v:76$1904'.
No latch inferred for signal `$paramod$6ac47b2b9d882f0673984cb306e937a1a878bb82\cq_engine.\hi' from process `$paramod$6ac47b2b9d882f0673984cb306e937a1a878bb82\cq_engine.$proc$src/cq_engine.v:76$1904'.
No latch inferred for signal `$paramod\mmio_decoder\NUM_QUEUES=32'00000000000000000000000000010000.\mmio_rd_data' from process `$paramod\mmio_decoder\NUM_QUEUES=32'00000000000000000000000000010000.$proc$src/mmio_decoder.v:83$1463'.
No latch inferred for signal `$paramod\mmio_decoder\NUM_QUEUES=32'00000000000000000000000000010000.\mmio_rd_ready' from process `$paramod\mmio_decoder\NUM_QUEUES=32'00000000000000000000000000010000.$proc$src/mmio_decoder.v:83$1463'.
No latch inferred for signal `$paramod\mmio_decoder\NUM_QUEUES=32'00000000000000000000000000010000.\db_wr_valid' from process `$paramod\mmio_decoder\NUM_QUEUES=32'00000000000000000000000000010000.$proc$src/mmio_decoder.v:66$1455'.
No latch inferred for signal `$paramod\mmio_decoder\NUM_QUEUES=32'00000000000000000000000000010000.\db_wr_qid' from process `$paramod\mmio_decoder\NUM_QUEUES=32'00000000000000000000000000010000.$proc$src/mmio_decoder.v:66$1455'.
No latch inferred for signal `$paramod\mmio_decoder\NUM_QUEUES=32'00000000000000000000000000010000.\db_wr_tail' from process `$paramod\mmio_decoder\NUM_QUEUES=32'00000000000000000000000000010000.$proc$src/mmio_decoder.v:66$1455'.
No latch inferred for signal `$paramod\mmio_decoder\NUM_QUEUES=32'00000000000000000000000000010000.\db_wr_is_sq' from process `$paramod\mmio_decoder\NUM_QUEUES=32'00000000000000000000000000010000.$proc$src/mmio_decoder.v:66$1455'.

22.2.9. Executing PROC_DFF pass (convert process syncs to FFs).
Creating register for signal `$paramod\stat_counters\NUM_COUNTERS=s32'00000000000000000000000000001010.\counters[9]' using process `$paramod\stat_counters\NUM_COUNTERS=s32'00000000000000000000000000001010.$proc$src/stat_counters.v:30$2878'.
  created $dff cell `$procdff$6884' with positive edge clock.
Creating register for signal `$paramod\stat_counters\NUM_COUNTERS=s32'00000000000000000000000000001010.\counters[8]' using process `$paramod\stat_counters\NUM_COUNTERS=s32'00000000000000000000000000001010.$proc$src/stat_counters.v:30$2872'.
  created $dff cell `$procdff$6885' with positive edge clock.
Creating register for signal `$paramod\stat_counters\NUM_COUNTERS=s32'00000000000000000000000000001010.\counters[7]' using process `$paramod\stat_counters\NUM_COUNTERS=s32'00000000000000000000000000001010.$proc$src/stat_counters.v:30$2866'.
  created $dff cell `$procdff$6886' with positive edge clock.
Creating register for signal `$paramod\stat_counters\NUM_COUNTERS=s32'00000000000000000000000000001010.\counters[6]' using process `$paramod\stat_counters\NUM_COUNTERS=s32'00000000000000000000000000001010.$proc$src/stat_counters.v:30$2860'.
  created $dff cell `$procdff$6887' with positive edge clock.
Creating register for signal `$paramod\stat_counters\NUM_COUNTERS=s32'00000000000000000000000000001010.\counters[5]' using process `$paramod\stat_counters\NUM_COUNTERS=s32'00000000000000000000000000001010.$proc$src/stat_counters.v:30$2854'.
  created $dff cell `$procdff$6888' with positive edge clock.
Creating register for signal `$paramod\stat_counters\NUM_COUNTERS=s32'00000000000000000000000000001010.\counters[4]' using process `$paramod\stat_counters\NUM_COUNTERS=s32'00000000000000000000000000001010.$proc$src/stat_counters.v:30$2848'.
  created $dff cell `$procdff$6889' with positive edge clock.
Creating register for signal `$paramod\stat_counters\NUM_COUNTERS=s32'00000000000000000000000000001010.\counters[3]' using process `$paramod\stat_counters\NUM_COUNTERS=s32'00000000000000000000000000001010.$proc$src/stat_counters.v:30$2842'.
  created $dff cell `$procdff$6890' with positive edge clock.
Creating register for signal `$paramod\stat_counters\NUM_COUNTERS=s32'00000000000000000000000000001010.\counters[2]' using process `$paramod\stat_counters\NUM_COUNTERS=s32'00000000000000000000000000001010.$proc$src/stat_counters.v:30$2836'.
  created $dff cell `$procdff$6891' with positive edge clock.
Creating register for signal `$paramod\stat_counters\NUM_COUNTERS=s32'00000000000000000000000000001010.\counters[1]' using process `$paramod\stat_counters\NUM_COUNTERS=s32'00000000000000000000000000001010.$proc$src/stat_counters.v:30$2830'.
  created $dff cell `$procdff$6892' with positive edge clock.
Creating register for signal `$paramod\stat_counters\NUM_COUNTERS=s32'00000000000000000000000000001010.\counters[0]' using process `$paramod\stat_counters\NUM_COUNTERS=s32'00000000000000000000000000001010.$proc$src/stat_counters.v:30$2824'.
  created $dff cell `$procdff$6893' with positive edge clock.
Creating register for signal `$paramod\credit_manager\CREDITS_MAX=32'00000000000000000000000001000000.\credits' using process `$paramod\credit_manager\CREDITS_MAX=32'00000000000000000000000001000000.$proc$src/credit_manager.v:38$2815'.
  created $adff cell `$procdff$6898' with positive edge clock and positive level reset.
Creating register for signal `$paramod$4ae703b8fc723eab8ecd5deb995ec884b36614d4\sram_arbiter.\last_grant' using process `$paramod$4ae703b8fc723eab8ecd5deb995ec884b36614d4\sram_arbiter.$proc$src/sram_arbiter_synth.v:115$2809'.
  created $adff cell `$procdff$6903' with positive edge clock and positive level reset.
Creating register for signal `$paramod$4ae703b8fc723eab8ecd5deb995ec884b36614d4\sram_arbiter.\rdata_reg' using process `$paramod$4ae703b8fc723eab8ecd5deb995ec884b36614d4\sram_arbiter.$proc$src/sram_arbiter_synth.v:115$2809'.
  created $adff cell `$procdff$6908' with positive edge clock and positive level reset.
Creating register for signal `$paramod$ab86d88a3b6c1893b2a2269934377cc3a0e95108\db_coalescer.\i' using process `$paramod$ab86d88a3b6c1893b2a2269934377cc3a0e95108\db_coalescer.$proc$src/db_coalescer.v:83$2559'.
  created $dff cell `$procdff$6909' with positive edge clock.
Creating register for signal `$paramod$ab86d88a3b6c1893b2a2269934377cc3a0e95108\db_coalescer.\dev_db_valid' using process `$paramod$ab86d88a3b6c1893b2a2269934377cc3a0e95108\db_coalescer.$proc$src/db_coalescer.v:83$2559'.
  created $dff cell `$procdff$6910' with positive edge clock.
Creating register for signal `$paramod$ab86d88a3b6c1893b2a2269934377cc3a0e95108\db_coalescer.\dev_db_qid' using process `$paramod$ab86d88a3b6c1893b2a2269934377cc3a0e95108\db_coalescer.$proc$src/db_coalescer.v:83$2559'.
  created $dff cell `$procdff$6911' with positive edge clock.
Creating register for signal `$paramod$ab86d88a3b6c1893b2a2269934377cc3a0e95108\db_coalescer.\dev_db_tail' using process `$paramod$ab86d88a3b6c1893b2a2269934377cc3a0e95108\db_coalescer.$proc$src/db_coalescer.v:83$2559'.
  created $dff cell `$procdff$6912' with positive edge clock.
Creating register for signal `$paramod$ab86d88a3b6c1893b2a2269934377cc3a0e95108\db_coalescer.\dev_db_is_sq' using process `$paramod$ab86d88a3b6c1893b2a2269934377cc3a0e95108\db_coalescer.$proc$src/db_coalescer.v:83$2559'.
  created $dff cell `$procdff$6913' with positive edge clock.
Creating register for signal `$paramod$ab86d88a3b6c1893b2a2269934377cc3a0e95108\db_coalescer.\state' using process `$paramod$ab86d88a3b6c1893b2a2269934377cc3a0e95108\db_coalescer.$proc$src/db_coalescer.v:83$2559'.
  created $dff cell `$procdff$6914' with positive edge clock.
Creating register for signal `$paramod$ab86d88a3b6c1893b2a2269934377cc3a0e95108\db_coalescer.\cur_qid' using process `$paramod$ab86d88a3b6c1893b2a2269934377cc3a0e95108\db_coalescer.$proc$src/db_coalescer.v:83$2559'.
  created $dff cell `$procdff$6915' with positive edge clock.
Creating register for signal `$paramod$ab86d88a3b6c1893b2a2269934377cc3a0e95108\db_coalescer.$memwr$\latest_tail$src/db_coalescer.v:92$2359_EN' using process `$paramod$ab86d88a3b6c1893b2a2269934377cc3a0e95108\db_coalescer.$proc$src/db_coalescer.v:83$2559'.
  created $dff cell `$procdff$6916' with positive edge clock.
Creating register for signal `$paramod$ab86d88a3b6c1893b2a2269934377cc3a0e95108\db_coalescer.$memwr$\latest_is_sq$src/db_coalescer.v:93$2360_EN' using process `$paramod$ab86d88a3b6c1893b2a2269934377cc3a0e95108\db_coalescer.$proc$src/db_coalescer.v:83$2559'.
  created $dff cell `$procdff$6917' with positive edge clock.
Creating register for signal `$paramod$ab86d88a3b6c1893b2a2269934377cc3a0e95108\db_coalescer.$memwr$\db_count$src/db_coalescer.v:94$2361_EN' using process `$paramod$ab86d88a3b6c1893b2a2269934377cc3a0e95108\db_coalescer.$proc$src/db_coalescer.v:83$2559'.
  created $dff cell `$procdff$6918' with positive edge clock.
Creating register for signal `$paramod$ab86d88a3b6c1893b2a2269934377cc3a0e95108\db_coalescer.$memwr$\latest_tail$src/db_coalescer.v:92$2362_EN' using process `$paramod$ab86d88a3b6c1893b2a2269934377cc3a0e95108\db_coalescer.$proc$src/db_coalescer.v:83$2559'.
  created $dff cell `$procdff$6919' with positive edge clock.
Creating register for signal `$paramod$ab86d88a3b6c1893b2a2269934377cc3a0e95108\db_coalescer.$memwr$\latest_is_sq$src/db_coalescer.v:93$2363_EN' using process `$paramod$ab86d88a3b6c1893b2a2269934377cc3a0e95108\db_coalescer.$proc$src/db_coalescer.v:83$2559'.
  created $dff cell `$procdff$6920' with positive edge clock.
Creating register for signal `$paramod$ab86d88a3b6c1893b2a2269934377cc3a0e95108\db_coalescer.$memwr$\db_count$src/db_coalescer.v:94$2364_EN' using process `$paramod$ab86d88a3b6c1893b2a2269934377cc3a0e95108\db_coalescer.$proc$src/db_coalescer.v:83$2559'.
  created $dff cell `$procdff$6921' with positive edge clock.
Creating register for signal `$paramod$ab86d88a3b6c1893b2a2269934377cc3a0e95108\db_coalescer.$memwr$\latest_tail$src/db_coalescer.v:92$2365_EN' using process `$paramod$ab86d88a3b6c1893b2a2269934377cc3a0e95108\db_coalescer.$proc$src/db_coalescer.v:83$2559'.
  created $dff cell `$procdff$6922' with positive edge clock.
Creating register for signal `$paramod$ab86d88a3b6c1893b2a2269934377cc3a0e95108\db_coalescer.$memwr$\latest_is_sq$src/db_coalescer.v:93$2366_EN' using process `$paramod$ab86d88a3b6c1893b2a2269934377cc3a0e95108\db_coalescer.$proc$src/db_coalescer.v:83$2559'.
  created $dff cell `$procdff$6923' with positive edge clock.
Creating register for signal `$paramod$ab86d88a3b6c1893b2a2269934377cc3a0e95108\db_coalescer.$memwr$\db_count$src/db_coalescer.v:94$2367_EN' using process `$paramod$ab86d88a3b6c1893b2a2269934377cc3a0e95108\db_coalescer.$proc$src/db_coalescer.v:83$2559'.
  created $dff cell `$procdff$6924' with positive edge clock.
Creating register for signal `$paramod$ab86d88a3b6c1893b2a2269934377cc3a0e95108\db_coalescer.$memwr$\latest_tail$src/db_coalescer.v:92$2368_EN' using process `$paramod$ab86d88a3b6c1893b2a2269934377cc3a0e95108\db_coalescer.$proc$src/db_coalescer.v:83$2559'.
  created $dff cell `$procdff$6925' with positive edge clock.
Creating register for signal `$paramod$ab86d88a3b6c1893b2a2269934377cc3a0e95108\db_coalescer.$memwr$\latest_is_sq$src/db_coalescer.v:93$2369_EN' using process `$paramod$ab86d88a3b6c1893b2a2269934377cc3a0e95108\db_coalescer.$proc$src/db_coalescer.v:83$2559'.
  created $dff cell `$procdff$6926' with positive edge clock.
Creating register for signal `$paramod$ab86d88a3b6c1893b2a2269934377cc3a0e95108\db_coalescer.$memwr$\db_count$src/db_coalescer.v:94$2370_EN' using process `$paramod$ab86d88a3b6c1893b2a2269934377cc3a0e95108\db_coalescer.$proc$src/db_coalescer.v:83$2559'.
  created $dff cell `$procdff$6927' with positive edge clock.
Creating register for signal `$paramod$ab86d88a3b6c1893b2a2269934377cc3a0e95108\db_coalescer.$memwr$\latest_tail$src/db_coalescer.v:92$2371_EN' using process `$paramod$ab86d88a3b6c1893b2a2269934377cc3a0e95108\db_coalescer.$proc$src/db_coalescer.v:83$2559'.
  created $dff cell `$procdff$6928' with positive edge clock.
Creating register for signal `$paramod$ab86d88a3b6c1893b2a2269934377cc3a0e95108\db_coalescer.$memwr$\latest_is_sq$src/db_coalescer.v:93$2372_EN' using process `$paramod$ab86d88a3b6c1893b2a2269934377cc3a0e95108\db_coalescer.$proc$src/db_coalescer.v:83$2559'.
  created $dff cell `$procdff$6929' with positive edge clock.
Creating register for signal `$paramod$ab86d88a3b6c1893b2a2269934377cc3a0e95108\db_coalescer.$memwr$\db_count$src/db_coalescer.v:94$2373_EN' using process `$paramod$ab86d88a3b6c1893b2a2269934377cc3a0e95108\db_coalescer.$proc$src/db_coalescer.v:83$2559'.
  created $dff cell `$procdff$6930' with positive edge clock.
Creating register for signal `$paramod$ab86d88a3b6c1893b2a2269934377cc3a0e95108\db_coalescer.$memwr$\latest_tail$src/db_coalescer.v:92$2374_EN' using process `$paramod$ab86d88a3b6c1893b2a2269934377cc3a0e95108\db_coalescer.$proc$src/db_coalescer.v:83$2559'.
  created $dff cell `$procdff$6931' with positive edge clock.
Creating register for signal `$paramod$ab86d88a3b6c1893b2a2269934377cc3a0e95108\db_coalescer.$memwr$\latest_is_sq$src/db_coalescer.v:93$2375_EN' using process `$paramod$ab86d88a3b6c1893b2a2269934377cc3a0e95108\db_coalescer.$proc$src/db_coalescer.v:83$2559'.
  created $dff cell `$procdff$6932' with positive edge clock.
Creating register for signal `$paramod$ab86d88a3b6c1893b2a2269934377cc3a0e95108\db_coalescer.$memwr$\db_count$src/db_coalescer.v:94$2376_EN' using process `$paramod$ab86d88a3b6c1893b2a2269934377cc3a0e95108\db_coalescer.$proc$src/db_coalescer.v:83$2559'.
  created $dff cell `$procdff$6933' with positive edge clock.
Creating register for signal `$paramod$ab86d88a3b6c1893b2a2269934377cc3a0e95108\db_coalescer.$memwr$\latest_tail$src/db_coalescer.v:92$2377_EN' using process `$paramod$ab86d88a3b6c1893b2a2269934377cc3a0e95108\db_coalescer.$proc$src/db_coalescer.v:83$2559'.
  created $dff cell `$procdff$6934' with positive edge clock.
Creating register for signal `$paramod$ab86d88a3b6c1893b2a2269934377cc3a0e95108\db_coalescer.$memwr$\latest_is_sq$src/db_coalescer.v:93$2378_EN' using process `$paramod$ab86d88a3b6c1893b2a2269934377cc3a0e95108\db_coalescer.$proc$src/db_coalescer.v:83$2559'.
  created $dff cell `$procdff$6935' with positive edge clock.
Creating register for signal `$paramod$ab86d88a3b6c1893b2a2269934377cc3a0e95108\db_coalescer.$memwr$\db_count$src/db_coalescer.v:94$2379_EN' using process `$paramod$ab86d88a3b6c1893b2a2269934377cc3a0e95108\db_coalescer.$proc$src/db_coalescer.v:83$2559'.
  created $dff cell `$procdff$6936' with positive edge clock.
Creating register for signal `$paramod$ab86d88a3b6c1893b2a2269934377cc3a0e95108\db_coalescer.$memwr$\latest_tail$src/db_coalescer.v:92$2380_EN' using process `$paramod$ab86d88a3b6c1893b2a2269934377cc3a0e95108\db_coalescer.$proc$src/db_coalescer.v:83$2559'.
  created $dff cell `$procdff$6937' with positive edge clock.
Creating register for signal `$paramod$ab86d88a3b6c1893b2a2269934377cc3a0e95108\db_coalescer.$memwr$\latest_is_sq$src/db_coalescer.v:93$2381_EN' using process `$paramod$ab86d88a3b6c1893b2a2269934377cc3a0e95108\db_coalescer.$proc$src/db_coalescer.v:83$2559'.
  created $dff cell `$procdff$6938' with positive edge clock.
Creating register for signal `$paramod$ab86d88a3b6c1893b2a2269934377cc3a0e95108\db_coalescer.$memwr$\db_count$src/db_coalescer.v:94$2382_EN' using process `$paramod$ab86d88a3b6c1893b2a2269934377cc3a0e95108\db_coalescer.$proc$src/db_coalescer.v:83$2559'.
  created $dff cell `$procdff$6939' with positive edge clock.
Creating register for signal `$paramod$ab86d88a3b6c1893b2a2269934377cc3a0e95108\db_coalescer.$memwr$\latest_tail$src/db_coalescer.v:92$2383_EN' using process `$paramod$ab86d88a3b6c1893b2a2269934377cc3a0e95108\db_coalescer.$proc$src/db_coalescer.v:83$2559'.
  created $dff cell `$procdff$6940' with positive edge clock.
Creating register for signal `$paramod$ab86d88a3b6c1893b2a2269934377cc3a0e95108\db_coalescer.$memwr$\latest_is_sq$src/db_coalescer.v:93$2384_EN' using process `$paramod$ab86d88a3b6c1893b2a2269934377cc3a0e95108\db_coalescer.$proc$src/db_coalescer.v:83$2559'.
  created $dff cell `$procdff$6941' with positive edge clock.
Creating register for signal `$paramod$ab86d88a3b6c1893b2a2269934377cc3a0e95108\db_coalescer.$memwr$\db_count$src/db_coalescer.v:94$2385_EN' using process `$paramod$ab86d88a3b6c1893b2a2269934377cc3a0e95108\db_coalescer.$proc$src/db_coalescer.v:83$2559'.
  created $dff cell `$procdff$6942' with positive edge clock.
Creating register for signal `$paramod$ab86d88a3b6c1893b2a2269934377cc3a0e95108\db_coalescer.$memwr$\latest_tail$src/db_coalescer.v:92$2386_EN' using process `$paramod$ab86d88a3b6c1893b2a2269934377cc3a0e95108\db_coalescer.$proc$src/db_coalescer.v:83$2559'.
  created $dff cell `$procdff$6943' with positive edge clock.
Creating register for signal `$paramod$ab86d88a3b6c1893b2a2269934377cc3a0e95108\db_coalescer.$memwr$\latest_is_sq$src/db_coalescer.v:93$2387_EN' using process `$paramod$ab86d88a3b6c1893b2a2269934377cc3a0e95108\db_coalescer.$proc$src/db_coalescer.v:83$2559'.
  created $dff cell `$procdff$6944' with positive edge clock.
Creating register for signal `$paramod$ab86d88a3b6c1893b2a2269934377cc3a0e95108\db_coalescer.$memwr$\db_count$src/db_coalescer.v:94$2388_EN' using process `$paramod$ab86d88a3b6c1893b2a2269934377cc3a0e95108\db_coalescer.$proc$src/db_coalescer.v:83$2559'.
  created $dff cell `$procdff$6945' with positive edge clock.
Creating register for signal `$paramod$ab86d88a3b6c1893b2a2269934377cc3a0e95108\db_coalescer.$memwr$\latest_tail$src/db_coalescer.v:92$2389_EN' using process `$paramod$ab86d88a3b6c1893b2a2269934377cc3a0e95108\db_coalescer.$proc$src/db_coalescer.v:83$2559'.
  created $dff cell `$procdff$6946' with positive edge clock.
Creating register for signal `$paramod$ab86d88a3b6c1893b2a2269934377cc3a0e95108\db_coalescer.$memwr$\latest_is_sq$src/db_coalescer.v:93$2390_EN' using process `$paramod$ab86d88a3b6c1893b2a2269934377cc3a0e95108\db_coalescer.$proc$src/db_coalescer.v:83$2559'.
  created $dff cell `$procdff$6947' with positive edge clock.
Creating register for signal `$paramod$ab86d88a3b6c1893b2a2269934377cc3a0e95108\db_coalescer.$memwr$\db_count$src/db_coalescer.v:94$2391_EN' using process `$paramod$ab86d88a3b6c1893b2a2269934377cc3a0e95108\db_coalescer.$proc$src/db_coalescer.v:83$2559'.
  created $dff cell `$procdff$6948' with positive edge clock.
Creating register for signal `$paramod$ab86d88a3b6c1893b2a2269934377cc3a0e95108\db_coalescer.$memwr$\latest_tail$src/db_coalescer.v:92$2392_EN' using process `$paramod$ab86d88a3b6c1893b2a2269934377cc3a0e95108\db_coalescer.$proc$src/db_coalescer.v:83$2559'.
  created $dff cell `$procdff$6949' with positive edge clock.
Creating register for signal `$paramod$ab86d88a3b6c1893b2a2269934377cc3a0e95108\db_coalescer.$memwr$\latest_is_sq$src/db_coalescer.v:93$2393_EN' using process `$paramod$ab86d88a3b6c1893b2a2269934377cc3a0e95108\db_coalescer.$proc$src/db_coalescer.v:83$2559'.
  created $dff cell `$procdff$6950' with positive edge clock.
Creating register for signal `$paramod$ab86d88a3b6c1893b2a2269934377cc3a0e95108\db_coalescer.$memwr$\db_count$src/db_coalescer.v:94$2394_EN' using process `$paramod$ab86d88a3b6c1893b2a2269934377cc3a0e95108\db_coalescer.$proc$src/db_coalescer.v:83$2559'.
  created $dff cell `$procdff$6951' with positive edge clock.
Creating register for signal `$paramod$ab86d88a3b6c1893b2a2269934377cc3a0e95108\db_coalescer.$memwr$\latest_tail$src/db_coalescer.v:92$2395_EN' using process `$paramod$ab86d88a3b6c1893b2a2269934377cc3a0e95108\db_coalescer.$proc$src/db_coalescer.v:83$2559'.
  created $dff cell `$procdff$6952' with positive edge clock.
Creating register for signal `$paramod$ab86d88a3b6c1893b2a2269934377cc3a0e95108\db_coalescer.$memwr$\latest_is_sq$src/db_coalescer.v:93$2396_EN' using process `$paramod$ab86d88a3b6c1893b2a2269934377cc3a0e95108\db_coalescer.$proc$src/db_coalescer.v:83$2559'.
  created $dff cell `$procdff$6953' with positive edge clock.
Creating register for signal `$paramod$ab86d88a3b6c1893b2a2269934377cc3a0e95108\db_coalescer.$memwr$\db_count$src/db_coalescer.v:94$2397_EN' using process `$paramod$ab86d88a3b6c1893b2a2269934377cc3a0e95108\db_coalescer.$proc$src/db_coalescer.v:83$2559'.
  created $dff cell `$procdff$6954' with positive edge clock.
Creating register for signal `$paramod$ab86d88a3b6c1893b2a2269934377cc3a0e95108\db_coalescer.$memwr$\latest_tail$src/db_coalescer.v:92$2398_EN' using process `$paramod$ab86d88a3b6c1893b2a2269934377cc3a0e95108\db_coalescer.$proc$src/db_coalescer.v:83$2559'.
  created $dff cell `$procdff$6955' with positive edge clock.
Creating register for signal `$paramod$ab86d88a3b6c1893b2a2269934377cc3a0e95108\db_coalescer.$memwr$\latest_is_sq$src/db_coalescer.v:93$2399_EN' using process `$paramod$ab86d88a3b6c1893b2a2269934377cc3a0e95108\db_coalescer.$proc$src/db_coalescer.v:83$2559'.
  created $dff cell `$procdff$6956' with positive edge clock.
Creating register for signal `$paramod$ab86d88a3b6c1893b2a2269934377cc3a0e95108\db_coalescer.$memwr$\db_count$src/db_coalescer.v:94$2400_EN' using process `$paramod$ab86d88a3b6c1893b2a2269934377cc3a0e95108\db_coalescer.$proc$src/db_coalescer.v:83$2559'.
  created $dff cell `$procdff$6957' with positive edge clock.
Creating register for signal `$paramod$ab86d88a3b6c1893b2a2269934377cc3a0e95108\db_coalescer.$memwr$\latest_tail$src/db_coalescer.v:92$2401_EN' using process `$paramod$ab86d88a3b6c1893b2a2269934377cc3a0e95108\db_coalescer.$proc$src/db_coalescer.v:83$2559'.
  created $dff cell `$procdff$6958' with positive edge clock.
Creating register for signal `$paramod$ab86d88a3b6c1893b2a2269934377cc3a0e95108\db_coalescer.$memwr$\latest_is_sq$src/db_coalescer.v:93$2402_EN' using process `$paramod$ab86d88a3b6c1893b2a2269934377cc3a0e95108\db_coalescer.$proc$src/db_coalescer.v:83$2559'.
  created $dff cell `$procdff$6959' with positive edge clock.
Creating register for signal `$paramod$ab86d88a3b6c1893b2a2269934377cc3a0e95108\db_coalescer.$memwr$\db_count$src/db_coalescer.v:94$2403_EN' using process `$paramod$ab86d88a3b6c1893b2a2269934377cc3a0e95108\db_coalescer.$proc$src/db_coalescer.v:83$2559'.
  created $dff cell `$procdff$6960' with positive edge clock.
Creating register for signal `$paramod$ab86d88a3b6c1893b2a2269934377cc3a0e95108\db_coalescer.$memwr$\latest_tail$src/db_coalescer.v:92$2404_EN' using process `$paramod$ab86d88a3b6c1893b2a2269934377cc3a0e95108\db_coalescer.$proc$src/db_coalescer.v:83$2559'.
  created $dff cell `$procdff$6961' with positive edge clock.
Creating register for signal `$paramod$ab86d88a3b6c1893b2a2269934377cc3a0e95108\db_coalescer.$memwr$\latest_is_sq$src/db_coalescer.v:93$2405_EN' using process `$paramod$ab86d88a3b6c1893b2a2269934377cc3a0e95108\db_coalescer.$proc$src/db_coalescer.v:83$2559'.
  created $dff cell `$procdff$6962' with positive edge clock.
Creating register for signal `$paramod$ab86d88a3b6c1893b2a2269934377cc3a0e95108\db_coalescer.$memwr$\db_count$src/db_coalescer.v:94$2406_EN' using process `$paramod$ab86d88a3b6c1893b2a2269934377cc3a0e95108\db_coalescer.$proc$src/db_coalescer.v:83$2559'.
  created $dff cell `$procdff$6963' with positive edge clock.
Creating register for signal `$paramod$ab86d88a3b6c1893b2a2269934377cc3a0e95108\db_coalescer.$memwr$\latest_tail$src/db_coalescer.v:103$2407_ADDR' using process `$paramod$ab86d88a3b6c1893b2a2269934377cc3a0e95108\db_coalescer.$proc$src/db_coalescer.v:83$2559'.
  created $dff cell `$procdff$6964' with positive edge clock.
Creating register for signal `$paramod$ab86d88a3b6c1893b2a2269934377cc3a0e95108\db_coalescer.$memwr$\latest_tail$src/db_coalescer.v:103$2407_DATA' using process `$paramod$ab86d88a3b6c1893b2a2269934377cc3a0e95108\db_coalescer.$proc$src/db_coalescer.v:83$2559'.
  created $dff cell `$procdff$6965' with positive edge clock.
Creating register for signal `$paramod$ab86d88a3b6c1893b2a2269934377cc3a0e95108\db_coalescer.$memwr$\latest_tail$src/db_coalescer.v:103$2407_EN' using process `$paramod$ab86d88a3b6c1893b2a2269934377cc3a0e95108\db_coalescer.$proc$src/db_coalescer.v:83$2559'.
  created $dff cell `$procdff$6966' with positive edge clock.
Creating register for signal `$paramod$ab86d88a3b6c1893b2a2269934377cc3a0e95108\db_coalescer.$memwr$\latest_is_sq$src/db_coalescer.v:104$2408_ADDR' using process `$paramod$ab86d88a3b6c1893b2a2269934377cc3a0e95108\db_coalescer.$proc$src/db_coalescer.v:83$2559'.
  created $dff cell `$procdff$6967' with positive edge clock.
Creating register for signal `$paramod$ab86d88a3b6c1893b2a2269934377cc3a0e95108\db_coalescer.$memwr$\latest_is_sq$src/db_coalescer.v:104$2408_DATA' using process `$paramod$ab86d88a3b6c1893b2a2269934377cc3a0e95108\db_coalescer.$proc$src/db_coalescer.v:83$2559'.
  created $dff cell `$procdff$6968' with positive edge clock.
Creating register for signal `$paramod$ab86d88a3b6c1893b2a2269934377cc3a0e95108\db_coalescer.$memwr$\latest_is_sq$src/db_coalescer.v:104$2408_EN' using process `$paramod$ab86d88a3b6c1893b2a2269934377cc3a0e95108\db_coalescer.$proc$src/db_coalescer.v:83$2559'.
  created $dff cell `$procdff$6969' with positive edge clock.
Creating register for signal `$paramod$ab86d88a3b6c1893b2a2269934377cc3a0e95108\db_coalescer.$memwr$\db_count$src/db_coalescer.v:105$2409_ADDR' using process `$paramod$ab86d88a3b6c1893b2a2269934377cc3a0e95108\db_coalescer.$proc$src/db_coalescer.v:83$2559'.
  created $dff cell `$procdff$6970' with positive edge clock.
Creating register for signal `$paramod$ab86d88a3b6c1893b2a2269934377cc3a0e95108\db_coalescer.$memwr$\db_count$src/db_coalescer.v:105$2409_DATA' using process `$paramod$ab86d88a3b6c1893b2a2269934377cc3a0e95108\db_coalescer.$proc$src/db_coalescer.v:83$2559'.
  created $dff cell `$procdff$6971' with positive edge clock.
Creating register for signal `$paramod$ab86d88a3b6c1893b2a2269934377cc3a0e95108\db_coalescer.$memwr$\db_count$src/db_coalescer.v:105$2409_EN' using process `$paramod$ab86d88a3b6c1893b2a2269934377cc3a0e95108\db_coalescer.$proc$src/db_coalescer.v:83$2559'.
  created $dff cell `$procdff$6972' with positive edge clock.
Creating register for signal `$paramod$ab86d88a3b6c1893b2a2269934377cc3a0e95108\db_coalescer.$memwr$\db_count$src/db_coalescer.v:133$2410_ADDR' using process `$paramod$ab86d88a3b6c1893b2a2269934377cc3a0e95108\db_coalescer.$proc$src/db_coalescer.v:83$2559'.
  created $dff cell `$procdff$6973' with positive edge clock.
Creating register for signal `$paramod$ab86d88a3b6c1893b2a2269934377cc3a0e95108\db_coalescer.$memwr$\db_count$src/db_coalescer.v:133$2410_EN' using process `$paramod$ab86d88a3b6c1893b2a2269934377cc3a0e95108\db_coalescer.$proc$src/db_coalescer.v:83$2559'.
  created $dff cell `$procdff$6974' with positive edge clock.
Creating register for signal `$paramod$ab86d88a3b6c1893b2a2269934377cc3a0e95108\db_coalescer.\i' using process `$paramod$ab86d88a3b6c1893b2a2269934377cc3a0e95108\db_coalescer.$proc$src/db_coalescer.v:59$2413'.
  created $dff cell `$procdff$6975' with positive edge clock.
Creating register for signal `$paramod$ab86d88a3b6c1893b2a2269934377cc3a0e95108\db_coalescer.\timer[0]' using process `$paramod$ab86d88a3b6c1893b2a2269934377cc3a0e95108\db_coalescer.$proc$src/db_coalescer.v:59$2413'.
  created $dff cell `$procdff$6976' with positive edge clock.
Creating register for signal `$paramod$ab86d88a3b6c1893b2a2269934377cc3a0e95108\db_coalescer.\timer[1]' using process `$paramod$ab86d88a3b6c1893b2a2269934377cc3a0e95108\db_coalescer.$proc$src/db_coalescer.v:59$2413'.
  created $dff cell `$procdff$6977' with positive edge clock.
Creating register for signal `$paramod$ab86d88a3b6c1893b2a2269934377cc3a0e95108\db_coalescer.\timer[2]' using process `$paramod$ab86d88a3b6c1893b2a2269934377cc3a0e95108\db_coalescer.$proc$src/db_coalescer.v:59$2413'.
  created $dff cell `$procdff$6978' with positive edge clock.
Creating register for signal `$paramod$ab86d88a3b6c1893b2a2269934377cc3a0e95108\db_coalescer.\timer[3]' using process `$paramod$ab86d88a3b6c1893b2a2269934377cc3a0e95108\db_coalescer.$proc$src/db_coalescer.v:59$2413'.
  created $dff cell `$procdff$6979' with positive edge clock.
Creating register for signal `$paramod$ab86d88a3b6c1893b2a2269934377cc3a0e95108\db_coalescer.\timer[4]' using process `$paramod$ab86d88a3b6c1893b2a2269934377cc3a0e95108\db_coalescer.$proc$src/db_coalescer.v:59$2413'.
  created $dff cell `$procdff$6980' with positive edge clock.
Creating register for signal `$paramod$ab86d88a3b6c1893b2a2269934377cc3a0e95108\db_coalescer.\timer[5]' using process `$paramod$ab86d88a3b6c1893b2a2269934377cc3a0e95108\db_coalescer.$proc$src/db_coalescer.v:59$2413'.
  created $dff cell `$procdff$6981' with positive edge clock.
Creating register for signal `$paramod$ab86d88a3b6c1893b2a2269934377cc3a0e95108\db_coalescer.\timer[6]' using process `$paramod$ab86d88a3b6c1893b2a2269934377cc3a0e95108\db_coalescer.$proc$src/db_coalescer.v:59$2413'.
  created $dff cell `$procdff$6982' with positive edge clock.
Creating register for signal `$paramod$ab86d88a3b6c1893b2a2269934377cc3a0e95108\db_coalescer.\timer[7]' using process `$paramod$ab86d88a3b6c1893b2a2269934377cc3a0e95108\db_coalescer.$proc$src/db_coalescer.v:59$2413'.
  created $dff cell `$procdff$6983' with positive edge clock.
Creating register for signal `$paramod$ab86d88a3b6c1893b2a2269934377cc3a0e95108\db_coalescer.\timer[8]' using process `$paramod$ab86d88a3b6c1893b2a2269934377cc3a0e95108\db_coalescer.$proc$src/db_coalescer.v:59$2413'.
  created $dff cell `$procdff$6984' with positive edge clock.
Creating register for signal `$paramod$ab86d88a3b6c1893b2a2269934377cc3a0e95108\db_coalescer.\timer[9]' using process `$paramod$ab86d88a3b6c1893b2a2269934377cc3a0e95108\db_coalescer.$proc$src/db_coalescer.v:59$2413'.
  created $dff cell `$procdff$6985' with positive edge clock.
Creating register for signal `$paramod$ab86d88a3b6c1893b2a2269934377cc3a0e95108\db_coalescer.\timer[10]' using process `$paramod$ab86d88a3b6c1893b2a2269934377cc3a0e95108\db_coalescer.$proc$src/db_coalescer.v:59$2413'.
  created $dff cell `$procdff$6986' with positive edge clock.
Creating register for signal `$paramod$ab86d88a3b6c1893b2a2269934377cc3a0e95108\db_coalescer.\timer[11]' using process `$paramod$ab86d88a3b6c1893b2a2269934377cc3a0e95108\db_coalescer.$proc$src/db_coalescer.v:59$2413'.
  created $dff cell `$procdff$6987' with positive edge clock.
Creating register for signal `$paramod$ab86d88a3b6c1893b2a2269934377cc3a0e95108\db_coalescer.\timer[12]' using process `$paramod$ab86d88a3b6c1893b2a2269934377cc3a0e95108\db_coalescer.$proc$src/db_coalescer.v:59$2413'.
  created $dff cell `$procdff$6988' with positive edge clock.
Creating register for signal `$paramod$ab86d88a3b6c1893b2a2269934377cc3a0e95108\db_coalescer.\timer[13]' using process `$paramod$ab86d88a3b6c1893b2a2269934377cc3a0e95108\db_coalescer.$proc$src/db_coalescer.v:59$2413'.
  created $dff cell `$procdff$6989' with positive edge clock.
Creating register for signal `$paramod$ab86d88a3b6c1893b2a2269934377cc3a0e95108\db_coalescer.\timer[14]' using process `$paramod$ab86d88a3b6c1893b2a2269934377cc3a0e95108\db_coalescer.$proc$src/db_coalescer.v:59$2413'.
  created $dff cell `$procdff$6990' with positive edge clock.
Creating register for signal `$paramod$ab86d88a3b6c1893b2a2269934377cc3a0e95108\db_coalescer.\timer[15]' using process `$paramod$ab86d88a3b6c1893b2a2269934377cc3a0e95108\db_coalescer.$proc$src/db_coalescer.v:59$2413'.
  created $dff cell `$procdff$6991' with positive edge clock.
Creating register for signal `$paramod$ab86d88a3b6c1893b2a2269934377cc3a0e95108\db_coalescer.\timer_active[0]' using process `$paramod$ab86d88a3b6c1893b2a2269934377cc3a0e95108\db_coalescer.$proc$src/db_coalescer.v:59$2413'.
  created $dff cell `$procdff$6992' with positive edge clock.
Creating register for signal `$paramod$ab86d88a3b6c1893b2a2269934377cc3a0e95108\db_coalescer.\timer_active[1]' using process `$paramod$ab86d88a3b6c1893b2a2269934377cc3a0e95108\db_coalescer.$proc$src/db_coalescer.v:59$2413'.
  created $dff cell `$procdff$6993' with positive edge clock.
Creating register for signal `$paramod$ab86d88a3b6c1893b2a2269934377cc3a0e95108\db_coalescer.\timer_active[2]' using process `$paramod$ab86d88a3b6c1893b2a2269934377cc3a0e95108\db_coalescer.$proc$src/db_coalescer.v:59$2413'.
  created $dff cell `$procdff$6994' with positive edge clock.
Creating register for signal `$paramod$ab86d88a3b6c1893b2a2269934377cc3a0e95108\db_coalescer.\timer_active[3]' using process `$paramod$ab86d88a3b6c1893b2a2269934377cc3a0e95108\db_coalescer.$proc$src/db_coalescer.v:59$2413'.
  created $dff cell `$procdff$6995' with positive edge clock.
Creating register for signal `$paramod$ab86d88a3b6c1893b2a2269934377cc3a0e95108\db_coalescer.\timer_active[4]' using process `$paramod$ab86d88a3b6c1893b2a2269934377cc3a0e95108\db_coalescer.$proc$src/db_coalescer.v:59$2413'.
  created $dff cell `$procdff$6996' with positive edge clock.
Creating register for signal `$paramod$ab86d88a3b6c1893b2a2269934377cc3a0e95108\db_coalescer.\timer_active[5]' using process `$paramod$ab86d88a3b6c1893b2a2269934377cc3a0e95108\db_coalescer.$proc$src/db_coalescer.v:59$2413'.
  created $dff cell `$procdff$6997' with positive edge clock.
Creating register for signal `$paramod$ab86d88a3b6c1893b2a2269934377cc3a0e95108\db_coalescer.\timer_active[6]' using process `$paramod$ab86d88a3b6c1893b2a2269934377cc3a0e95108\db_coalescer.$proc$src/db_coalescer.v:59$2413'.
  created $dff cell `$procdff$6998' with positive edge clock.
Creating register for signal `$paramod$ab86d88a3b6c1893b2a2269934377cc3a0e95108\db_coalescer.\timer_active[7]' using process `$paramod$ab86d88a3b6c1893b2a2269934377cc3a0e95108\db_coalescer.$proc$src/db_coalescer.v:59$2413'.
  created $dff cell `$procdff$6999' with positive edge clock.
Creating register for signal `$paramod$ab86d88a3b6c1893b2a2269934377cc3a0e95108\db_coalescer.\timer_active[8]' using process `$paramod$ab86d88a3b6c1893b2a2269934377cc3a0e95108\db_coalescer.$proc$src/db_coalescer.v:59$2413'.
  created $dff cell `$procdff$7000' with positive edge clock.
Creating register for signal `$paramod$ab86d88a3b6c1893b2a2269934377cc3a0e95108\db_coalescer.\timer_active[9]' using process `$paramod$ab86d88a3b6c1893b2a2269934377cc3a0e95108\db_coalescer.$proc$src/db_coalescer.v:59$2413'.
  created $dff cell `$procdff$7001' with positive edge clock.
Creating register for signal `$paramod$ab86d88a3b6c1893b2a2269934377cc3a0e95108\db_coalescer.\timer_active[10]' using process `$paramod$ab86d88a3b6c1893b2a2269934377cc3a0e95108\db_coalescer.$proc$src/db_coalescer.v:59$2413'.
  created $dff cell `$procdff$7002' with positive edge clock.
Creating register for signal `$paramod$ab86d88a3b6c1893b2a2269934377cc3a0e95108\db_coalescer.\timer_active[11]' using process `$paramod$ab86d88a3b6c1893b2a2269934377cc3a0e95108\db_coalescer.$proc$src/db_coalescer.v:59$2413'.
  created $dff cell `$procdff$7003' with positive edge clock.
Creating register for signal `$paramod$ab86d88a3b6c1893b2a2269934377cc3a0e95108\db_coalescer.\timer_active[12]' using process `$paramod$ab86d88a3b6c1893b2a2269934377cc3a0e95108\db_coalescer.$proc$src/db_coalescer.v:59$2413'.
  created $dff cell `$procdff$7004' with positive edge clock.
Creating register for signal `$paramod$ab86d88a3b6c1893b2a2269934377cc3a0e95108\db_coalescer.\timer_active[13]' using process `$paramod$ab86d88a3b6c1893b2a2269934377cc3a0e95108\db_coalescer.$proc$src/db_coalescer.v:59$2413'.
  created $dff cell `$procdff$7005' with positive edge clock.
Creating register for signal `$paramod$ab86d88a3b6c1893b2a2269934377cc3a0e95108\db_coalescer.\timer_active[14]' using process `$paramod$ab86d88a3b6c1893b2a2269934377cc3a0e95108\db_coalescer.$proc$src/db_coalescer.v:59$2413'.
  created $dff cell `$procdff$7006' with positive edge clock.
Creating register for signal `$paramod$ab86d88a3b6c1893b2a2269934377cc3a0e95108\db_coalescer.\timer_active[15]' using process `$paramod$ab86d88a3b6c1893b2a2269934377cc3a0e95108\db_coalescer.$proc$src/db_coalescer.v:59$2413'.
  created $dff cell `$procdff$7007' with positive edge clock.
Creating register for signal `$paramod$6ac47b2b9d882f0673984cb306e937a1a878bb82\cq_engine.\i' using process `$paramod$6ac47b2b9d882f0673984cb306e937a1a878bb82\cq_engine.$proc$src/cq_engine.v:113$2150'.
  created $dff cell `$procdff$7008' with positive edge clock.
Creating register for signal `$paramod$6ac47b2b9d882f0673984cb306e937a1a878bb82\cq_engine.\credit_inc' using process `$paramod$6ac47b2b9d882f0673984cb306e937a1a878bb82\cq_engine.$proc$src/cq_engine.v:113$2150'.
  created $dff cell `$procdff$7009' with positive edge clock.
Creating register for signal `$paramod$6ac47b2b9d882f0673984cb306e937a1a878bb82\cq_engine.\state' using process `$paramod$6ac47b2b9d882f0673984cb306e937a1a878bb82\cq_engine.$proc$src/cq_engine.v:113$2150'.
  created $dff cell `$procdff$7010' with positive edge clock.
Creating register for signal `$paramod$6ac47b2b9d882f0673984cb306e937a1a878bb82\cq_engine.\cur_qid' using process `$paramod$6ac47b2b9d882f0673984cb306e937a1a878bb82\cq_engine.$proc$src/cq_engine.v:113$2150'.
  created $dff cell `$procdff$7011' with positive edge clock.
Creating register for signal `$paramod$6ac47b2b9d882f0673984cb306e937a1a878bb82\cq_engine.\sram_req' using process `$paramod$6ac47b2b9d882f0673984cb306e937a1a878bb82\cq_engine.$proc$src/cq_engine.v:113$2150'.
  created $dff cell `$procdff$7012' with positive edge clock.
Creating register for signal `$paramod$6ac47b2b9d882f0673984cb306e937a1a878bb82\cq_engine.\sram_wr' using process `$paramod$6ac47b2b9d882f0673984cb306e937a1a878bb82\cq_engine.$proc$src/cq_engine.v:113$2150'.
  created $dff cell `$procdff$7013' with positive edge clock.
Creating register for signal `$paramod$6ac47b2b9d882f0673984cb306e937a1a878bb82\cq_engine.\sram_addr' using process `$paramod$6ac47b2b9d882f0673984cb306e937a1a878bb82\cq_engine.$proc$src/cq_engine.v:113$2150'.
  created $dff cell `$procdff$7014' with positive edge clock.
Creating register for signal `$paramod$6ac47b2b9d882f0673984cb306e937a1a878bb82\cq_engine.\sram_wdata' using process `$paramod$6ac47b2b9d882f0673984cb306e937a1a878bb82\cq_engine.$proc$src/cq_engine.v:113$2150'.
  created $dff cell `$procdff$7015' with positive edge clock.
Creating register for signal `$paramod$6ac47b2b9d882f0673984cb306e937a1a878bb82\cq_engine.\dma_wr_req' using process `$paramod$6ac47b2b9d882f0673984cb306e937a1a878bb82\cq_engine.$proc$src/cq_engine.v:113$2150'.
  created $dff cell `$procdff$7016' with positive edge clock.
Creating register for signal `$paramod$6ac47b2b9d882f0673984cb306e937a1a878bb82\cq_engine.\dma_wr_addr' using process `$paramod$6ac47b2b9d882f0673984cb306e937a1a878bb82\cq_engine.$proc$src/cq_engine.v:113$2150'.
  created $dff cell `$procdff$7017' with positive edge clock.
Creating register for signal `$paramod$6ac47b2b9d882f0673984cb306e937a1a878bb82\cq_engine.\dma_wr_data' using process `$paramod$6ac47b2b9d882f0673984cb306e937a1a878bb82\cq_engine.$proc$src/cq_engine.v:113$2150'.
  created $dff cell `$procdff$7018' with positive edge clock.
Creating register for signal `$paramod$6ac47b2b9d882f0673984cb306e937a1a878bb82\cq_engine.\cur_cqe' using process `$paramod$6ac47b2b9d882f0673984cb306e937a1a878bb82\cq_engine.$proc$src/cq_engine.v:113$2150'.
  created $dff cell `$procdff$7019' with positive edge clock.
Creating register for signal `$paramod$6ac47b2b9d882f0673984cb306e937a1a878bb82\cq_engine.\flush_count' using process `$paramod$6ac47b2b9d882f0673984cb306e937a1a878bb82\cq_engine.$proc$src/cq_engine.v:113$2150'.
  created $dff cell `$procdff$7020' with positive edge clock.
Creating register for signal `$paramod$6ac47b2b9d882f0673984cb306e937a1a878bb82\cq_engine.\flush_idx' using process `$paramod$6ac47b2b9d882f0673984cb306e937a1a878bb82\cq_engine.$proc$src/cq_engine.v:113$2150'.
  created $dff cell `$procdff$7021' with positive edge clock.
Creating register for signal `$paramod$6ac47b2b9d882f0673984cb306e937a1a878bb82\cq_engine.$memwr$\cq_tail$src/cq_engine.v:129$1869_EN' using process `$paramod$6ac47b2b9d882f0673984cb306e937a1a878bb82\cq_engine.$proc$src/cq_engine.v:113$2150'.
  created $dff cell `$procdff$7022' with positive edge clock.
Creating register for signal `$paramod$6ac47b2b9d882f0673984cb306e937a1a878bb82\cq_engine.$memwr$\batch_count$src/cq_engine.v:130$1870_EN' using process `$paramod$6ac47b2b9d882f0673984cb306e937a1a878bb82\cq_engine.$proc$src/cq_engine.v:113$2150'.
  created $dff cell `$procdff$7023' with positive edge clock.
Creating register for signal `$paramod$6ac47b2b9d882f0673984cb306e937a1a878bb82\cq_engine.$memwr$\cq_tail$src/cq_engine.v:129$1871_EN' using process `$paramod$6ac47b2b9d882f0673984cb306e937a1a878bb82\cq_engine.$proc$src/cq_engine.v:113$2150'.
  created $dff cell `$procdff$7024' with positive edge clock.
Creating register for signal `$paramod$6ac47b2b9d882f0673984cb306e937a1a878bb82\cq_engine.$memwr$\batch_count$src/cq_engine.v:130$1872_EN' using process `$paramod$6ac47b2b9d882f0673984cb306e937a1a878bb82\cq_engine.$proc$src/cq_engine.v:113$2150'.
  created $dff cell `$procdff$7025' with positive edge clock.
Creating register for signal `$paramod$6ac47b2b9d882f0673984cb306e937a1a878bb82\cq_engine.$memwr$\cq_tail$src/cq_engine.v:129$1873_EN' using process `$paramod$6ac47b2b9d882f0673984cb306e937a1a878bb82\cq_engine.$proc$src/cq_engine.v:113$2150'.
  created $dff cell `$procdff$7026' with positive edge clock.
Creating register for signal `$paramod$6ac47b2b9d882f0673984cb306e937a1a878bb82\cq_engine.$memwr$\batch_count$src/cq_engine.v:130$1874_EN' using process `$paramod$6ac47b2b9d882f0673984cb306e937a1a878bb82\cq_engine.$proc$src/cq_engine.v:113$2150'.
  created $dff cell `$procdff$7027' with positive edge clock.
Creating register for signal `$paramod$6ac47b2b9d882f0673984cb306e937a1a878bb82\cq_engine.$memwr$\cq_tail$src/cq_engine.v:129$1875_EN' using process `$paramod$6ac47b2b9d882f0673984cb306e937a1a878bb82\cq_engine.$proc$src/cq_engine.v:113$2150'.
  created $dff cell `$procdff$7028' with positive edge clock.
Creating register for signal `$paramod$6ac47b2b9d882f0673984cb306e937a1a878bb82\cq_engine.$memwr$\batch_count$src/cq_engine.v:130$1876_EN' using process `$paramod$6ac47b2b9d882f0673984cb306e937a1a878bb82\cq_engine.$proc$src/cq_engine.v:113$2150'.
  created $dff cell `$procdff$7029' with positive edge clock.
Creating register for signal `$paramod$6ac47b2b9d882f0673984cb306e937a1a878bb82\cq_engine.$memwr$\cq_tail$src/cq_engine.v:129$1877_EN' using process `$paramod$6ac47b2b9d882f0673984cb306e937a1a878bb82\cq_engine.$proc$src/cq_engine.v:113$2150'.
  created $dff cell `$procdff$7030' with positive edge clock.
Creating register for signal `$paramod$6ac47b2b9d882f0673984cb306e937a1a878bb82\cq_engine.$memwr$\batch_count$src/cq_engine.v:130$1878_EN' using process `$paramod$6ac47b2b9d882f0673984cb306e937a1a878bb82\cq_engine.$proc$src/cq_engine.v:113$2150'.
  created $dff cell `$procdff$7031' with positive edge clock.
Creating register for signal `$paramod$6ac47b2b9d882f0673984cb306e937a1a878bb82\cq_engine.$memwr$\cq_tail$src/cq_engine.v:129$1879_EN' using process `$paramod$6ac47b2b9d882f0673984cb306e937a1a878bb82\cq_engine.$proc$src/cq_engine.v:113$2150'.
  created $dff cell `$procdff$7032' with positive edge clock.
Creating register for signal `$paramod$6ac47b2b9d882f0673984cb306e937a1a878bb82\cq_engine.$memwr$\batch_count$src/cq_engine.v:130$1880_EN' using process `$paramod$6ac47b2b9d882f0673984cb306e937a1a878bb82\cq_engine.$proc$src/cq_engine.v:113$2150'.
  created $dff cell `$procdff$7033' with positive edge clock.
Creating register for signal `$paramod$6ac47b2b9d882f0673984cb306e937a1a878bb82\cq_engine.$memwr$\cq_tail$src/cq_engine.v:129$1881_EN' using process `$paramod$6ac47b2b9d882f0673984cb306e937a1a878bb82\cq_engine.$proc$src/cq_engine.v:113$2150'.
  created $dff cell `$procdff$7034' with positive edge clock.
Creating register for signal `$paramod$6ac47b2b9d882f0673984cb306e937a1a878bb82\cq_engine.$memwr$\batch_count$src/cq_engine.v:130$1882_EN' using process `$paramod$6ac47b2b9d882f0673984cb306e937a1a878bb82\cq_engine.$proc$src/cq_engine.v:113$2150'.
  created $dff cell `$procdff$7035' with positive edge clock.
Creating register for signal `$paramod$6ac47b2b9d882f0673984cb306e937a1a878bb82\cq_engine.$memwr$\cq_tail$src/cq_engine.v:129$1883_EN' using process `$paramod$6ac47b2b9d882f0673984cb306e937a1a878bb82\cq_engine.$proc$src/cq_engine.v:113$2150'.
  created $dff cell `$procdff$7036' with positive edge clock.
Creating register for signal `$paramod$6ac47b2b9d882f0673984cb306e937a1a878bb82\cq_engine.$memwr$\batch_count$src/cq_engine.v:130$1884_EN' using process `$paramod$6ac47b2b9d882f0673984cb306e937a1a878bb82\cq_engine.$proc$src/cq_engine.v:113$2150'.
  created $dff cell `$procdff$7037' with positive edge clock.
Creating register for signal `$paramod$6ac47b2b9d882f0673984cb306e937a1a878bb82\cq_engine.$memwr$\cq_tail$src/cq_engine.v:129$1885_EN' using process `$paramod$6ac47b2b9d882f0673984cb306e937a1a878bb82\cq_engine.$proc$src/cq_engine.v:113$2150'.
  created $dff cell `$procdff$7038' with positive edge clock.
Creating register for signal `$paramod$6ac47b2b9d882f0673984cb306e937a1a878bb82\cq_engine.$memwr$\batch_count$src/cq_engine.v:130$1886_EN' using process `$paramod$6ac47b2b9d882f0673984cb306e937a1a878bb82\cq_engine.$proc$src/cq_engine.v:113$2150'.
  created $dff cell `$procdff$7039' with positive edge clock.
Creating register for signal `$paramod$6ac47b2b9d882f0673984cb306e937a1a878bb82\cq_engine.$memwr$\cq_tail$src/cq_engine.v:129$1887_EN' using process `$paramod$6ac47b2b9d882f0673984cb306e937a1a878bb82\cq_engine.$proc$src/cq_engine.v:113$2150'.
  created $dff cell `$procdff$7040' with positive edge clock.
Creating register for signal `$paramod$6ac47b2b9d882f0673984cb306e937a1a878bb82\cq_engine.$memwr$\batch_count$src/cq_engine.v:130$1888_EN' using process `$paramod$6ac47b2b9d882f0673984cb306e937a1a878bb82\cq_engine.$proc$src/cq_engine.v:113$2150'.
  created $dff cell `$procdff$7041' with positive edge clock.
Creating register for signal `$paramod$6ac47b2b9d882f0673984cb306e937a1a878bb82\cq_engine.$memwr$\cq_tail$src/cq_engine.v:129$1889_EN' using process `$paramod$6ac47b2b9d882f0673984cb306e937a1a878bb82\cq_engine.$proc$src/cq_engine.v:113$2150'.
  created $dff cell `$procdff$7042' with positive edge clock.
Creating register for signal `$paramod$6ac47b2b9d882f0673984cb306e937a1a878bb82\cq_engine.$memwr$\batch_count$src/cq_engine.v:130$1890_EN' using process `$paramod$6ac47b2b9d882f0673984cb306e937a1a878bb82\cq_engine.$proc$src/cq_engine.v:113$2150'.
  created $dff cell `$procdff$7043' with positive edge clock.
Creating register for signal `$paramod$6ac47b2b9d882f0673984cb306e937a1a878bb82\cq_engine.$memwr$\cq_tail$src/cq_engine.v:129$1891_EN' using process `$paramod$6ac47b2b9d882f0673984cb306e937a1a878bb82\cq_engine.$proc$src/cq_engine.v:113$2150'.
  created $dff cell `$procdff$7044' with positive edge clock.
Creating register for signal `$paramod$6ac47b2b9d882f0673984cb306e937a1a878bb82\cq_engine.$memwr$\batch_count$src/cq_engine.v:130$1892_EN' using process `$paramod$6ac47b2b9d882f0673984cb306e937a1a878bb82\cq_engine.$proc$src/cq_engine.v:113$2150'.
  created $dff cell `$procdff$7045' with positive edge clock.
Creating register for signal `$paramod$6ac47b2b9d882f0673984cb306e937a1a878bb82\cq_engine.$memwr$\cq_tail$src/cq_engine.v:129$1893_EN' using process `$paramod$6ac47b2b9d882f0673984cb306e937a1a878bb82\cq_engine.$proc$src/cq_engine.v:113$2150'.
  created $dff cell `$procdff$7046' with positive edge clock.
Creating register for signal `$paramod$6ac47b2b9d882f0673984cb306e937a1a878bb82\cq_engine.$memwr$\batch_count$src/cq_engine.v:130$1894_EN' using process `$paramod$6ac47b2b9d882f0673984cb306e937a1a878bb82\cq_engine.$proc$src/cq_engine.v:113$2150'.
  created $dff cell `$procdff$7047' with positive edge clock.
Creating register for signal `$paramod$6ac47b2b9d882f0673984cb306e937a1a878bb82\cq_engine.$memwr$\cq_tail$src/cq_engine.v:129$1895_EN' using process `$paramod$6ac47b2b9d882f0673984cb306e937a1a878bb82\cq_engine.$proc$src/cq_engine.v:113$2150'.
  created $dff cell `$procdff$7048' with positive edge clock.
Creating register for signal `$paramod$6ac47b2b9d882f0673984cb306e937a1a878bb82\cq_engine.$memwr$\batch_count$src/cq_engine.v:130$1896_EN' using process `$paramod$6ac47b2b9d882f0673984cb306e937a1a878bb82\cq_engine.$proc$src/cq_engine.v:113$2150'.
  created $dff cell `$procdff$7049' with positive edge clock.
Creating register for signal `$paramod$6ac47b2b9d882f0673984cb306e937a1a878bb82\cq_engine.$memwr$\cq_tail$src/cq_engine.v:129$1897_EN' using process `$paramod$6ac47b2b9d882f0673984cb306e937a1a878bb82\cq_engine.$proc$src/cq_engine.v:113$2150'.
  created $dff cell `$procdff$7050' with positive edge clock.
Creating register for signal `$paramod$6ac47b2b9d882f0673984cb306e937a1a878bb82\cq_engine.$memwr$\batch_count$src/cq_engine.v:130$1898_EN' using process `$paramod$6ac47b2b9d882f0673984cb306e937a1a878bb82\cq_engine.$proc$src/cq_engine.v:113$2150'.
  created $dff cell `$procdff$7051' with positive edge clock.
Creating register for signal `$paramod$6ac47b2b9d882f0673984cb306e937a1a878bb82\cq_engine.$memwr$\cq_tail$src/cq_engine.v:129$1899_EN' using process `$paramod$6ac47b2b9d882f0673984cb306e937a1a878bb82\cq_engine.$proc$src/cq_engine.v:113$2150'.
  created $dff cell `$procdff$7052' with positive edge clock.
Creating register for signal `$paramod$6ac47b2b9d882f0673984cb306e937a1a878bb82\cq_engine.$memwr$\batch_count$src/cq_engine.v:130$1900_EN' using process `$paramod$6ac47b2b9d882f0673984cb306e937a1a878bb82\cq_engine.$proc$src/cq_engine.v:113$2150'.
  created $dff cell `$procdff$7053' with positive edge clock.
Creating register for signal `$paramod$6ac47b2b9d882f0673984cb306e937a1a878bb82\cq_engine.$memwr$\cq_tail$src/cq_engine.v:165$1901_ADDR' using process `$paramod$6ac47b2b9d882f0673984cb306e937a1a878bb82\cq_engine.$proc$src/cq_engine.v:113$2150'.
  created $dff cell `$procdff$7054' with positive edge clock.
Creating register for signal `$paramod$6ac47b2b9d882f0673984cb306e937a1a878bb82\cq_engine.$memwr$\cq_tail$src/cq_engine.v:165$1901_DATA' using process `$paramod$6ac47b2b9d882f0673984cb306e937a1a878bb82\cq_engine.$proc$src/cq_engine.v:113$2150'.
  created $dff cell `$procdff$7055' with positive edge clock.
Creating register for signal `$paramod$6ac47b2b9d882f0673984cb306e937a1a878bb82\cq_engine.$memwr$\cq_tail$src/cq_engine.v:165$1901_EN' using process `$paramod$6ac47b2b9d882f0673984cb306e937a1a878bb82\cq_engine.$proc$src/cq_engine.v:113$2150'.
  created $dff cell `$procdff$7056' with positive edge clock.
Creating register for signal `$paramod$6ac47b2b9d882f0673984cb306e937a1a878bb82\cq_engine.$memwr$\batch_count$src/cq_engine.v:167$1902_ADDR' using process `$paramod$6ac47b2b9d882f0673984cb306e937a1a878bb82\cq_engine.$proc$src/cq_engine.v:113$2150'.
  created $dff cell `$procdff$7057' with positive edge clock.
Creating register for signal `$paramod$6ac47b2b9d882f0673984cb306e937a1a878bb82\cq_engine.$memwr$\batch_count$src/cq_engine.v:167$1902_DATA' using process `$paramod$6ac47b2b9d882f0673984cb306e937a1a878bb82\cq_engine.$proc$src/cq_engine.v:113$2150'.
  created $dff cell `$procdff$7058' with positive edge clock.
Creating register for signal `$paramod$6ac47b2b9d882f0673984cb306e937a1a878bb82\cq_engine.$memwr$\batch_count$src/cq_engine.v:167$1902_EN' using process `$paramod$6ac47b2b9d882f0673984cb306e937a1a878bb82\cq_engine.$proc$src/cq_engine.v:113$2150'.
  created $dff cell `$procdff$7059' with positive edge clock.
Creating register for signal `$paramod$6ac47b2b9d882f0673984cb306e937a1a878bb82\cq_engine.$memwr$\batch_count$src/cq_engine.v:205$1903_ADDR' using process `$paramod$6ac47b2b9d882f0673984cb306e937a1a878bb82\cq_engine.$proc$src/cq_engine.v:113$2150'.
  created $dff cell `$procdff$7060' with positive edge clock.
Creating register for signal `$paramod$6ac47b2b9d882f0673984cb306e937a1a878bb82\cq_engine.$memwr$\batch_count$src/cq_engine.v:205$1903_EN' using process `$paramod$6ac47b2b9d882f0673984cb306e937a1a878bb82\cq_engine.$proc$src/cq_engine.v:113$2150'.
  created $dff cell `$procdff$7061' with positive edge clock.
Creating register for signal `$paramod$6ac47b2b9d882f0673984cb306e937a1a878bb82\cq_engine.\i' using process `$paramod$6ac47b2b9d882f0673984cb306e937a1a878bb82\cq_engine.$proc$src/cq_engine.v:90$1940'.
  created $dff cell `$procdff$7062' with positive edge clock.
Creating register for signal `$paramod$6ac47b2b9d882f0673984cb306e937a1a878bb82\cq_engine.\timer[0]' using process `$paramod$6ac47b2b9d882f0673984cb306e937a1a878bb82\cq_engine.$proc$src/cq_engine.v:90$1940'.
  created $dff cell `$procdff$7063' with positive edge clock.
Creating register for signal `$paramod$6ac47b2b9d882f0673984cb306e937a1a878bb82\cq_engine.\timer[1]' using process `$paramod$6ac47b2b9d882f0673984cb306e937a1a878bb82\cq_engine.$proc$src/cq_engine.v:90$1940'.
  created $dff cell `$procdff$7064' with positive edge clock.
Creating register for signal `$paramod$6ac47b2b9d882f0673984cb306e937a1a878bb82\cq_engine.\timer[2]' using process `$paramod$6ac47b2b9d882f0673984cb306e937a1a878bb82\cq_engine.$proc$src/cq_engine.v:90$1940'.
  created $dff cell `$procdff$7065' with positive edge clock.
Creating register for signal `$paramod$6ac47b2b9d882f0673984cb306e937a1a878bb82\cq_engine.\timer[3]' using process `$paramod$6ac47b2b9d882f0673984cb306e937a1a878bb82\cq_engine.$proc$src/cq_engine.v:90$1940'.
  created $dff cell `$procdff$7066' with positive edge clock.
Creating register for signal `$paramod$6ac47b2b9d882f0673984cb306e937a1a878bb82\cq_engine.\timer[4]' using process `$paramod$6ac47b2b9d882f0673984cb306e937a1a878bb82\cq_engine.$proc$src/cq_engine.v:90$1940'.
  created $dff cell `$procdff$7067' with positive edge clock.
Creating register for signal `$paramod$6ac47b2b9d882f0673984cb306e937a1a878bb82\cq_engine.\timer[5]' using process `$paramod$6ac47b2b9d882f0673984cb306e937a1a878bb82\cq_engine.$proc$src/cq_engine.v:90$1940'.
  created $dff cell `$procdff$7068' with positive edge clock.
Creating register for signal `$paramod$6ac47b2b9d882f0673984cb306e937a1a878bb82\cq_engine.\timer[6]' using process `$paramod$6ac47b2b9d882f0673984cb306e937a1a878bb82\cq_engine.$proc$src/cq_engine.v:90$1940'.
  created $dff cell `$procdff$7069' with positive edge clock.
Creating register for signal `$paramod$6ac47b2b9d882f0673984cb306e937a1a878bb82\cq_engine.\timer[7]' using process `$paramod$6ac47b2b9d882f0673984cb306e937a1a878bb82\cq_engine.$proc$src/cq_engine.v:90$1940'.
  created $dff cell `$procdff$7070' with positive edge clock.
Creating register for signal `$paramod$6ac47b2b9d882f0673984cb306e937a1a878bb82\cq_engine.\timer[8]' using process `$paramod$6ac47b2b9d882f0673984cb306e937a1a878bb82\cq_engine.$proc$src/cq_engine.v:90$1940'.
  created $dff cell `$procdff$7071' with positive edge clock.
Creating register for signal `$paramod$6ac47b2b9d882f0673984cb306e937a1a878bb82\cq_engine.\timer[9]' using process `$paramod$6ac47b2b9d882f0673984cb306e937a1a878bb82\cq_engine.$proc$src/cq_engine.v:90$1940'.
  created $dff cell `$procdff$7072' with positive edge clock.
Creating register for signal `$paramod$6ac47b2b9d882f0673984cb306e937a1a878bb82\cq_engine.\timer[10]' using process `$paramod$6ac47b2b9d882f0673984cb306e937a1a878bb82\cq_engine.$proc$src/cq_engine.v:90$1940'.
  created $dff cell `$procdff$7073' with positive edge clock.
Creating register for signal `$paramod$6ac47b2b9d882f0673984cb306e937a1a878bb82\cq_engine.\timer[11]' using process `$paramod$6ac47b2b9d882f0673984cb306e937a1a878bb82\cq_engine.$proc$src/cq_engine.v:90$1940'.
  created $dff cell `$procdff$7074' with positive edge clock.
Creating register for signal `$paramod$6ac47b2b9d882f0673984cb306e937a1a878bb82\cq_engine.\timer[12]' using process `$paramod$6ac47b2b9d882f0673984cb306e937a1a878bb82\cq_engine.$proc$src/cq_engine.v:90$1940'.
  created $dff cell `$procdff$7075' with positive edge clock.
Creating register for signal `$paramod$6ac47b2b9d882f0673984cb306e937a1a878bb82\cq_engine.\timer[13]' using process `$paramod$6ac47b2b9d882f0673984cb306e937a1a878bb82\cq_engine.$proc$src/cq_engine.v:90$1940'.
  created $dff cell `$procdff$7076' with positive edge clock.
Creating register for signal `$paramod$6ac47b2b9d882f0673984cb306e937a1a878bb82\cq_engine.\timer[14]' using process `$paramod$6ac47b2b9d882f0673984cb306e937a1a878bb82\cq_engine.$proc$src/cq_engine.v:90$1940'.
  created $dff cell `$procdff$7077' with positive edge clock.
Creating register for signal `$paramod$6ac47b2b9d882f0673984cb306e937a1a878bb82\cq_engine.\timer[15]' using process `$paramod$6ac47b2b9d882f0673984cb306e937a1a878bb82\cq_engine.$proc$src/cq_engine.v:90$1940'.
  created $dff cell `$procdff$7078' with positive edge clock.
Creating register for signal `$paramod$6ac47b2b9d882f0673984cb306e937a1a878bb82\cq_engine.\timer_active[0]' using process `$paramod$6ac47b2b9d882f0673984cb306e937a1a878bb82\cq_engine.$proc$src/cq_engine.v:90$1940'.
  created $dff cell `$procdff$7079' with positive edge clock.
Creating register for signal `$paramod$6ac47b2b9d882f0673984cb306e937a1a878bb82\cq_engine.\timer_active[1]' using process `$paramod$6ac47b2b9d882f0673984cb306e937a1a878bb82\cq_engine.$proc$src/cq_engine.v:90$1940'.
  created $dff cell `$procdff$7080' with positive edge clock.
Creating register for signal `$paramod$6ac47b2b9d882f0673984cb306e937a1a878bb82\cq_engine.\timer_active[2]' using process `$paramod$6ac47b2b9d882f0673984cb306e937a1a878bb82\cq_engine.$proc$src/cq_engine.v:90$1940'.
  created $dff cell `$procdff$7081' with positive edge clock.
Creating register for signal `$paramod$6ac47b2b9d882f0673984cb306e937a1a878bb82\cq_engine.\timer_active[3]' using process `$paramod$6ac47b2b9d882f0673984cb306e937a1a878bb82\cq_engine.$proc$src/cq_engine.v:90$1940'.
  created $dff cell `$procdff$7082' with positive edge clock.
Creating register for signal `$paramod$6ac47b2b9d882f0673984cb306e937a1a878bb82\cq_engine.\timer_active[4]' using process `$paramod$6ac47b2b9d882f0673984cb306e937a1a878bb82\cq_engine.$proc$src/cq_engine.v:90$1940'.
  created $dff cell `$procdff$7083' with positive edge clock.
Creating register for signal `$paramod$6ac47b2b9d882f0673984cb306e937a1a878bb82\cq_engine.\timer_active[5]' using process `$paramod$6ac47b2b9d882f0673984cb306e937a1a878bb82\cq_engine.$proc$src/cq_engine.v:90$1940'.
  created $dff cell `$procdff$7084' with positive edge clock.
Creating register for signal `$paramod$6ac47b2b9d882f0673984cb306e937a1a878bb82\cq_engine.\timer_active[6]' using process `$paramod$6ac47b2b9d882f0673984cb306e937a1a878bb82\cq_engine.$proc$src/cq_engine.v:90$1940'.
  created $dff cell `$procdff$7085' with positive edge clock.
Creating register for signal `$paramod$6ac47b2b9d882f0673984cb306e937a1a878bb82\cq_engine.\timer_active[7]' using process `$paramod$6ac47b2b9d882f0673984cb306e937a1a878bb82\cq_engine.$proc$src/cq_engine.v:90$1940'.
  created $dff cell `$procdff$7086' with positive edge clock.
Creating register for signal `$paramod$6ac47b2b9d882f0673984cb306e937a1a878bb82\cq_engine.\timer_active[8]' using process `$paramod$6ac47b2b9d882f0673984cb306e937a1a878bb82\cq_engine.$proc$src/cq_engine.v:90$1940'.
  created $dff cell `$procdff$7087' with positive edge clock.
Creating register for signal `$paramod$6ac47b2b9d882f0673984cb306e937a1a878bb82\cq_engine.\timer_active[9]' using process `$paramod$6ac47b2b9d882f0673984cb306e937a1a878bb82\cq_engine.$proc$src/cq_engine.v:90$1940'.
  created $dff cell `$procdff$7088' with positive edge clock.
Creating register for signal `$paramod$6ac47b2b9d882f0673984cb306e937a1a878bb82\cq_engine.\timer_active[10]' using process `$paramod$6ac47b2b9d882f0673984cb306e937a1a878bb82\cq_engine.$proc$src/cq_engine.v:90$1940'.
  created $dff cell `$procdff$7089' with positive edge clock.
Creating register for signal `$paramod$6ac47b2b9d882f0673984cb306e937a1a878bb82\cq_engine.\timer_active[11]' using process `$paramod$6ac47b2b9d882f0673984cb306e937a1a878bb82\cq_engine.$proc$src/cq_engine.v:90$1940'.
  created $dff cell `$procdff$7090' with positive edge clock.
Creating register for signal `$paramod$6ac47b2b9d882f0673984cb306e937a1a878bb82\cq_engine.\timer_active[12]' using process `$paramod$6ac47b2b9d882f0673984cb306e937a1a878bb82\cq_engine.$proc$src/cq_engine.v:90$1940'.
  created $dff cell `$procdff$7091' with positive edge clock.
Creating register for signal `$paramod$6ac47b2b9d882f0673984cb306e937a1a878bb82\cq_engine.\timer_active[13]' using process `$paramod$6ac47b2b9d882f0673984cb306e937a1a878bb82\cq_engine.$proc$src/cq_engine.v:90$1940'.
  created $dff cell `$procdff$7092' with positive edge clock.
Creating register for signal `$paramod$6ac47b2b9d882f0673984cb306e937a1a878bb82\cq_engine.\timer_active[14]' using process `$paramod$6ac47b2b9d882f0673984cb306e937a1a878bb82\cq_engine.$proc$src/cq_engine.v:90$1940'.
  created $dff cell `$procdff$7093' with positive edge clock.
Creating register for signal `$paramod$6ac47b2b9d882f0673984cb306e937a1a878bb82\cq_engine.\timer_active[15]' using process `$paramod$6ac47b2b9d882f0673984cb306e937a1a878bb82\cq_engine.$proc$src/cq_engine.v:90$1940'.
  created $dff cell `$procdff$7094' with positive edge clock.
Creating register for signal `$paramod$1ab8f550ab7ac183bdaea65dc5ae6560cdae7ad4\sq_engine.\i' using process `$paramod$1ab8f550ab7ac183bdaea65dc5ae6560cdae7ad4\sq_engine.$proc$src/sq_engine.v:115$1568'.
  created $dff cell `$procdff$7095' with positive edge clock.
Creating register for signal `$paramod$1ab8f550ab7ac183bdaea65dc5ae6560cdae7ad4\sq_engine.\credit_dec' using process `$paramod$1ab8f550ab7ac183bdaea65dc5ae6560cdae7ad4\sq_engine.$proc$src/sq_engine.v:115$1568'.
  created $dff cell `$procdff$7096' with positive edge clock.
Creating register for signal `$paramod$1ab8f550ab7ac183bdaea65dc5ae6560cdae7ad4\sq_engine.\state' using process `$paramod$1ab8f550ab7ac183bdaea65dc5ae6560cdae7ad4\sq_engine.$proc$src/sq_engine.v:115$1568'.
  created $dff cell `$procdff$7097' with positive edge clock.
Creating register for signal `$paramod$1ab8f550ab7ac183bdaea65dc5ae6560cdae7ad4\sq_engine.\cur_qid' using process `$paramod$1ab8f550ab7ac183bdaea65dc5ae6560cdae7ad4\sq_engine.$proc$src/sq_engine.v:115$1568'.
  created $dff cell `$procdff$7098' with positive edge clock.
Creating register for signal `$paramod$1ab8f550ab7ac183bdaea65dc5ae6560cdae7ad4\sq_engine.\sram_req' using process `$paramod$1ab8f550ab7ac183bdaea65dc5ae6560cdae7ad4\sq_engine.$proc$src/sq_engine.v:115$1568'.
  created $dff cell `$procdff$7099' with positive edge clock.
Creating register for signal `$paramod$1ab8f550ab7ac183bdaea65dc5ae6560cdae7ad4\sq_engine.\sram_wr' using process `$paramod$1ab8f550ab7ac183bdaea65dc5ae6560cdae7ad4\sq_engine.$proc$src/sq_engine.v:115$1568'.
  created $dff cell `$procdff$7100' with positive edge clock.
Creating register for signal `$paramod$1ab8f550ab7ac183bdaea65dc5ae6560cdae7ad4\sq_engine.\sram_addr' using process `$paramod$1ab8f550ab7ac183bdaea65dc5ae6560cdae7ad4\sq_engine.$proc$src/sq_engine.v:115$1568'.
  created $dff cell `$procdff$7101' with positive edge clock.
Creating register for signal `$paramod$1ab8f550ab7ac183bdaea65dc5ae6560cdae7ad4\sq_engine.\sram_wdata' using process `$paramod$1ab8f550ab7ac183bdaea65dc5ae6560cdae7ad4\sq_engine.$proc$src/sq_engine.v:115$1568'.
  created $dff cell `$procdff$7102' with positive edge clock.
Creating register for signal `$paramod$1ab8f550ab7ac183bdaea65dc5ae6560cdae7ad4\sq_engine.\sq_ready' using process `$paramod$1ab8f550ab7ac183bdaea65dc5ae6560cdae7ad4\sq_engine.$proc$src/sq_engine.v:115$1568'.
  created $dff cell `$procdff$7103' with positive edge clock.
Creating register for signal `$paramod$1ab8f550ab7ac183bdaea65dc5ae6560cdae7ad4\sq_engine.\sq_qid' using process `$paramod$1ab8f550ab7ac183bdaea65dc5ae6560cdae7ad4\sq_engine.$proc$src/sq_engine.v:115$1568'.
  created $dff cell `$procdff$7104' with positive edge clock.
Creating register for signal `$paramod$1ab8f550ab7ac183bdaea65dc5ae6560cdae7ad4\sq_engine.\cur_opcode' using process `$paramod$1ab8f550ab7ac183bdaea65dc5ae6560cdae7ad4\sq_engine.$proc$src/sq_engine.v:115$1568'.
  created $dff cell `$procdff$7105' with positive edge clock.
Creating register for signal `$paramod$1ab8f550ab7ac183bdaea65dc5ae6560cdae7ad4\sq_engine.\cur_flags' using process `$paramod$1ab8f550ab7ac183bdaea65dc5ae6560cdae7ad4\sq_engine.$proc$src/sq_engine.v:115$1568'.
  created $dff cell `$procdff$7106' with positive edge clock.
Creating register for signal `$paramod$1ab8f550ab7ac183bdaea65dc5ae6560cdae7ad4\sq_engine.\cur_nsid' using process `$paramod$1ab8f550ab7ac183bdaea65dc5ae6560cdae7ad4\sq_engine.$proc$src/sq_engine.v:115$1568'.
  created $dff cell `$procdff$7107' with positive edge clock.
Creating register for signal `$paramod$1ab8f550ab7ac183bdaea65dc5ae6560cdae7ad4\sq_engine.\cur_lba' using process `$paramod$1ab8f550ab7ac183bdaea65dc5ae6560cdae7ad4\sq_engine.$proc$src/sq_engine.v:115$1568'.
  created $dff cell `$procdff$7108' with positive edge clock.
Creating register for signal `$paramod$1ab8f550ab7ac183bdaea65dc5ae6560cdae7ad4\sq_engine.\cur_nlb' using process `$paramod$1ab8f550ab7ac183bdaea65dc5ae6560cdae7ad4\sq_engine.$proc$src/sq_engine.v:115$1568'.
  created $dff cell `$procdff$7109' with positive edge clock.
Creating register for signal `$paramod$1ab8f550ab7ac183bdaea65dc5ae6560cdae7ad4\sq_engine.\cur_qpair_id' using process `$paramod$1ab8f550ab7ac183bdaea65dc5ae6560cdae7ad4\sq_engine.$proc$src/sq_engine.v:115$1568'.
  created $dff cell `$procdff$7110' with positive edge clock.
Creating register for signal `$paramod$1ab8f550ab7ac183bdaea65dc5ae6560cdae7ad4\sq_engine.\cur_buf_addr' using process `$paramod$1ab8f550ab7ac183bdaea65dc5ae6560cdae7ad4\sq_engine.$proc$src/sq_engine.v:115$1568'.
  created $dff cell `$procdff$7111' with positive edge clock.
Creating register for signal `$paramod$1ab8f550ab7ac183bdaea65dc5ae6560cdae7ad4\sq_engine.\cur_cid' using process `$paramod$1ab8f550ab7ac183bdaea65dc5ae6560cdae7ad4\sq_engine.$proc$src/sq_engine.v:115$1568'.
  created $dff cell `$procdff$7112' with positive edge clock.
Creating register for signal `$paramod$1ab8f550ab7ac183bdaea65dc5ae6560cdae7ad4\sq_engine.\cur_transfer_size' using process `$paramod$1ab8f550ab7ac183bdaea65dc5ae6560cdae7ad4\sq_engine.$proc$src/sq_engine.v:115$1568'.
  created $dff cell `$procdff$7113' with positive edge clock.
Creating register for signal `$paramod$1ab8f550ab7ac183bdaea65dc5ae6560cdae7ad4\sq_engine.\cur_prp1' using process `$paramod$1ab8f550ab7ac183bdaea65dc5ae6560cdae7ad4\sq_engine.$proc$src/sq_engine.v:115$1568'.
  created $dff cell `$procdff$7114' with positive edge clock.
Creating register for signal `$paramod$1ab8f550ab7ac183bdaea65dc5ae6560cdae7ad4\sq_engine.\cur_prp2' using process `$paramod$1ab8f550ab7ac183bdaea65dc5ae6560cdae7ad4\sq_engine.$proc$src/sq_engine.v:115$1568'.
  created $dff cell `$procdff$7115' with positive edge clock.
Creating register for signal `$paramod$1ab8f550ab7ac183bdaea65dc5ae6560cdae7ad4\sq_engine.\prp_idx' using process `$paramod$1ab8f550ab7ac183bdaea65dc5ae6560cdae7ad4\sq_engine.$proc$src/sq_engine.v:115$1568'.
  created $dff cell `$procdff$7116' with positive edge clock.
Creating register for signal `$paramod$1ab8f550ab7ac183bdaea65dc5ae6560cdae7ad4\sq_engine.\prp_count' using process `$paramod$1ab8f550ab7ac183bdaea65dc5ae6560cdae7ad4\sq_engine.$proc$src/sq_engine.v:115$1568'.
  created $dff cell `$procdff$7117' with positive edge clock.
Creating register for signal `$paramod$1ab8f550ab7ac183bdaea65dc5ae6560cdae7ad4\sq_engine.\inject_done' using process `$paramod$1ab8f550ab7ac183bdaea65dc5ae6560cdae7ad4\sq_engine.$proc$src/sq_engine.v:115$1568'.
  created $dff cell `$procdff$7118' with positive edge clock.
Creating register for signal `$paramod$1ab8f550ab7ac183bdaea65dc5ae6560cdae7ad4\sq_engine.\prp_was_simple' using process `$paramod$1ab8f550ab7ac183bdaea65dc5ae6560cdae7ad4\sq_engine.$proc$src/sq_engine.v:115$1568'.
  created $dff cell `$procdff$7119' with positive edge clock.
Creating register for signal `$paramod$1ab8f550ab7ac183bdaea65dc5ae6560cdae7ad4\sq_engine.\prp_was_list' using process `$paramod$1ab8f550ab7ac183bdaea65dc5ae6560cdae7ad4\sq_engine.$proc$src/sq_engine.v:115$1568'.
  created $dff cell `$procdff$7120' with positive edge clock.
Creating register for signal `$paramod$1ab8f550ab7ac183bdaea65dc5ae6560cdae7ad4\sq_engine.$memwr$\latch_w0$src/sq_engine.v:131$1464_EN' using process `$paramod$1ab8f550ab7ac183bdaea65dc5ae6560cdae7ad4\sq_engine.$proc$src/sq_engine.v:115$1568'.
  created $dff cell `$procdff$7121' with positive edge clock.
Creating register for signal `$paramod$1ab8f550ab7ac183bdaea65dc5ae6560cdae7ad4\sq_engine.$memwr$\latch_w1$src/sq_engine.v:131$1465_EN' using process `$paramod$1ab8f550ab7ac183bdaea65dc5ae6560cdae7ad4\sq_engine.$proc$src/sq_engine.v:115$1568'.
  created $dff cell `$procdff$7122' with positive edge clock.
Creating register for signal `$paramod$1ab8f550ab7ac183bdaea65dc5ae6560cdae7ad4\sq_engine.$memwr$\latch_w2$src/sq_engine.v:131$1466_EN' using process `$paramod$1ab8f550ab7ac183bdaea65dc5ae6560cdae7ad4\sq_engine.$proc$src/sq_engine.v:115$1568'.
  created $dff cell `$procdff$7123' with positive edge clock.
Creating register for signal `$paramod$1ab8f550ab7ac183bdaea65dc5ae6560cdae7ad4\sq_engine.$memwr$\write_count$src/sq_engine.v:132$1467_EN' using process `$paramod$1ab8f550ab7ac183bdaea65dc5ae6560cdae7ad4\sq_engine.$proc$src/sq_engine.v:115$1568'.
  created $dff cell `$procdff$7124' with positive edge clock.
Creating register for signal `$paramod$1ab8f550ab7ac183bdaea65dc5ae6560cdae7ad4\sq_engine.$memwr$\cid_counter$src/sq_engine.v:133$1468_EN' using process `$paramod$1ab8f550ab7ac183bdaea65dc5ae6560cdae7ad4\sq_engine.$proc$src/sq_engine.v:115$1568'.
  created $dff cell `$procdff$7125' with positive edge clock.
Creating register for signal `$paramod$1ab8f550ab7ac183bdaea65dc5ae6560cdae7ad4\sq_engine.$memwr$\latch_w0$src/sq_engine.v:131$1469_EN' using process `$paramod$1ab8f550ab7ac183bdaea65dc5ae6560cdae7ad4\sq_engine.$proc$src/sq_engine.v:115$1568'.
  created $dff cell `$procdff$7126' with positive edge clock.
Creating register for signal `$paramod$1ab8f550ab7ac183bdaea65dc5ae6560cdae7ad4\sq_engine.$memwr$\latch_w1$src/sq_engine.v:131$1470_EN' using process `$paramod$1ab8f550ab7ac183bdaea65dc5ae6560cdae7ad4\sq_engine.$proc$src/sq_engine.v:115$1568'.
  created $dff cell `$procdff$7127' with positive edge clock.
Creating register for signal `$paramod$1ab8f550ab7ac183bdaea65dc5ae6560cdae7ad4\sq_engine.$memwr$\latch_w2$src/sq_engine.v:131$1471_EN' using process `$paramod$1ab8f550ab7ac183bdaea65dc5ae6560cdae7ad4\sq_engine.$proc$src/sq_engine.v:115$1568'.
  created $dff cell `$procdff$7128' with positive edge clock.
Creating register for signal `$paramod$1ab8f550ab7ac183bdaea65dc5ae6560cdae7ad4\sq_engine.$memwr$\write_count$src/sq_engine.v:132$1472_EN' using process `$paramod$1ab8f550ab7ac183bdaea65dc5ae6560cdae7ad4\sq_engine.$proc$src/sq_engine.v:115$1568'.
  created $dff cell `$procdff$7129' with positive edge clock.
Creating register for signal `$paramod$1ab8f550ab7ac183bdaea65dc5ae6560cdae7ad4\sq_engine.$memwr$\cid_counter$src/sq_engine.v:133$1473_EN' using process `$paramod$1ab8f550ab7ac183bdaea65dc5ae6560cdae7ad4\sq_engine.$proc$src/sq_engine.v:115$1568'.
  created $dff cell `$procdff$7130' with positive edge clock.
Creating register for signal `$paramod$1ab8f550ab7ac183bdaea65dc5ae6560cdae7ad4\sq_engine.$memwr$\latch_w0$src/sq_engine.v:131$1474_EN' using process `$paramod$1ab8f550ab7ac183bdaea65dc5ae6560cdae7ad4\sq_engine.$proc$src/sq_engine.v:115$1568'.
  created $dff cell `$procdff$7131' with positive edge clock.
Creating register for signal `$paramod$1ab8f550ab7ac183bdaea65dc5ae6560cdae7ad4\sq_engine.$memwr$\latch_w1$src/sq_engine.v:131$1475_EN' using process `$paramod$1ab8f550ab7ac183bdaea65dc5ae6560cdae7ad4\sq_engine.$proc$src/sq_engine.v:115$1568'.
  created $dff cell `$procdff$7132' with positive edge clock.
Creating register for signal `$paramod$1ab8f550ab7ac183bdaea65dc5ae6560cdae7ad4\sq_engine.$memwr$\latch_w2$src/sq_engine.v:131$1476_EN' using process `$paramod$1ab8f550ab7ac183bdaea65dc5ae6560cdae7ad4\sq_engine.$proc$src/sq_engine.v:115$1568'.
  created $dff cell `$procdff$7133' with positive edge clock.
Creating register for signal `$paramod$1ab8f550ab7ac183bdaea65dc5ae6560cdae7ad4\sq_engine.$memwr$\write_count$src/sq_engine.v:132$1477_EN' using process `$paramod$1ab8f550ab7ac183bdaea65dc5ae6560cdae7ad4\sq_engine.$proc$src/sq_engine.v:115$1568'.
  created $dff cell `$procdff$7134' with positive edge clock.
Creating register for signal `$paramod$1ab8f550ab7ac183bdaea65dc5ae6560cdae7ad4\sq_engine.$memwr$\cid_counter$src/sq_engine.v:133$1478_EN' using process `$paramod$1ab8f550ab7ac183bdaea65dc5ae6560cdae7ad4\sq_engine.$proc$src/sq_engine.v:115$1568'.
  created $dff cell `$procdff$7135' with positive edge clock.
Creating register for signal `$paramod$1ab8f550ab7ac183bdaea65dc5ae6560cdae7ad4\sq_engine.$memwr$\latch_w0$src/sq_engine.v:131$1479_EN' using process `$paramod$1ab8f550ab7ac183bdaea65dc5ae6560cdae7ad4\sq_engine.$proc$src/sq_engine.v:115$1568'.
  created $dff cell `$procdff$7136' with positive edge clock.
Creating register for signal `$paramod$1ab8f550ab7ac183bdaea65dc5ae6560cdae7ad4\sq_engine.$memwr$\latch_w1$src/sq_engine.v:131$1480_EN' using process `$paramod$1ab8f550ab7ac183bdaea65dc5ae6560cdae7ad4\sq_engine.$proc$src/sq_engine.v:115$1568'.
  created $dff cell `$procdff$7137' with positive edge clock.
Creating register for signal `$paramod$1ab8f550ab7ac183bdaea65dc5ae6560cdae7ad4\sq_engine.$memwr$\latch_w2$src/sq_engine.v:131$1481_EN' using process `$paramod$1ab8f550ab7ac183bdaea65dc5ae6560cdae7ad4\sq_engine.$proc$src/sq_engine.v:115$1568'.
  created $dff cell `$procdff$7138' with positive edge clock.
Creating register for signal `$paramod$1ab8f550ab7ac183bdaea65dc5ae6560cdae7ad4\sq_engine.$memwr$\write_count$src/sq_engine.v:132$1482_EN' using process `$paramod$1ab8f550ab7ac183bdaea65dc5ae6560cdae7ad4\sq_engine.$proc$src/sq_engine.v:115$1568'.
  created $dff cell `$procdff$7139' with positive edge clock.
Creating register for signal `$paramod$1ab8f550ab7ac183bdaea65dc5ae6560cdae7ad4\sq_engine.$memwr$\cid_counter$src/sq_engine.v:133$1483_EN' using process `$paramod$1ab8f550ab7ac183bdaea65dc5ae6560cdae7ad4\sq_engine.$proc$src/sq_engine.v:115$1568'.
  created $dff cell `$procdff$7140' with positive edge clock.
Creating register for signal `$paramod$1ab8f550ab7ac183bdaea65dc5ae6560cdae7ad4\sq_engine.$memwr$\latch_w0$src/sq_engine.v:131$1484_EN' using process `$paramod$1ab8f550ab7ac183bdaea65dc5ae6560cdae7ad4\sq_engine.$proc$src/sq_engine.v:115$1568'.
  created $dff cell `$procdff$7141' with positive edge clock.
Creating register for signal `$paramod$1ab8f550ab7ac183bdaea65dc5ae6560cdae7ad4\sq_engine.$memwr$\latch_w1$src/sq_engine.v:131$1485_EN' using process `$paramod$1ab8f550ab7ac183bdaea65dc5ae6560cdae7ad4\sq_engine.$proc$src/sq_engine.v:115$1568'.
  created $dff cell `$procdff$7142' with positive edge clock.
Creating register for signal `$paramod$1ab8f550ab7ac183bdaea65dc5ae6560cdae7ad4\sq_engine.$memwr$\latch_w2$src/sq_engine.v:131$1486_EN' using process `$paramod$1ab8f550ab7ac183bdaea65dc5ae6560cdae7ad4\sq_engine.$proc$src/sq_engine.v:115$1568'.
  created $dff cell `$procdff$7143' with positive edge clock.
Creating register for signal `$paramod$1ab8f550ab7ac183bdaea65dc5ae6560cdae7ad4\sq_engine.$memwr$\write_count$src/sq_engine.v:132$1487_EN' using process `$paramod$1ab8f550ab7ac183bdaea65dc5ae6560cdae7ad4\sq_engine.$proc$src/sq_engine.v:115$1568'.
  created $dff cell `$procdff$7144' with positive edge clock.
Creating register for signal `$paramod$1ab8f550ab7ac183bdaea65dc5ae6560cdae7ad4\sq_engine.$memwr$\cid_counter$src/sq_engine.v:133$1488_EN' using process `$paramod$1ab8f550ab7ac183bdaea65dc5ae6560cdae7ad4\sq_engine.$proc$src/sq_engine.v:115$1568'.
  created $dff cell `$procdff$7145' with positive edge clock.
Creating register for signal `$paramod$1ab8f550ab7ac183bdaea65dc5ae6560cdae7ad4\sq_engine.$memwr$\latch_w0$src/sq_engine.v:131$1489_EN' using process `$paramod$1ab8f550ab7ac183bdaea65dc5ae6560cdae7ad4\sq_engine.$proc$src/sq_engine.v:115$1568'.
  created $dff cell `$procdff$7146' with positive edge clock.
Creating register for signal `$paramod$1ab8f550ab7ac183bdaea65dc5ae6560cdae7ad4\sq_engine.$memwr$\latch_w1$src/sq_engine.v:131$1490_EN' using process `$paramod$1ab8f550ab7ac183bdaea65dc5ae6560cdae7ad4\sq_engine.$proc$src/sq_engine.v:115$1568'.
  created $dff cell `$procdff$7147' with positive edge clock.
Creating register for signal `$paramod$1ab8f550ab7ac183bdaea65dc5ae6560cdae7ad4\sq_engine.$memwr$\latch_w2$src/sq_engine.v:131$1491_EN' using process `$paramod$1ab8f550ab7ac183bdaea65dc5ae6560cdae7ad4\sq_engine.$proc$src/sq_engine.v:115$1568'.
  created $dff cell `$procdff$7148' with positive edge clock.
Creating register for signal `$paramod$1ab8f550ab7ac183bdaea65dc5ae6560cdae7ad4\sq_engine.$memwr$\write_count$src/sq_engine.v:132$1492_EN' using process `$paramod$1ab8f550ab7ac183bdaea65dc5ae6560cdae7ad4\sq_engine.$proc$src/sq_engine.v:115$1568'.
  created $dff cell `$procdff$7149' with positive edge clock.
Creating register for signal `$paramod$1ab8f550ab7ac183bdaea65dc5ae6560cdae7ad4\sq_engine.$memwr$\cid_counter$src/sq_engine.v:133$1493_EN' using process `$paramod$1ab8f550ab7ac183bdaea65dc5ae6560cdae7ad4\sq_engine.$proc$src/sq_engine.v:115$1568'.
  created $dff cell `$procdff$7150' with positive edge clock.
Creating register for signal `$paramod$1ab8f550ab7ac183bdaea65dc5ae6560cdae7ad4\sq_engine.$memwr$\latch_w0$src/sq_engine.v:131$1494_EN' using process `$paramod$1ab8f550ab7ac183bdaea65dc5ae6560cdae7ad4\sq_engine.$proc$src/sq_engine.v:115$1568'.
  created $dff cell `$procdff$7151' with positive edge clock.
Creating register for signal `$paramod$1ab8f550ab7ac183bdaea65dc5ae6560cdae7ad4\sq_engine.$memwr$\latch_w1$src/sq_engine.v:131$1495_EN' using process `$paramod$1ab8f550ab7ac183bdaea65dc5ae6560cdae7ad4\sq_engine.$proc$src/sq_engine.v:115$1568'.
  created $dff cell `$procdff$7152' with positive edge clock.
Creating register for signal `$paramod$1ab8f550ab7ac183bdaea65dc5ae6560cdae7ad4\sq_engine.$memwr$\latch_w2$src/sq_engine.v:131$1496_EN' using process `$paramod$1ab8f550ab7ac183bdaea65dc5ae6560cdae7ad4\sq_engine.$proc$src/sq_engine.v:115$1568'.
  created $dff cell `$procdff$7153' with positive edge clock.
Creating register for signal `$paramod$1ab8f550ab7ac183bdaea65dc5ae6560cdae7ad4\sq_engine.$memwr$\write_count$src/sq_engine.v:132$1497_EN' using process `$paramod$1ab8f550ab7ac183bdaea65dc5ae6560cdae7ad4\sq_engine.$proc$src/sq_engine.v:115$1568'.
  created $dff cell `$procdff$7154' with positive edge clock.
Creating register for signal `$paramod$1ab8f550ab7ac183bdaea65dc5ae6560cdae7ad4\sq_engine.$memwr$\cid_counter$src/sq_engine.v:133$1498_EN' using process `$paramod$1ab8f550ab7ac183bdaea65dc5ae6560cdae7ad4\sq_engine.$proc$src/sq_engine.v:115$1568'.
  created $dff cell `$procdff$7155' with positive edge clock.
Creating register for signal `$paramod$1ab8f550ab7ac183bdaea65dc5ae6560cdae7ad4\sq_engine.$memwr$\latch_w0$src/sq_engine.v:131$1499_EN' using process `$paramod$1ab8f550ab7ac183bdaea65dc5ae6560cdae7ad4\sq_engine.$proc$src/sq_engine.v:115$1568'.
  created $dff cell `$procdff$7156' with positive edge clock.
Creating register for signal `$paramod$1ab8f550ab7ac183bdaea65dc5ae6560cdae7ad4\sq_engine.$memwr$\latch_w1$src/sq_engine.v:131$1500_EN' using process `$paramod$1ab8f550ab7ac183bdaea65dc5ae6560cdae7ad4\sq_engine.$proc$src/sq_engine.v:115$1568'.
  created $dff cell `$procdff$7157' with positive edge clock.
Creating register for signal `$paramod$1ab8f550ab7ac183bdaea65dc5ae6560cdae7ad4\sq_engine.$memwr$\latch_w2$src/sq_engine.v:131$1501_EN' using process `$paramod$1ab8f550ab7ac183bdaea65dc5ae6560cdae7ad4\sq_engine.$proc$src/sq_engine.v:115$1568'.
  created $dff cell `$procdff$7158' with positive edge clock.
Creating register for signal `$paramod$1ab8f550ab7ac183bdaea65dc5ae6560cdae7ad4\sq_engine.$memwr$\write_count$src/sq_engine.v:132$1502_EN' using process `$paramod$1ab8f550ab7ac183bdaea65dc5ae6560cdae7ad4\sq_engine.$proc$src/sq_engine.v:115$1568'.
  created $dff cell `$procdff$7159' with positive edge clock.
Creating register for signal `$paramod$1ab8f550ab7ac183bdaea65dc5ae6560cdae7ad4\sq_engine.$memwr$\cid_counter$src/sq_engine.v:133$1503_EN' using process `$paramod$1ab8f550ab7ac183bdaea65dc5ae6560cdae7ad4\sq_engine.$proc$src/sq_engine.v:115$1568'.
  created $dff cell `$procdff$7160' with positive edge clock.
Creating register for signal `$paramod$1ab8f550ab7ac183bdaea65dc5ae6560cdae7ad4\sq_engine.$memwr$\latch_w0$src/sq_engine.v:131$1504_EN' using process `$paramod$1ab8f550ab7ac183bdaea65dc5ae6560cdae7ad4\sq_engine.$proc$src/sq_engine.v:115$1568'.
  created $dff cell `$procdff$7161' with positive edge clock.
Creating register for signal `$paramod$1ab8f550ab7ac183bdaea65dc5ae6560cdae7ad4\sq_engine.$memwr$\latch_w1$src/sq_engine.v:131$1505_EN' using process `$paramod$1ab8f550ab7ac183bdaea65dc5ae6560cdae7ad4\sq_engine.$proc$src/sq_engine.v:115$1568'.
  created $dff cell `$procdff$7162' with positive edge clock.
Creating register for signal `$paramod$1ab8f550ab7ac183bdaea65dc5ae6560cdae7ad4\sq_engine.$memwr$\latch_w2$src/sq_engine.v:131$1506_EN' using process `$paramod$1ab8f550ab7ac183bdaea65dc5ae6560cdae7ad4\sq_engine.$proc$src/sq_engine.v:115$1568'.
  created $dff cell `$procdff$7163' with positive edge clock.
Creating register for signal `$paramod$1ab8f550ab7ac183bdaea65dc5ae6560cdae7ad4\sq_engine.$memwr$\write_count$src/sq_engine.v:132$1507_EN' using process `$paramod$1ab8f550ab7ac183bdaea65dc5ae6560cdae7ad4\sq_engine.$proc$src/sq_engine.v:115$1568'.
  created $dff cell `$procdff$7164' with positive edge clock.
Creating register for signal `$paramod$1ab8f550ab7ac183bdaea65dc5ae6560cdae7ad4\sq_engine.$memwr$\cid_counter$src/sq_engine.v:133$1508_EN' using process `$paramod$1ab8f550ab7ac183bdaea65dc5ae6560cdae7ad4\sq_engine.$proc$src/sq_engine.v:115$1568'.
  created $dff cell `$procdff$7165' with positive edge clock.
Creating register for signal `$paramod$1ab8f550ab7ac183bdaea65dc5ae6560cdae7ad4\sq_engine.$memwr$\latch_w0$src/sq_engine.v:131$1509_EN' using process `$paramod$1ab8f550ab7ac183bdaea65dc5ae6560cdae7ad4\sq_engine.$proc$src/sq_engine.v:115$1568'.
  created $dff cell `$procdff$7166' with positive edge clock.
Creating register for signal `$paramod$1ab8f550ab7ac183bdaea65dc5ae6560cdae7ad4\sq_engine.$memwr$\latch_w1$src/sq_engine.v:131$1510_EN' using process `$paramod$1ab8f550ab7ac183bdaea65dc5ae6560cdae7ad4\sq_engine.$proc$src/sq_engine.v:115$1568'.
  created $dff cell `$procdff$7167' with positive edge clock.
Creating register for signal `$paramod$1ab8f550ab7ac183bdaea65dc5ae6560cdae7ad4\sq_engine.$memwr$\latch_w2$src/sq_engine.v:131$1511_EN' using process `$paramod$1ab8f550ab7ac183bdaea65dc5ae6560cdae7ad4\sq_engine.$proc$src/sq_engine.v:115$1568'.
  created $dff cell `$procdff$7168' with positive edge clock.
Creating register for signal `$paramod$1ab8f550ab7ac183bdaea65dc5ae6560cdae7ad4\sq_engine.$memwr$\write_count$src/sq_engine.v:132$1512_EN' using process `$paramod$1ab8f550ab7ac183bdaea65dc5ae6560cdae7ad4\sq_engine.$proc$src/sq_engine.v:115$1568'.
  created $dff cell `$procdff$7169' with positive edge clock.
Creating register for signal `$paramod$1ab8f550ab7ac183bdaea65dc5ae6560cdae7ad4\sq_engine.$memwr$\cid_counter$src/sq_engine.v:133$1513_EN' using process `$paramod$1ab8f550ab7ac183bdaea65dc5ae6560cdae7ad4\sq_engine.$proc$src/sq_engine.v:115$1568'.
  created $dff cell `$procdff$7170' with positive edge clock.
Creating register for signal `$paramod$1ab8f550ab7ac183bdaea65dc5ae6560cdae7ad4\sq_engine.$memwr$\latch_w0$src/sq_engine.v:131$1514_EN' using process `$paramod$1ab8f550ab7ac183bdaea65dc5ae6560cdae7ad4\sq_engine.$proc$src/sq_engine.v:115$1568'.
  created $dff cell `$procdff$7171' with positive edge clock.
Creating register for signal `$paramod$1ab8f550ab7ac183bdaea65dc5ae6560cdae7ad4\sq_engine.$memwr$\latch_w1$src/sq_engine.v:131$1515_EN' using process `$paramod$1ab8f550ab7ac183bdaea65dc5ae6560cdae7ad4\sq_engine.$proc$src/sq_engine.v:115$1568'.
  created $dff cell `$procdff$7172' with positive edge clock.
Creating register for signal `$paramod$1ab8f550ab7ac183bdaea65dc5ae6560cdae7ad4\sq_engine.$memwr$\latch_w2$src/sq_engine.v:131$1516_EN' using process `$paramod$1ab8f550ab7ac183bdaea65dc5ae6560cdae7ad4\sq_engine.$proc$src/sq_engine.v:115$1568'.
  created $dff cell `$procdff$7173' with positive edge clock.
Creating register for signal `$paramod$1ab8f550ab7ac183bdaea65dc5ae6560cdae7ad4\sq_engine.$memwr$\write_count$src/sq_engine.v:132$1517_EN' using process `$paramod$1ab8f550ab7ac183bdaea65dc5ae6560cdae7ad4\sq_engine.$proc$src/sq_engine.v:115$1568'.
  created $dff cell `$procdff$7174' with positive edge clock.
Creating register for signal `$paramod$1ab8f550ab7ac183bdaea65dc5ae6560cdae7ad4\sq_engine.$memwr$\cid_counter$src/sq_engine.v:133$1518_EN' using process `$paramod$1ab8f550ab7ac183bdaea65dc5ae6560cdae7ad4\sq_engine.$proc$src/sq_engine.v:115$1568'.
  created $dff cell `$procdff$7175' with positive edge clock.
Creating register for signal `$paramod$1ab8f550ab7ac183bdaea65dc5ae6560cdae7ad4\sq_engine.$memwr$\latch_w0$src/sq_engine.v:131$1519_EN' using process `$paramod$1ab8f550ab7ac183bdaea65dc5ae6560cdae7ad4\sq_engine.$proc$src/sq_engine.v:115$1568'.
  created $dff cell `$procdff$7176' with positive edge clock.
Creating register for signal `$paramod$1ab8f550ab7ac183bdaea65dc5ae6560cdae7ad4\sq_engine.$memwr$\latch_w1$src/sq_engine.v:131$1520_EN' using process `$paramod$1ab8f550ab7ac183bdaea65dc5ae6560cdae7ad4\sq_engine.$proc$src/sq_engine.v:115$1568'.
  created $dff cell `$procdff$7177' with positive edge clock.
Creating register for signal `$paramod$1ab8f550ab7ac183bdaea65dc5ae6560cdae7ad4\sq_engine.$memwr$\latch_w2$src/sq_engine.v:131$1521_EN' using process `$paramod$1ab8f550ab7ac183bdaea65dc5ae6560cdae7ad4\sq_engine.$proc$src/sq_engine.v:115$1568'.
  created $dff cell `$procdff$7178' with positive edge clock.
Creating register for signal `$paramod$1ab8f550ab7ac183bdaea65dc5ae6560cdae7ad4\sq_engine.$memwr$\write_count$src/sq_engine.v:132$1522_EN' using process `$paramod$1ab8f550ab7ac183bdaea65dc5ae6560cdae7ad4\sq_engine.$proc$src/sq_engine.v:115$1568'.
  created $dff cell `$procdff$7179' with positive edge clock.
Creating register for signal `$paramod$1ab8f550ab7ac183bdaea65dc5ae6560cdae7ad4\sq_engine.$memwr$\cid_counter$src/sq_engine.v:133$1523_EN' using process `$paramod$1ab8f550ab7ac183bdaea65dc5ae6560cdae7ad4\sq_engine.$proc$src/sq_engine.v:115$1568'.
  created $dff cell `$procdff$7180' with positive edge clock.
Creating register for signal `$paramod$1ab8f550ab7ac183bdaea65dc5ae6560cdae7ad4\sq_engine.$memwr$\latch_w0$src/sq_engine.v:131$1524_EN' using process `$paramod$1ab8f550ab7ac183bdaea65dc5ae6560cdae7ad4\sq_engine.$proc$src/sq_engine.v:115$1568'.
  created $dff cell `$procdff$7181' with positive edge clock.
Creating register for signal `$paramod$1ab8f550ab7ac183bdaea65dc5ae6560cdae7ad4\sq_engine.$memwr$\latch_w1$src/sq_engine.v:131$1525_EN' using process `$paramod$1ab8f550ab7ac183bdaea65dc5ae6560cdae7ad4\sq_engine.$proc$src/sq_engine.v:115$1568'.
  created $dff cell `$procdff$7182' with positive edge clock.
Creating register for signal `$paramod$1ab8f550ab7ac183bdaea65dc5ae6560cdae7ad4\sq_engine.$memwr$\latch_w2$src/sq_engine.v:131$1526_EN' using process `$paramod$1ab8f550ab7ac183bdaea65dc5ae6560cdae7ad4\sq_engine.$proc$src/sq_engine.v:115$1568'.
  created $dff cell `$procdff$7183' with positive edge clock.
Creating register for signal `$paramod$1ab8f550ab7ac183bdaea65dc5ae6560cdae7ad4\sq_engine.$memwr$\write_count$src/sq_engine.v:132$1527_EN' using process `$paramod$1ab8f550ab7ac183bdaea65dc5ae6560cdae7ad4\sq_engine.$proc$src/sq_engine.v:115$1568'.
  created $dff cell `$procdff$7184' with positive edge clock.
Creating register for signal `$paramod$1ab8f550ab7ac183bdaea65dc5ae6560cdae7ad4\sq_engine.$memwr$\cid_counter$src/sq_engine.v:133$1528_EN' using process `$paramod$1ab8f550ab7ac183bdaea65dc5ae6560cdae7ad4\sq_engine.$proc$src/sq_engine.v:115$1568'.
  created $dff cell `$procdff$7185' with positive edge clock.
Creating register for signal `$paramod$1ab8f550ab7ac183bdaea65dc5ae6560cdae7ad4\sq_engine.$memwr$\latch_w0$src/sq_engine.v:131$1529_EN' using process `$paramod$1ab8f550ab7ac183bdaea65dc5ae6560cdae7ad4\sq_engine.$proc$src/sq_engine.v:115$1568'.
  created $dff cell `$procdff$7186' with positive edge clock.
Creating register for signal `$paramod$1ab8f550ab7ac183bdaea65dc5ae6560cdae7ad4\sq_engine.$memwr$\latch_w1$src/sq_engine.v:131$1530_EN' using process `$paramod$1ab8f550ab7ac183bdaea65dc5ae6560cdae7ad4\sq_engine.$proc$src/sq_engine.v:115$1568'.
  created $dff cell `$procdff$7187' with positive edge clock.
Creating register for signal `$paramod$1ab8f550ab7ac183bdaea65dc5ae6560cdae7ad4\sq_engine.$memwr$\latch_w2$src/sq_engine.v:131$1531_EN' using process `$paramod$1ab8f550ab7ac183bdaea65dc5ae6560cdae7ad4\sq_engine.$proc$src/sq_engine.v:115$1568'.
  created $dff cell `$procdff$7188' with positive edge clock.
Creating register for signal `$paramod$1ab8f550ab7ac183bdaea65dc5ae6560cdae7ad4\sq_engine.$memwr$\write_count$src/sq_engine.v:132$1532_EN' using process `$paramod$1ab8f550ab7ac183bdaea65dc5ae6560cdae7ad4\sq_engine.$proc$src/sq_engine.v:115$1568'.
  created $dff cell `$procdff$7189' with positive edge clock.
Creating register for signal `$paramod$1ab8f550ab7ac183bdaea65dc5ae6560cdae7ad4\sq_engine.$memwr$\cid_counter$src/sq_engine.v:133$1533_EN' using process `$paramod$1ab8f550ab7ac183bdaea65dc5ae6560cdae7ad4\sq_engine.$proc$src/sq_engine.v:115$1568'.
  created $dff cell `$procdff$7190' with positive edge clock.
Creating register for signal `$paramod$1ab8f550ab7ac183bdaea65dc5ae6560cdae7ad4\sq_engine.$memwr$\latch_w0$src/sq_engine.v:131$1534_EN' using process `$paramod$1ab8f550ab7ac183bdaea65dc5ae6560cdae7ad4\sq_engine.$proc$src/sq_engine.v:115$1568'.
  created $dff cell `$procdff$7191' with positive edge clock.
Creating register for signal `$paramod$1ab8f550ab7ac183bdaea65dc5ae6560cdae7ad4\sq_engine.$memwr$\latch_w1$src/sq_engine.v:131$1535_EN' using process `$paramod$1ab8f550ab7ac183bdaea65dc5ae6560cdae7ad4\sq_engine.$proc$src/sq_engine.v:115$1568'.
  created $dff cell `$procdff$7192' with positive edge clock.
Creating register for signal `$paramod$1ab8f550ab7ac183bdaea65dc5ae6560cdae7ad4\sq_engine.$memwr$\latch_w2$src/sq_engine.v:131$1536_EN' using process `$paramod$1ab8f550ab7ac183bdaea65dc5ae6560cdae7ad4\sq_engine.$proc$src/sq_engine.v:115$1568'.
  created $dff cell `$procdff$7193' with positive edge clock.
Creating register for signal `$paramod$1ab8f550ab7ac183bdaea65dc5ae6560cdae7ad4\sq_engine.$memwr$\write_count$src/sq_engine.v:132$1537_EN' using process `$paramod$1ab8f550ab7ac183bdaea65dc5ae6560cdae7ad4\sq_engine.$proc$src/sq_engine.v:115$1568'.
  created $dff cell `$procdff$7194' with positive edge clock.
Creating register for signal `$paramod$1ab8f550ab7ac183bdaea65dc5ae6560cdae7ad4\sq_engine.$memwr$\cid_counter$src/sq_engine.v:133$1538_EN' using process `$paramod$1ab8f550ab7ac183bdaea65dc5ae6560cdae7ad4\sq_engine.$proc$src/sq_engine.v:115$1568'.
  created $dff cell `$procdff$7195' with positive edge clock.
Creating register for signal `$paramod$1ab8f550ab7ac183bdaea65dc5ae6560cdae7ad4\sq_engine.$memwr$\latch_w0$src/sq_engine.v:131$1539_EN' using process `$paramod$1ab8f550ab7ac183bdaea65dc5ae6560cdae7ad4\sq_engine.$proc$src/sq_engine.v:115$1568'.
  created $dff cell `$procdff$7196' with positive edge clock.
Creating register for signal `$paramod$1ab8f550ab7ac183bdaea65dc5ae6560cdae7ad4\sq_engine.$memwr$\latch_w1$src/sq_engine.v:131$1540_EN' using process `$paramod$1ab8f550ab7ac183bdaea65dc5ae6560cdae7ad4\sq_engine.$proc$src/sq_engine.v:115$1568'.
  created $dff cell `$procdff$7197' with positive edge clock.
Creating register for signal `$paramod$1ab8f550ab7ac183bdaea65dc5ae6560cdae7ad4\sq_engine.$memwr$\latch_w2$src/sq_engine.v:131$1541_EN' using process `$paramod$1ab8f550ab7ac183bdaea65dc5ae6560cdae7ad4\sq_engine.$proc$src/sq_engine.v:115$1568'.
  created $dff cell `$procdff$7198' with positive edge clock.
Creating register for signal `$paramod$1ab8f550ab7ac183bdaea65dc5ae6560cdae7ad4\sq_engine.$memwr$\write_count$src/sq_engine.v:132$1542_EN' using process `$paramod$1ab8f550ab7ac183bdaea65dc5ae6560cdae7ad4\sq_engine.$proc$src/sq_engine.v:115$1568'.
  created $dff cell `$procdff$7199' with positive edge clock.
Creating register for signal `$paramod$1ab8f550ab7ac183bdaea65dc5ae6560cdae7ad4\sq_engine.$memwr$\cid_counter$src/sq_engine.v:133$1543_EN' using process `$paramod$1ab8f550ab7ac183bdaea65dc5ae6560cdae7ad4\sq_engine.$proc$src/sq_engine.v:115$1568'.
  created $dff cell `$procdff$7200' with positive edge clock.
Creating register for signal `$paramod$1ab8f550ab7ac183bdaea65dc5ae6560cdae7ad4\sq_engine.$memwr$\latch_w0$src/sq_engine.v:148$1544_ADDR' using process `$paramod$1ab8f550ab7ac183bdaea65dc5ae6560cdae7ad4\sq_engine.$proc$src/sq_engine.v:115$1568'.
  created $dff cell `$procdff$7201' with positive edge clock.
Creating register for signal `$paramod$1ab8f550ab7ac183bdaea65dc5ae6560cdae7ad4\sq_engine.$memwr$\latch_w0$src/sq_engine.v:148$1544_DATA' using process `$paramod$1ab8f550ab7ac183bdaea65dc5ae6560cdae7ad4\sq_engine.$proc$src/sq_engine.v:115$1568'.
  created $dff cell `$procdff$7202' with positive edge clock.
Creating register for signal `$paramod$1ab8f550ab7ac183bdaea65dc5ae6560cdae7ad4\sq_engine.$memwr$\latch_w0$src/sq_engine.v:148$1544_EN' using process `$paramod$1ab8f550ab7ac183bdaea65dc5ae6560cdae7ad4\sq_engine.$proc$src/sq_engine.v:115$1568'.
  created $dff cell `$procdff$7203' with positive edge clock.
Creating register for signal `$paramod$1ab8f550ab7ac183bdaea65dc5ae6560cdae7ad4\sq_engine.$memwr$\write_count$src/sq_engine.v:149$1545_ADDR' using process `$paramod$1ab8f550ab7ac183bdaea65dc5ae6560cdae7ad4\sq_engine.$proc$src/sq_engine.v:115$1568'.
  created $dff cell `$procdff$7204' with positive edge clock.
Creating register for signal `$paramod$1ab8f550ab7ac183bdaea65dc5ae6560cdae7ad4\sq_engine.$memwr$\write_count$src/sq_engine.v:149$1545_EN' using process `$paramod$1ab8f550ab7ac183bdaea65dc5ae6560cdae7ad4\sq_engine.$proc$src/sq_engine.v:115$1568'.
  created $dff cell `$procdff$7205' with positive edge clock.
Creating register for signal `$paramod$1ab8f550ab7ac183bdaea65dc5ae6560cdae7ad4\sq_engine.$memwr$\latch_w1$src/sq_engine.v:158$1546_ADDR' using process `$paramod$1ab8f550ab7ac183bdaea65dc5ae6560cdae7ad4\sq_engine.$proc$src/sq_engine.v:115$1568'.
  created $dff cell `$procdff$7206' with positive edge clock.
Creating register for signal `$paramod$1ab8f550ab7ac183bdaea65dc5ae6560cdae7ad4\sq_engine.$memwr$\latch_w1$src/sq_engine.v:158$1546_DATA' using process `$paramod$1ab8f550ab7ac183bdaea65dc5ae6560cdae7ad4\sq_engine.$proc$src/sq_engine.v:115$1568'.
  created $dff cell `$procdff$7207' with positive edge clock.
Creating register for signal `$paramod$1ab8f550ab7ac183bdaea65dc5ae6560cdae7ad4\sq_engine.$memwr$\latch_w1$src/sq_engine.v:158$1546_EN' using process `$paramod$1ab8f550ab7ac183bdaea65dc5ae6560cdae7ad4\sq_engine.$proc$src/sq_engine.v:115$1568'.
  created $dff cell `$procdff$7208' with positive edge clock.
Creating register for signal `$paramod$1ab8f550ab7ac183bdaea65dc5ae6560cdae7ad4\sq_engine.$memwr$\write_count$src/sq_engine.v:159$1547_ADDR' using process `$paramod$1ab8f550ab7ac183bdaea65dc5ae6560cdae7ad4\sq_engine.$proc$src/sq_engine.v:115$1568'.
  created $dff cell `$procdff$7209' with positive edge clock.
Creating register for signal `$paramod$1ab8f550ab7ac183bdaea65dc5ae6560cdae7ad4\sq_engine.$memwr$\write_count$src/sq_engine.v:159$1547_EN' using process `$paramod$1ab8f550ab7ac183bdaea65dc5ae6560cdae7ad4\sq_engine.$proc$src/sq_engine.v:115$1568'.
  created $dff cell `$procdff$7210' with positive edge clock.
Creating register for signal `$paramod$1ab8f550ab7ac183bdaea65dc5ae6560cdae7ad4\sq_engine.$memwr$\latch_w2$src/sq_engine.v:167$1548_ADDR' using process `$paramod$1ab8f550ab7ac183bdaea65dc5ae6560cdae7ad4\sq_engine.$proc$src/sq_engine.v:115$1568'.
  created $dff cell `$procdff$7211' with positive edge clock.
Creating register for signal `$paramod$1ab8f550ab7ac183bdaea65dc5ae6560cdae7ad4\sq_engine.$memwr$\latch_w2$src/sq_engine.v:167$1548_DATA' using process `$paramod$1ab8f550ab7ac183bdaea65dc5ae6560cdae7ad4\sq_engine.$proc$src/sq_engine.v:115$1568'.
  created $dff cell `$procdff$7212' with positive edge clock.
Creating register for signal `$paramod$1ab8f550ab7ac183bdaea65dc5ae6560cdae7ad4\sq_engine.$memwr$\latch_w2$src/sq_engine.v:167$1548_EN' using process `$paramod$1ab8f550ab7ac183bdaea65dc5ae6560cdae7ad4\sq_engine.$proc$src/sq_engine.v:115$1568'.
  created $dff cell `$procdff$7213' with positive edge clock.
Creating register for signal `$paramod$1ab8f550ab7ac183bdaea65dc5ae6560cdae7ad4\sq_engine.$memwr$\write_count$src/sq_engine.v:168$1549_ADDR' using process `$paramod$1ab8f550ab7ac183bdaea65dc5ae6560cdae7ad4\sq_engine.$proc$src/sq_engine.v:115$1568'.
  created $dff cell `$procdff$7214' with positive edge clock.
Creating register for signal `$paramod$1ab8f550ab7ac183bdaea65dc5ae6560cdae7ad4\sq_engine.$memwr$\write_count$src/sq_engine.v:168$1549_EN' using process `$paramod$1ab8f550ab7ac183bdaea65dc5ae6560cdae7ad4\sq_engine.$proc$src/sq_engine.v:115$1568'.
  created $dff cell `$procdff$7215' with positive edge clock.
Creating register for signal `$paramod$1ab8f550ab7ac183bdaea65dc5ae6560cdae7ad4\sq_engine.$memwr$\cid_counter$src/sq_engine.v:185$1557_ADDR' using process `$paramod$1ab8f550ab7ac183bdaea65dc5ae6560cdae7ad4\sq_engine.$proc$src/sq_engine.v:115$1568'.
  created $dff cell `$procdff$7216' with positive edge clock.
Creating register for signal `$paramod$1ab8f550ab7ac183bdaea65dc5ae6560cdae7ad4\sq_engine.$memwr$\cid_counter$src/sq_engine.v:185$1557_DATA' using process `$paramod$1ab8f550ab7ac183bdaea65dc5ae6560cdae7ad4\sq_engine.$proc$src/sq_engine.v:115$1568'.
  created $dff cell `$procdff$7217' with positive edge clock.
Creating register for signal `$paramod$1ab8f550ab7ac183bdaea65dc5ae6560cdae7ad4\sq_engine.$memwr$\cid_counter$src/sq_engine.v:185$1557_EN' using process `$paramod$1ab8f550ab7ac183bdaea65dc5ae6560cdae7ad4\sq_engine.$proc$src/sq_engine.v:115$1568'.
  created $dff cell `$procdff$7218' with positive edge clock.

22.2.10. Executing PROC_MEMWR pass (convert process memory writes to cells).

22.2.11. Executing PROC_CLEAN pass (remove empty switches from decision trees).
Found and cleaned up 1 empty switch in `$paramod\stat_counters\NUM_COUNTERS=s32'00000000000000000000000000001010.$proc$src/stat_counters.v:25$2884'.
Removing empty process `$paramod\stat_counters\NUM_COUNTERS=s32'00000000000000000000000000001010.$proc$src/stat_counters.v:25$2884'.
Found and cleaned up 2 empty switches in `$paramod\stat_counters\NUM_COUNTERS=s32'00000000000000000000000000001010.$proc$src/stat_counters.v:30$2878'.
Removing empty process `$paramod\stat_counters\NUM_COUNTERS=s32'00000000000000000000000000001010.$proc$src/stat_counters.v:30$2878'.
Found and cleaned up 2 empty switches in `$paramod\stat_counters\NUM_COUNTERS=s32'00000000000000000000000000001010.$proc$src/stat_counters.v:30$2872'.
Removing empty process `$paramod\stat_counters\NUM_COUNTERS=s32'00000000000000000000000000001010.$proc$src/stat_counters.v:30$2872'.
Found and cleaned up 2 empty switches in `$paramod\stat_counters\NUM_COUNTERS=s32'00000000000000000000000000001010.$proc$src/stat_counters.v:30$2866'.
Removing empty process `$paramod\stat_counters\NUM_COUNTERS=s32'00000000000000000000000000001010.$proc$src/stat_counters.v:30$2866'.
Found and cleaned up 2 empty switches in `$paramod\stat_counters\NUM_COUNTERS=s32'00000000000000000000000000001010.$proc$src/stat_counters.v:30$2860'.
Removing empty process `$paramod\stat_counters\NUM_COUNTERS=s32'00000000000000000000000000001010.$proc$src/stat_counters.v:30$2860'.
Found and cleaned up 2 empty switches in `$paramod\stat_counters\NUM_COUNTERS=s32'00000000000000000000000000001010.$proc$src/stat_counters.v:30$2854'.
Removing empty process `$paramod\stat_counters\NUM_COUNTERS=s32'00000000000000000000000000001010.$proc$src/stat_counters.v:30$2854'.
Found and cleaned up 2 empty switches in `$paramod\stat_counters\NUM_COUNTERS=s32'00000000000000000000000000001010.$proc$src/stat_counters.v:30$2848'.
Removing empty process `$paramod\stat_counters\NUM_COUNTERS=s32'00000000000000000000000000001010.$proc$src/stat_counters.v:30$2848'.
Found and cleaned up 2 empty switches in `$paramod\stat_counters\NUM_COUNTERS=s32'00000000000000000000000000001010.$proc$src/stat_counters.v:30$2842'.
Removing empty process `$paramod\stat_counters\NUM_COUNTERS=s32'00000000000000000000000000001010.$proc$src/stat_counters.v:30$2842'.
Found and cleaned up 2 empty switches in `$paramod\stat_counters\NUM_COUNTERS=s32'00000000000000000000000000001010.$proc$src/stat_counters.v:30$2836'.
Removing empty process `$paramod\stat_counters\NUM_COUNTERS=s32'00000000000000000000000000001010.$proc$src/stat_counters.v:30$2836'.
Found and cleaned up 2 empty switches in `$paramod\stat_counters\NUM_COUNTERS=s32'00000000000000000000000000001010.$proc$src/stat_counters.v:30$2830'.
Removing empty process `$paramod\stat_counters\NUM_COUNTERS=s32'00000000000000000000000000001010.$proc$src/stat_counters.v:30$2830'.
Found and cleaned up 2 empty switches in `$paramod\stat_counters\NUM_COUNTERS=s32'00000000000000000000000000001010.$proc$src/stat_counters.v:30$2824'.
Removing empty process `$paramod\stat_counters\NUM_COUNTERS=s32'00000000000000000000000000001010.$proc$src/stat_counters.v:30$2824'.
Found and cleaned up 3 empty switches in `$paramod\credit_manager\CREDITS_MAX=32'00000000000000000000000001000000.$proc$src/credit_manager.v:38$2815'.
Removing empty process `$paramod\credit_manager\CREDITS_MAX=32'00000000000000000000000001000000.$proc$src/credit_manager.v:38$2815'.
Found and cleaned up 2 empty switches in `$paramod$4ae703b8fc723eab8ecd5deb995ec884b36614d4\sram_arbiter.$proc$src/sram_arbiter_synth.v:115$2809'.
Removing empty process `$paramod$4ae703b8fc723eab8ecd5deb995ec884b36614d4\sram_arbiter.$proc$src/sram_arbiter_synth.v:115$2809'.
Found and cleaned up 11 empty switches in `$paramod$4ae703b8fc723eab8ecd5deb995ec884b36614d4\sram_arbiter.$proc$src/sram_arbiter_synth.v:68$2806'.
Removing empty process `$paramod$4ae703b8fc723eab8ecd5deb995ec884b36614d4\sram_arbiter.$proc$src/sram_arbiter_synth.v:68$2806'.
Found and cleaned up 23 empty switches in `$paramod$ab86d88a3b6c1893b2a2269934377cc3a0e95108\db_coalescer.$proc$src/db_coalescer.v:83$2559'.
Removing empty process `$paramod$ab86d88a3b6c1893b2a2269934377cc3a0e95108\db_coalescer.$proc$src/db_coalescer.v:83$2559'.
Found and cleaned up 49 empty switches in `$paramod$ab86d88a3b6c1893b2a2269934377cc3a0e95108\db_coalescer.$proc$src/db_coalescer.v:59$2413'.
Removing empty process `$paramod$ab86d88a3b6c1893b2a2269934377cc3a0e95108\db_coalescer.$proc$src/db_coalescer.v:59$2413'.
Found and cleaned up 23 empty switches in `$paramod$6ac47b2b9d882f0673984cb306e937a1a878bb82\cq_engine.$proc$src/cq_engine.v:113$2150'.
Removing empty process `$paramod$6ac47b2b9d882f0673984cb306e937a1a878bb82\cq_engine.$proc$src/cq_engine.v:113$2150'.
Found and cleaned up 49 empty switches in `$paramod$6ac47b2b9d882f0673984cb306e937a1a878bb82\cq_engine.$proc$src/cq_engine.v:90$1940'.
Removing empty process `$paramod$6ac47b2b9d882f0673984cb306e937a1a878bb82\cq_engine.$proc$src/cq_engine.v:90$1940'.
Removing empty process `$paramod$6ac47b2b9d882f0673984cb306e937a1a878bb82\cq_engine.$proc$src/cq_engine.v:76$1904'.
Found and cleaned up 12 empty switches in `$paramod$1ab8f550ab7ac183bdaea65dc5ae6560cdae7ad4\sq_engine.$proc$src/sq_engine.v:115$1568'.
Removing empty process `$paramod$1ab8f550ab7ac183bdaea65dc5ae6560cdae7ad4\sq_engine.$proc$src/sq_engine.v:115$1568'.
Found and cleaned up 2 empty switches in `$paramod\mmio_decoder\NUM_QUEUES=32'00000000000000000000000000010000.$proc$src/mmio_decoder.v:83$1463'.
Removing empty process `$paramod\mmio_decoder\NUM_QUEUES=32'00000000000000000000000000010000.$proc$src/mmio_decoder.v:83$1463'.
Found and cleaned up 1 empty switch in `$paramod\mmio_decoder\NUM_QUEUES=32'00000000000000000000000000010000.$proc$src/mmio_decoder.v:66$1455'.
Removing empty process `$paramod\mmio_decoder\NUM_QUEUES=32'00000000000000000000000000010000.$proc$src/mmio_decoder.v:66$1455'.
Cleaned up 196 empty switches.

22.2.12. Executing OPT_EXPR pass (perform const folding).
Optimizing module io_uncore_top.
Optimizing module $paramod\stat_counters\NUM_COUNTERS=s32'00000000000000000000000000001010.
Optimizing module $paramod\credit_manager\CREDITS_MAX=32'00000000000000000000000001000000.
Optimizing module $paramod$4ae703b8fc723eab8ecd5deb995ec884b36614d4\sram_arbiter.
Optimizing module $paramod$ab86d88a3b6c1893b2a2269934377cc3a0e95108\db_coalescer.
Optimizing module $paramod$6ac47b2b9d882f0673984cb306e937a1a878bb82\cq_engine.
Optimizing module $paramod$1ab8f550ab7ac183bdaea65dc5ae6560cdae7ad4\sq_engine.
Optimizing module $paramod\mmio_decoder\NUM_QUEUES=32'00000000000000000000000000010000.

22.3. Executing FLATTEN pass (flatten design).
Deleting now unused module $paramod\stat_counters\NUM_COUNTERS=s32'00000000000000000000000000001010.
Deleting now unused module $paramod\credit_manager\CREDITS_MAX=32'00000000000000000000000001000000.
Deleting now unused module $paramod$4ae703b8fc723eab8ecd5deb995ec884b36614d4\sram_arbiter.
Deleting now unused module $paramod$ab86d88a3b6c1893b2a2269934377cc3a0e95108\db_coalescer.
Deleting now unused module $paramod$6ac47b2b9d882f0673984cb306e937a1a878bb82\cq_engine.
Deleting now unused module $paramod$1ab8f550ab7ac183bdaea65dc5ae6560cdae7ad4\sq_engine.
Deleting now unused module $paramod\mmio_decoder\NUM_QUEUES=32'00000000000000000000000000010000.

22.4. Executing OPT_EXPR pass (perform const folding).
Optimizing module io_uncore_top.

22.5. Executing OPT_CLEAN pass (remove unused cells and wires).
Finding unused cells or wires in module \io_uncore_top..
Removed 430 unused cells and 2312 unused wires.

22.6. Executing CHECK pass (checking for obvious problems).
Checking module io_uncore_top...
Found and reported 0 problems.

22.7. Executing OPT pass (performing simple optimizations).

22.7.1. Executing OPT_EXPR pass (perform const folding).
Optimizing module io_uncore_top.

22.7.2. Executing OPT_MERGE pass (detect identical cells).
Finding identical cells in module `\io_uncore_top'.
Computing hashes of 2145 cells of `\io_uncore_top'.
Finding duplicate cells in `\io_uncore_top'.
Computing hashes of 1843 cells of `\io_uncore_top'.
Finding duplicate cells in `\io_uncore_top'.
Computing hashes of 1826 cells of `\io_uncore_top'.
Finding duplicate cells in `\io_uncore_top'.
Removed a total of 319 cells.

22.7.3. Executing OPT_MUXTREE pass (detect dead branches in mux trees).
Running muxtree optimizer on module \io_uncore_top..
  Creating internal representation of mux trees.
  Evaluating internal representation of mux trees.
  Analyzing evaluation results.
    dead port 2/2 on $mux $flatten\u_cq_engine.$procmux$4671.
    dead port 2/2 on $mux $flatten\u_cq_engine.$procmux$4674.
    dead port 2/2 on $mux $flatten\u_cq_engine.$procmux$4683.
    dead port 2/2 on $mux $flatten\u_cq_engine.$procmux$4686.
    dead port 2/2 on $mux $flatten\u_cq_engine.$procmux$4695.
    dead port 2/2 on $mux $flatten\u_cq_engine.$procmux$4698.
    dead port 2/2 on $mux $flatten\u_cq_engine.$procmux$4707.
    dead port 2/2 on $mux $flatten\u_cq_engine.$procmux$4710.
    dead port 2/2 on $mux $flatten\u_cq_engine.$procmux$4719.
    dead port 2/2 on $mux $flatten\u_cq_engine.$procmux$4722.
    dead port 2/2 on $mux $flatten\u_cq_engine.$procmux$4731.
    dead port 2/2 on $mux $flatten\u_cq_engine.$procmux$4734.
    dead port 2/2 on $mux $flatten\u_cq_engine.$procmux$4763.
    dead port 2/2 on $mux $flatten\u_cq_engine.$procmux$4769.
    dead port 2/2 on $mux $flatten\u_cq_engine.$procmux$4778.
    dead port 2/2 on $mux $flatten\u_cq_engine.$procmux$4787.
    dead port 2/2 on $mux $flatten\u_cq_engine.$procmux$4796.
    dead port 2/2 on $mux $flatten\u_cq_engine.$procmux$4805.
    dead port 2/2 on $mux $flatten\u_cq_engine.$procmux$4814.
    dead port 2/2 on $mux $flatten\u_cq_engine.$procmux$4823.
    dead port 2/2 on $mux $flatten\u_sq_engine.$procmux$6231.
    dead port 2/2 on $mux $flatten\u_sq_engine.$procmux$6218.
    dead port 2/2 on $mux $flatten\u_sq_engine.$procmux$6205.
    dead port 2/2 on $mux $flatten\u_sq_engine.$procmux$6166.
    dead port 2/2 on $mux $flatten\u_sq_engine.$procmux$6154.
    dead port 2/2 on $mux $flatten\u_sq_engine.$procmux$6142.
    dead port 2/2 on $mux $flatten\u_sq_engine.$procmux$6029.
    dead port 2/2 on $mux $flatten\u_sq_engine.$procmux$6018.
    dead port 2/2 on $mux $flatten\u_sq_engine.$procmux$6007.
    dead port 2/2 on $mux $flatten\u_db_coalescer.$procmux$3810.
    dead port 2/2 on $mux $flatten\u_db_coalescer.$procmux$3813.
    dead port 2/2 on $mux $flatten\u_db_coalescer.$procmux$3821.
    dead port 2/2 on $mux $flatten\u_db_coalescer.$procmux$3824.
    dead port 2/2 on $mux $flatten\u_db_coalescer.$procmux$3832.
    dead port 2/2 on $mux $flatten\u_db_coalescer.$procmux$3835.
    dead port 2/2 on $mux $flatten\u_db_coalescer.$procmux$3843.
    dead port 2/2 on $mux $flatten\u_db_coalescer.$procmux$3846.
    dead port 2/2 on $mux $flatten\u_db_coalescer.$procmux$3854.
    dead port 2/2 on $mux $flatten\u_db_coalescer.$procmux$3857.
    dead port 2/2 on $mux $flatten\u_db_coalescer.$procmux$3865.
    dead port 2/2 on $mux $flatten\u_db_coalescer.$procmux$3868.
    dead port 2/2 on $mux $flatten\u_db_coalescer.$procmux$3876.
    dead port 2/2 on $mux $flatten\u_db_coalescer.$procmux$3879.
    dead port 2/2 on $mux $flatten\u_db_coalescer.$procmux$3887.
    dead port 2/2 on $mux $flatten\u_db_coalescer.$procmux$3890.
    dead port 2/2 on $mux $flatten\u_db_coalescer.$procmux$3898.
    dead port 2/2 on $mux $flatten\u_db_coalescer.$procmux$3901.
    dead port 2/2 on $mux $flatten\u_sq_engine.$procmux$5996.
    dead port 2/2 on $mux $flatten\u_db_coalescer.$procmux$3920.
    dead port 2/2 on $mux $flatten\u_db_coalescer.$procmux$3928.
    dead port 2/2 on $mux $flatten\u_db_coalescer.$procmux$3936.
    dead port 2/2 on $mux $flatten\u_db_coalescer.$procmux$3944.
    dead port 2/2 on $mux $flatten\u_db_coalescer.$procmux$3952.
    dead port 2/2 on $mux $flatten\u_db_coalescer.$procmux$3960.
    dead port 2/2 on $mux $flatten\u_db_coalescer.$procmux$3968.
    dead port 2/2 on $mux $flatten\u_db_coalescer.$procmux$3976.
    dead port 2/2 on $mux $flatten\u_db_coalescer.$procmux$3984.
    dead port 2/2 on $mux $flatten\u_sq_engine.$procmux$5982.
    dead port 2/2 on $mux $flatten\u_db_coalescer.$procmux$3998.
    dead port 2/2 on $mux $flatten\u_db_coalescer.$procmux$4004.
    dead port 2/2 on $mux $flatten\u_sq_engine.$procmux$5968.
    dead port 2/2 on $mux $flatten\u_sq_engine.$procmux$5926.
    dead port 2/2 on $mux $flatten\u_sq_engine.$procmux$5923.
    dead port 2/2 on $mux $flatten\u_sq_engine.$procmux$5909.
    dead port 2/2 on $mux $flatten\u_sq_engine.$procmux$5906.
    dead port 2/2 on $mux $flatten\u_sq_engine.$procmux$5892.
    dead port 2/2 on $mux $flatten\u_sq_engine.$procmux$5889.
    dead port 2/2 on $mux $flatten\u_sq_engine.$procmux$5841.
    dead port 2/2 on $mux $flatten\u_sq_engine.$procmux$5838.
    dead port 2/2 on $mux $flatten\u_sq_engine.$procmux$5836.
    dead port 2/2 on $mux $flatten\u_sq_engine.$procmux$5821.
    dead port 2/2 on $mux $flatten\u_sq_engine.$procmux$5818.
    dead port 2/2 on $mux $flatten\u_sq_engine.$procmux$5816.
    dead port 2/2 on $mux $flatten\u_sq_engine.$procmux$5801.
    dead port 2/2 on $mux $flatten\u_sq_engine.$procmux$5798.
    dead port 2/2 on $mux $flatten\u_sq_engine.$procmux$5796.
    dead port 2/2 on $mux $flatten\u_sq_engine.$procmux$5741.
    dead port 2/2 on $mux $flatten\u_sq_engine.$procmux$5738.
    dead port 2/2 on $mux $flatten\u_sq_engine.$procmux$5725.
    dead port 2/2 on $mux $flatten\u_sq_engine.$procmux$5722.
    dead port 2/2 on $mux $flatten\u_sq_engine.$procmux$5709.
    dead port 2/2 on $mux $flatten\u_sq_engine.$procmux$5706.
    dead port 2/2 on $mux $flatten\u_sq_engine.$procmux$5661.
    dead port 2/2 on $mux $flatten\u_sq_engine.$procmux$5658.
    dead port 2/2 on $mux $flatten\u_sq_engine.$procmux$5646.
    dead port 2/2 on $mux $flatten\u_sq_engine.$procmux$5643.
    dead port 2/2 on $mux $flatten\u_sq_engine.$procmux$5631.
    dead port 1/2 on $mux $flatten\u_sram_arbiter.$procmux$2983.
    dead port 1/2 on $mux $flatten\u_sram_arbiter.$procmux$2986.
    dead port 1/2 on $mux $flatten\u_sram_arbiter.$procmux$2989.
    dead port 1/2 on $mux $flatten\u_sram_arbiter.$procmux$2992.
    dead port 1/2 on $mux $flatten\u_sram_arbiter.$procmux$2998.
    dead port 1/2 on $mux $flatten\u_sram_arbiter.$procmux$3001.
    dead port 1/2 on $mux $flatten\u_sram_arbiter.$procmux$3004.
    dead port 1/2 on $mux $flatten\u_sram_arbiter.$procmux$3007.
    dead port 1/2 on $mux $flatten\u_sram_arbiter.$procmux$3013.
    dead port 1/2 on $mux $flatten\u_sram_arbiter.$procmux$3016.
    dead port 1/2 on $mux $flatten\u_sram_arbiter.$procmux$3019.
    dead port 1/2 on $mux $flatten\u_sram_arbiter.$procmux$3022.
    dead port 1/2 on $mux $flatten\u_sram_arbiter.$procmux$3028.
    dead port 1/2 on $mux $flatten\u_sram_arbiter.$procmux$3031.
    dead port 1/2 on $mux $flatten\u_sram_arbiter.$procmux$3034.
    dead port 1/2 on $mux $flatten\u_sram_arbiter.$procmux$3037.
    dead port 1/2 on $mux $flatten\u_sram_arbiter.$procmux$3043.
    dead port 1/2 on $mux $flatten\u_sram_arbiter.$procmux$3046.
    dead port 1/2 on $mux $flatten\u_sram_arbiter.$procmux$3049.
    dead port 1/2 on $mux $flatten\u_sram_arbiter.$procmux$3052.
    dead port 1/2 on $mux $flatten\u_sram_arbiter.$procmux$3058.
    dead port 1/2 on $mux $flatten\u_sram_arbiter.$procmux$3061.
    dead port 1/2 on $mux $flatten\u_sram_arbiter.$procmux$3064.
    dead port 1/2 on $mux $flatten\u_sram_arbiter.$procmux$3070.
    dead port 1/2 on $mux $flatten\u_sram_arbiter.$procmux$3073.
    dead port 1/2 on $mux $flatten\u_sram_arbiter.$procmux$3076.
    dead port 1/2 on $mux $flatten\u_sram_arbiter.$procmux$3082.
    dead port 1/2 on $mux $flatten\u_sram_arbiter.$procmux$3085.
    dead port 1/2 on $mux $flatten\u_sram_arbiter.$procmux$3088.
    dead port 1/2 on $mux $flatten\u_sram_arbiter.$procmux$3094.
    dead port 1/2 on $mux $flatten\u_sram_arbiter.$procmux$3097.
    dead port 1/2 on $mux $flatten\u_sram_arbiter.$procmux$3100.
    dead port 1/2 on $mux $flatten\u_sram_arbiter.$procmux$3106.
    dead port 1/2 on $mux $flatten\u_sram_arbiter.$procmux$3109.
    dead port 1/2 on $mux $flatten\u_sram_arbiter.$procmux$3112.
    dead port 1/2 on $mux $flatten\u_sram_arbiter.$procmux$3118.
    dead port 1/2 on $mux $flatten\u_sram_arbiter.$procmux$3121.
    dead port 1/2 on $mux $flatten\u_sram_arbiter.$procmux$3124.
    dead port 2/2 on $mux $flatten\u_sq_engine.$procmux$5628.
    dead port 1/2 on $mux $flatten\u_sram_arbiter.$procmux$3142.
    dead port 1/2 on $mux $flatten\u_sram_arbiter.$procmux$3145.
    dead port 1/2 on $mux $flatten\u_sram_arbiter.$procmux$3151.
    dead port 1/2 on $mux $flatten\u_sram_arbiter.$procmux$3154.
    dead port 1/2 on $mux $flatten\u_sram_arbiter.$procmux$3160.
    dead port 1/2 on $mux $flatten\u_sram_arbiter.$procmux$3163.
    dead port 1/2 on $mux $flatten\u_sram_arbiter.$procmux$3169.
    dead port 1/2 on $mux $flatten\u_sram_arbiter.$procmux$3172.
    dead port 1/2 on $mux $flatten\u_sram_arbiter.$procmux$3178.
    dead port 1/2 on $mux $flatten\u_sram_arbiter.$procmux$3181.
    dead port 1/2 on $mux $flatten\u_sram_arbiter.$procmux$3187.
    dead port 1/2 on $mux $flatten\u_sram_arbiter.$procmux$3190.
    dead port 1/2 on $mux $flatten\u_sram_arbiter.$procmux$3205.
    dead port 1/2 on $mux $flatten\u_sram_arbiter.$procmux$3208.
    dead port 1/2 on $mux $flatten\u_sram_arbiter.$procmux$3215.
    dead port 2/2 on $mux $flatten\u_sram_arbiter.$procmux$3220.
    dead port 1/2 on $mux $flatten\u_sram_arbiter.$procmux$3223.
    dead port 1/2 on $mux $flatten\u_sram_arbiter.$procmux$3230.
    dead port 2/2 on $mux $flatten\u_sram_arbiter.$procmux$3235.
    dead port 1/2 on $mux $flatten\u_sram_arbiter.$procmux$3238.
    dead port 1/2 on $mux $flatten\u_sram_arbiter.$procmux$3245.
    dead port 2/2 on $mux $flatten\u_sram_arbiter.$procmux$3250.
    dead port 1/2 on $mux $flatten\u_sram_arbiter.$procmux$3253.
    dead port 1/2 on $mux $flatten\u_sram_arbiter.$procmux$3260.
    dead port 2/2 on $mux $flatten\u_sram_arbiter.$procmux$3265.
    dead port 1/2 on $mux $flatten\u_sram_arbiter.$procmux$3268.
    dead port 1/2 on $mux $flatten\u_sram_arbiter.$procmux$3275.
    dead port 2/2 on $mux $flatten\u_sram_arbiter.$procmux$3280.
    dead port 1/2 on $mux $flatten\u_sram_arbiter.$procmux$3283.
    dead port 1/2 on $mux $flatten\u_sram_arbiter.$procmux$3290.
    dead port 2/2 on $mux $flatten\u_sram_arbiter.$procmux$3295.
    dead port 1/2 on $mux $flatten\u_sram_arbiter.$procmux$3298.
    dead port 2/2 on $mux $flatten\u_sram_arbiter.$procmux$3307.
    dead port 1/2 on $mux $flatten\u_sram_arbiter.$procmux$3310.
    dead port 2/2 on $mux $flatten\u_sram_arbiter.$procmux$3319.
    dead port 1/2 on $mux $flatten\u_sram_arbiter.$procmux$3322.
    dead port 2/2 on $mux $flatten\u_sram_arbiter.$procmux$3331.
    dead port 1/2 on $mux $flatten\u_sram_arbiter.$procmux$3334.
    dead port 2/2 on $mux $flatten\u_sram_arbiter.$procmux$3343.
    dead port 1/2 on $mux $flatten\u_sram_arbiter.$procmux$3346.
    dead port 2/2 on $mux $flatten\u_sram_arbiter.$procmux$3355.
    dead port 1/2 on $mux $flatten\u_sram_arbiter.$procmux$3358.
    dead port 2/2 on $mux $flatten\u_sram_arbiter.$procmux$3367.
    dead port 1/2 on $mux $flatten\u_sram_arbiter.$procmux$3370.
    dead port 2/2 on $mux $flatten\u_sram_arbiter.$procmux$3379.
    dead port 1/2 on $mux $flatten\u_sram_arbiter.$procmux$3382.
    dead port 2/2 on $mux $flatten\u_sram_arbiter.$procmux$3397.
    dead port 1/2 on $mux $flatten\u_sram_arbiter.$procmux$3400.
    dead port 2/2 on $mux $flatten\u_sram_arbiter.$procmux$3406.
    dead port 1/2 on $mux $flatten\u_sram_arbiter.$procmux$3409.
    dead port 2/2 on $mux $flatten\u_sram_arbiter.$procmux$3415.
    dead port 1/2 on $mux $flatten\u_sram_arbiter.$procmux$3418.
    dead port 2/2 on $mux $flatten\u_sram_arbiter.$procmux$3424.
    dead port 1/2 on $mux $flatten\u_sram_arbiter.$procmux$3427.
    dead port 2/2 on $mux $flatten\u_sram_arbiter.$procmux$3433.
    dead port 1/2 on $mux $flatten\u_sram_arbiter.$procmux$3436.
    dead port 2/2 on $mux $flatten\u_sram_arbiter.$procmux$3442.
    dead port 1/2 on $mux $flatten\u_sram_arbiter.$procmux$3445.
    dead port 2/2 on $mux $flatten\u_sram_arbiter.$procmux$3451.
    dead port 1/2 on $mux $flatten\u_sram_arbiter.$procmux$3454.
    dead port 1/2 on $mux $flatten\u_sram_arbiter.$procmux$3460.
    dead port 1/2 on $mux $flatten\u_sram_arbiter.$procmux$3466.
    dead port 1/2 on $mux $flatten\u_sram_arbiter.$procmux$3472.
    dead port 1/2 on $mux $flatten\u_sram_arbiter.$procmux$3478.
    dead port 1/2 on $mux $flatten\u_sram_arbiter.$procmux$3484.
    dead port 1/2 on $mux $flatten\u_sram_arbiter.$procmux$3496.
    dead port 1/2 on $mux $flatten\u_sram_arbiter.$procmux$3502.
    dead port 1/2 on $mux $flatten\u_sram_arbiter.$procmux$3512.
    dead port 2/2 on $mux $flatten\u_sram_arbiter.$procmux$3514.
    dead port 1/2 on $mux $flatten\u_sram_arbiter.$procmux$3524.
    dead port 2/2 on $mux $flatten\u_sram_arbiter.$procmux$3526.
    dead port 1/2 on $mux $flatten\u_sram_arbiter.$procmux$3536.
    dead port 2/2 on $mux $flatten\u_sram_arbiter.$procmux$3538.
    dead port 1/2 on $mux $flatten\u_sram_arbiter.$procmux$3548.
    dead port 2/2 on $mux $flatten\u_sram_arbiter.$procmux$3550.
    dead port 1/2 on $mux $flatten\u_sram_arbiter.$procmux$3559.
    dead port 2/2 on $mux $flatten\u_sram_arbiter.$procmux$3561.
    dead port 1/2 on $mux $flatten\u_sram_arbiter.$procmux$3571.
    dead port 2/2 on $mux $flatten\u_sram_arbiter.$procmux$3573.
    dead port 2/2 on $mux $flatten\u_mmio_decoder.$procmux$6864.
    dead port 1/2 on $mux $flatten\u_sram_arbiter.$procmux$3589.
    dead port 2/2 on $mux $flatten\u_sram_arbiter.$procmux$3591.
    dead port 1/2 on $mux $flatten\u_sram_arbiter.$procmux$3598.
    dead port 2/2 on $mux $flatten\u_sram_arbiter.$procmux$3600.
    dead port 1/2 on $mux $flatten\u_sram_arbiter.$procmux$3607.
    dead port 2/2 on $mux $flatten\u_sram_arbiter.$procmux$3609.
    dead port 1/2 on $mux $flatten\u_sram_arbiter.$procmux$3616.
    dead port 2/2 on $mux $flatten\u_sram_arbiter.$procmux$3618.
    dead port 1/2 on $mux $flatten\u_sram_arbiter.$procmux$3625.
    dead port 2/2 on $mux $flatten\u_sram_arbiter.$procmux$3627.
    dead port 1/2 on $mux $flatten\u_sram_arbiter.$procmux$3634.
    dead port 2/2 on $mux $flatten\u_sram_arbiter.$procmux$3636.
    dead port 2/2 on $mux $flatten\u_sram_arbiter.$procmux$3642.
    dead port 2/2 on $mux $flatten\u_sram_arbiter.$procmux$3648.
    dead port 2/2 on $mux $flatten\u_sram_arbiter.$procmux$3654.
    dead port 2/2 on $mux $flatten\u_sram_arbiter.$procmux$3660.
    dead port 2/2 on $mux $flatten\u_sram_arbiter.$procmux$3666.
    dead port 2/2 on $mux $flatten\u_sram_arbiter.$procmux$3672.
    dead port 2/2 on $mux $flatten\u_sram_arbiter.$procmux$3684.
Removed 225 multiplexer ports.

22.7.4. Executing OPT_REDUCE pass (consolidate $*mux and $reduce_* inputs).
  Optimizing cells in module \io_uncore_top.
    Consolidated identical input bits for $mux cell $flatten\u_sq_engine.$procmux$6333:
      Old ports: A=64'1111111111111111111111111111111111111111111111111111111111111111, B=64'0000000000000000000000000000000000000000000000000000000000000000, Y=$flatten\u_sq_engine.$0$memwr$\latch_w2$src/sq_engine.v:131$1511_EN[63:0]$1616
      New ports: A=1'1, B=1'0, Y=$flatten\u_sq_engine.$0$memwr$\latch_w2$src/sq_engine.v:131$1511_EN[63:0]$1616 [0]
      New connections: $flatten\u_sq_engine.$0$memwr$\latch_w2$src/sq_engine.v:131$1511_EN[63:0]$1616 [63:1] = { $flatten\u_sq_engine.$0$memwr$\latch_w2$src/sq_engine.v:131$1511_EN[63:0]$1616 [0] $flatten\u_sq_engine.$0$memwr$\latch_w2$src/sq_engine.v:131$1511_EN[63:0]$1616 [0] $flatten\u_sq_engine.$0$memwr$\latch_w2$src/sq_engine.v:131$1511_EN[63:0]$1616 [0] $flatten\u_sq_engine.$0$memwr$\latch_w2$src/sq_engine.v:131$1511_EN[63:0]$1616 [0] $flatten\u_sq_engine.$0$memwr$\latch_w2$src/sq_engine.v:131$1511_EN[63:0]$1616 [0] $flatten\u_sq_engine.$0$memwr$\latch_w2$src/sq_engine.v:131$1511_EN[63:0]$1616 [0] $flatten\u_sq_engine.$0$memwr$\latch_w2$src/sq_engine.v:131$1511_EN[63:0]$1616 [0] $flatten\u_sq_engine.$0$memwr$\latch_w2$src/sq_engine.v:131$1511_EN[63:0]$1616 [0] $flatten\u_sq_engine.$0$memwr$\latch_w2$src/sq_engine.v:131$1511_EN[63:0]$1616 [0] $flatten\u_sq_engine.$0$memwr$\latch_w2$src/sq_engine.v:131$1511_EN[63:0]$1616 [0] $flatten\u_sq_engine.$0$memwr$\latch_w2$src/sq_engine.v:131$1511_EN[63:0]$1616 [0] $flatten\u_sq_engine.$0$memwr$\latch_w2$src/sq_engine.v:131$1511_EN[63:0]$1616 [0] $flatten\u_sq_engine.$0$memwr$\latch_w2$src/sq_engine.v:131$1511_EN[63:0]$1616 [0] $flatten\u_sq_engine.$0$memwr$\latch_w2$src/sq_engine.v:131$1511_EN[63:0]$1616 [0] $flatten\u_sq_engine.$0$memwr$\latch_w2$src/sq_engine.v:131$1511_EN[63:0]$1616 [0] $flatten\u_sq_engine.$0$memwr$\latch_w2$src/sq_engine.v:131$1511_EN[63:0]$1616 [0] $flatten\u_sq_engine.$0$memwr$\latch_w2$src/sq_engine.v:131$1511_EN[63:0]$1616 [0] $flatten\u_sq_engine.$0$memwr$\latch_w2$src/sq_engine.v:131$1511_EN[63:0]$1616 [0] $flatten\u_sq_engine.$0$memwr$\latch_w2$src/sq_engine.v:131$1511_EN[63:0]$1616 [0] $flatten\u_sq_engine.$0$memwr$\latch_w2$src/sq_engine.v:131$1511_EN[63:0]$1616 [0] $flatten\u_sq_engine.$0$memwr$\latch_w2$src/sq_engine.v:131$1511_EN[63:0]$1616 [0] $flatten\u_sq_engine.$0$memwr$\latch_w2$src/sq_engine.v:131$1511_EN[63:0]$1616 [0] $flatten\u_sq_engine.$0$memwr$\latch_w2$src/sq_engine.v:131$1511_EN[63:0]$1616 [0] $flatten\u_sq_engine.$0$memwr$\latch_w2$src/sq_engine.v:131$1511_EN[63:0]$1616 [0] $flatten\u_sq_engine.$0$memwr$\latch_w2$src/sq_engine.v:131$1511_EN[63:0]$1616 [0] $flatten\u_sq_engine.$0$memwr$\latch_w2$src/sq_engine.v:131$1511_EN[63:0]$1616 [0] $flatten\u_sq_engine.$0$memwr$\latch_w2$src/sq_engine.v:131$1511_EN[63:0]$1616 [0] $flatten\u_sq_engine.$0$memwr$\latch_w2$src/sq_engine.v:131$1511_EN[63:0]$1616 [0] $flatten\u_sq_engine.$0$memwr$\latch_w2$src/sq_engine.v:131$1511_EN[63:0]$1616 [0] $flatten\u_sq_engine.$0$memwr$\latch_w2$src/sq_engine.v:131$1511_EN[63:0]$1616 [0] $flatten\u_sq_engine.$0$memwr$\latch_w2$src/sq_engine.v:131$1511_EN[63:0]$1616 [0] $flatten\u_sq_engine.$0$memwr$\latch_w2$src/sq_engine.v:131$1511_EN[63:0]$1616 [0] $flatten\u_sq_engine.$0$memwr$\latch_w2$src/sq_engine.v:131$1511_EN[63:0]$1616 [0] $flatten\u_sq_engine.$0$memwr$\latch_w2$src/sq_engine.v:131$1511_EN[63:0]$1616 [0] $flatten\u_sq_engine.$0$memwr$\latch_w2$src/sq_engine.v:131$1511_EN[63:0]$1616 [0] $flatten\u_sq_engine.$0$memwr$\latch_w2$src/sq_engine.v:131$1511_EN[63:0]$1616 [0] $flatten\u_sq_engine.$0$memwr$\latch_w2$src/sq_engine.v:131$1511_EN[63:0]$1616 [0] $flatten\u_sq_engine.$0$memwr$\latch_w2$src/sq_engine.v:131$1511_EN[63:0]$1616 [0] $flatten\u_sq_engine.$0$memwr$\latch_w2$src/sq_engine.v:131$1511_EN[63:0]$1616 [0] $flatten\u_sq_engine.$0$memwr$\latch_w2$src/sq_engine.v:131$1511_EN[63:0]$1616 [0] $flatten\u_sq_engine.$0$memwr$\latch_w2$src/sq_engine.v:131$1511_EN[63:0]$1616 [0] $flatten\u_sq_engine.$0$memwr$\latch_w2$src/sq_engine.v:131$1511_EN[63:0]$1616 [0] $flatten\u_sq_engine.$0$memwr$\latch_w2$src/sq_engine.v:131$1511_EN[63:0]$1616 [0] $flatten\u_sq_engine.$0$memwr$\latch_w2$src/sq_engine.v:131$1511_EN[63:0]$1616 [0] $flatten\u_sq_engine.$0$memwr$\latch_w2$src/sq_engine.v:131$1511_EN[63:0]$1616 [0] $flatten\u_sq_engine.$0$memwr$\latch_w2$src/sq_engine.v:131$1511_EN[63:0]$1616 [0] $flatten\u_sq_engine.$0$memwr$\latch_w2$src/sq_engine.v:131$1511_EN[63:0]$1616 [0] $flatten\u_sq_engine.$0$memwr$\latch_w2$src/sq_engine.v:131$1511_EN[63:0]$1616 [0] $flatten\u_sq_engine.$0$memwr$\latch_w2$src/sq_engine.v:131$1511_EN[63:0]$1616 [0] $flatten\u_sq_engine.$0$memwr$\latch_w2$src/sq_engine.v:131$1511_EN[63:0]$1616 [0] $flatten\u_sq_engine.$0$memwr$\latch_w2$src/sq_engine.v:131$1511_EN[63:0]$1616 [0] $flatten\u_sq_engine.$0$memwr$\latch_w2$src/sq_engine.v:131$1511_EN[63:0]$1616 [0] $flatten\u_sq_engine.$0$memwr$\latch_w2$src/sq_engine.v:131$1511_EN[63:0]$1616 [0] $flatten\u_sq_engine.$0$memwr$\latch_w2$src/sq_engine.v:131$1511_EN[63:0]$1616 [0] $flatten\u_sq_engine.$0$memwr$\latch_w2$src/sq_engine.v:131$1511_EN[63:0]$1616 [0] $flatten\u_sq_engine.$0$memwr$\latch_w2$src/sq_engine.v:131$1511_EN[63:0]$1616 [0] $flatten\u_sq_engine.$0$memwr$\latch_w2$src/sq_engine.v:131$1511_EN[63:0]$1616 [0] $flatten\u_sq_engine.$0$memwr$\latch_w2$src/sq_engine.v:131$1511_EN[63:0]$1616 [0] $flatten\u_sq_engine.$0$memwr$\latch_w2$src/sq_engine.v:131$1511_EN[63:0]$1616 [0] $flatten\u_sq_engine.$0$memwr$\latch_w2$src/sq_engine.v:131$1511_EN[63:0]$1616 [0] $flatten\u_sq_engine.$0$memwr$\latch_w2$src/sq_engine.v:131$1511_EN[63:0]$1616 [0] $flatten\u_sq_engine.$0$memwr$\latch_w2$src/sq_engine.v:131$1511_EN[63:0]$1616 [0] $flatten\u_sq_engine.$0$memwr$\latch_w2$src/sq_engine.v:131$1511_EN[63:0]$1616 [0] }
    Consolidated identical input bits for $mux cell $flatten\u_cq_engine.$procmux$4705:
      Old ports: A=6'000000, B=6'111111, Y=$flatten\u_cq_engine.$procmux$4705_Y
      New ports: A=1'0, B=1'1, Y=$flatten\u_cq_engine.$procmux$4705_Y [0]
      New connections: $flatten\u_cq_engine.$procmux$4705_Y [5:1] = { $flatten\u_cq_engine.$procmux$4705_Y [0] $flatten\u_cq_engine.$procmux$4705_Y [0] $flatten\u_cq_engine.$procmux$4705_Y [0] $flatten\u_cq_engine.$procmux$4705_Y [0] $flatten\u_cq_engine.$procmux$4705_Y [0] }
    Consolidated identical input bits for $mux cell $flatten\u_sq_engine.$procmux$6276:
      Old ports: A=64'1111111111111111111111111111111111111111111111111111111111111111, B=64'0000000000000000000000000000000000000000000000000000000000000000, Y=$flatten\u_sq_engine.$0$memwr$\latch_w1$src/sq_engine.v:131$1530_EN[63:0]$1635
      New ports: A=1'1, B=1'0, Y=$flatten\u_sq_engine.$0$memwr$\latch_w1$src/sq_engine.v:131$1530_EN[63:0]$1635 [0]
      New connections: $flatten\u_sq_engine.$0$memwr$\latch_w1$src/sq_engine.v:131$1530_EN[63:0]$1635 [63:1] = { $flatten\u_sq_engine.$0$memwr$\latch_w1$src/sq_engine.v:131$1530_EN[63:0]$1635 [0] $flatten\u_sq_engine.$0$memwr$\latch_w1$src/sq_engine.v:131$1530_EN[63:0]$1635 [0] $flatten\u_sq_engine.$0$memwr$\latch_w1$src/sq_engine.v:131$1530_EN[63:0]$1635 [0] $flatten\u_sq_engine.$0$memwr$\latch_w1$src/sq_engine.v:131$1530_EN[63:0]$1635 [0] $flatten\u_sq_engine.$0$memwr$\latch_w1$src/sq_engine.v:131$1530_EN[63:0]$1635 [0] $flatten\u_sq_engine.$0$memwr$\latch_w1$src/sq_engine.v:131$1530_EN[63:0]$1635 [0] $flatten\u_sq_engine.$0$memwr$\latch_w1$src/sq_engine.v:131$1530_EN[63:0]$1635 [0] $flatten\u_sq_engine.$0$memwr$\latch_w1$src/sq_engine.v:131$1530_EN[63:0]$1635 [0] $flatten\u_sq_engine.$0$memwr$\latch_w1$src/sq_engine.v:131$1530_EN[63:0]$1635 [0] $flatten\u_sq_engine.$0$memwr$\latch_w1$src/sq_engine.v:131$1530_EN[63:0]$1635 [0] $flatten\u_sq_engine.$0$memwr$\latch_w1$src/sq_engine.v:131$1530_EN[63:0]$1635 [0] $flatten\u_sq_engine.$0$memwr$\latch_w1$src/sq_engine.v:131$1530_EN[63:0]$1635 [0] $flatten\u_sq_engine.$0$memwr$\latch_w1$src/sq_engine.v:131$1530_EN[63:0]$1635 [0] $flatten\u_sq_engine.$0$memwr$\latch_w1$src/sq_engine.v:131$1530_EN[63:0]$1635 [0] $flatten\u_sq_engine.$0$memwr$\latch_w1$src/sq_engine.v:131$1530_EN[63:0]$1635 [0] $flatten\u_sq_engine.$0$memwr$\latch_w1$src/sq_engine.v:131$1530_EN[63:0]$1635 [0] $flatten\u_sq_engine.$0$memwr$\latch_w1$src/sq_engine.v:131$1530_EN[63:0]$1635 [0] $flatten\u_sq_engine.$0$memwr$\latch_w1$src/sq_engine.v:131$1530_EN[63:0]$1635 [0] $flatten\u_sq_engine.$0$memwr$\latch_w1$src/sq_engine.v:131$1530_EN[63:0]$1635 [0] $flatten\u_sq_engine.$0$memwr$\latch_w1$src/sq_engine.v:131$1530_EN[63:0]$1635 [0] $flatten\u_sq_engine.$0$memwr$\latch_w1$src/sq_engine.v:131$1530_EN[63:0]$1635 [0] $flatten\u_sq_engine.$0$memwr$\latch_w1$src/sq_engine.v:131$1530_EN[63:0]$1635 [0] $flatten\u_sq_engine.$0$memwr$\latch_w1$src/sq_engine.v:131$1530_EN[63:0]$1635 [0] $flatten\u_sq_engine.$0$memwr$\latch_w1$src/sq_engine.v:131$1530_EN[63:0]$1635 [0] $flatten\u_sq_engine.$0$memwr$\latch_w1$src/sq_engine.v:131$1530_EN[63:0]$1635 [0] $flatten\u_sq_engine.$0$memwr$\latch_w1$src/sq_engine.v:131$1530_EN[63:0]$1635 [0] $flatten\u_sq_engine.$0$memwr$\latch_w1$src/sq_engine.v:131$1530_EN[63:0]$1635 [0] $flatten\u_sq_engine.$0$memwr$\latch_w1$src/sq_engine.v:131$1530_EN[63:0]$1635 [0] $flatten\u_sq_engine.$0$memwr$\latch_w1$src/sq_engine.v:131$1530_EN[63:0]$1635 [0] $flatten\u_sq_engine.$0$memwr$\latch_w1$src/sq_engine.v:131$1530_EN[63:0]$1635 [0] $flatten\u_sq_engine.$0$memwr$\latch_w1$src/sq_engine.v:131$1530_EN[63:0]$1635 [0] $flatten\u_sq_engine.$0$memwr$\latch_w1$src/sq_engine.v:131$1530_EN[63:0]$1635 [0] $flatten\u_sq_engine.$0$memwr$\latch_w1$src/sq_engine.v:131$1530_EN[63:0]$1635 [0] $flatten\u_sq_engine.$0$memwr$\latch_w1$src/sq_engine.v:131$1530_EN[63:0]$1635 [0] $flatten\u_sq_engine.$0$memwr$\latch_w1$src/sq_engine.v:131$1530_EN[63:0]$1635 [0] $flatten\u_sq_engine.$0$memwr$\latch_w1$src/sq_engine.v:131$1530_EN[63:0]$1635 [0] $flatten\u_sq_engine.$0$memwr$\latch_w1$src/sq_engine.v:131$1530_EN[63:0]$1635 [0] $flatten\u_sq_engine.$0$memwr$\latch_w1$src/sq_engine.v:131$1530_EN[63:0]$1635 [0] $flatten\u_sq_engine.$0$memwr$\latch_w1$src/sq_engine.v:131$1530_EN[63:0]$1635 [0] $flatten\u_sq_engine.$0$memwr$\latch_w1$src/sq_engine.v:131$1530_EN[63:0]$1635 [0] $flatten\u_sq_engine.$0$memwr$\latch_w1$src/sq_engine.v:131$1530_EN[63:0]$1635 [0] $flatten\u_sq_engine.$0$memwr$\latch_w1$src/sq_engine.v:131$1530_EN[63:0]$1635 [0] $flatten\u_sq_engine.$0$memwr$\latch_w1$src/sq_engine.v:131$1530_EN[63:0]$1635 [0] $flatten\u_sq_engine.$0$memwr$\latch_w1$src/sq_engine.v:131$1530_EN[63:0]$1635 [0] $flatten\u_sq_engine.$0$memwr$\latch_w1$src/sq_engine.v:131$1530_EN[63:0]$1635 [0] $flatten\u_sq_engine.$0$memwr$\latch_w1$src/sq_engine.v:131$1530_EN[63:0]$1635 [0] $flatten\u_sq_engine.$0$memwr$\latch_w1$src/sq_engine.v:131$1530_EN[63:0]$1635 [0] $flatten\u_sq_engine.$0$memwr$\latch_w1$src/sq_engine.v:131$1530_EN[63:0]$1635 [0] $flatten\u_sq_engine.$0$memwr$\latch_w1$src/sq_engine.v:131$1530_EN[63:0]$1635 [0] $flatten\u_sq_engine.$0$memwr$\latch_w1$src/sq_engine.v:131$1530_EN[63:0]$1635 [0] $flatten\u_sq_engine.$0$memwr$\latch_w1$src/sq_engine.v:131$1530_EN[63:0]$1635 [0] $flatten\u_sq_engine.$0$memwr$\latch_w1$src/sq_engine.v:131$1530_EN[63:0]$1635 [0] $flatten\u_sq_engine.$0$memwr$\latch_w1$src/sq_engine.v:131$1530_EN[63:0]$1635 [0] $flatten\u_sq_engine.$0$memwr$\latch_w1$src/sq_engine.v:131$1530_EN[63:0]$1635 [0] $flatten\u_sq_engine.$0$memwr$\latch_w1$src/sq_engine.v:131$1530_EN[63:0]$1635 [0] $flatten\u_sq_engine.$0$memwr$\latch_w1$src/sq_engine.v:131$1530_EN[63:0]$1635 [0] $flatten\u_sq_engine.$0$memwr$\latch_w1$src/sq_engine.v:131$1530_EN[63:0]$1635 [0] $flatten\u_sq_engine.$0$memwr$\latch_w1$src/sq_engine.v:131$1530_EN[63:0]$1635 [0] $flatten\u_sq_engine.$0$memwr$\latch_w1$src/sq_engine.v:131$1530_EN[63:0]$1635 [0] $flatten\u_sq_engine.$0$memwr$\latch_w1$src/sq_engine.v:131$1530_EN[63:0]$1635 [0] $flatten\u_sq_engine.$0$memwr$\latch_w1$src/sq_engine.v:131$1530_EN[63:0]$1635 [0] $flatten\u_sq_engine.$0$memwr$\latch_w1$src/sq_engine.v:131$1530_EN[63:0]$1635 [0] $flatten\u_sq_engine.$0$memwr$\latch_w1$src/sq_engine.v:131$1530_EN[63:0]$1635 [0] }
    Consolidated identical input bits for $mux cell $flatten\u_sq_engine.$procmux$6273:
      Old ports: A=64'1111111111111111111111111111111111111111111111111111111111111111, B=64'0000000000000000000000000000000000000000000000000000000000000000, Y=$flatten\u_sq_engine.$0$memwr$\latch_w2$src/sq_engine.v:131$1531_EN[63:0]$1636
      New ports: A=1'1, B=1'0, Y=$flatten\u_sq_engine.$0$memwr$\latch_w2$src/sq_engine.v:131$1531_EN[63:0]$1636 [0]
      New connections: $flatten\u_sq_engine.$0$memwr$\latch_w2$src/sq_engine.v:131$1531_EN[63:0]$1636 [63:1] = { $flatten\u_sq_engine.$0$memwr$\latch_w2$src/sq_engine.v:131$1531_EN[63:0]$1636 [0] $flatten\u_sq_engine.$0$memwr$\latch_w2$src/sq_engine.v:131$1531_EN[63:0]$1636 [0] $flatten\u_sq_engine.$0$memwr$\latch_w2$src/sq_engine.v:131$1531_EN[63:0]$1636 [0] $flatten\u_sq_engine.$0$memwr$\latch_w2$src/sq_engine.v:131$1531_EN[63:0]$1636 [0] $flatten\u_sq_engine.$0$memwr$\latch_w2$src/sq_engine.v:131$1531_EN[63:0]$1636 [0] $flatten\u_sq_engine.$0$memwr$\latch_w2$src/sq_engine.v:131$1531_EN[63:0]$1636 [0] $flatten\u_sq_engine.$0$memwr$\latch_w2$src/sq_engine.v:131$1531_EN[63:0]$1636 [0] $flatten\u_sq_engine.$0$memwr$\latch_w2$src/sq_engine.v:131$1531_EN[63:0]$1636 [0] $flatten\u_sq_engine.$0$memwr$\latch_w2$src/sq_engine.v:131$1531_EN[63:0]$1636 [0] $flatten\u_sq_engine.$0$memwr$\latch_w2$src/sq_engine.v:131$1531_EN[63:0]$1636 [0] $flatten\u_sq_engine.$0$memwr$\latch_w2$src/sq_engine.v:131$1531_EN[63:0]$1636 [0] $flatten\u_sq_engine.$0$memwr$\latch_w2$src/sq_engine.v:131$1531_EN[63:0]$1636 [0] $flatten\u_sq_engine.$0$memwr$\latch_w2$src/sq_engine.v:131$1531_EN[63:0]$1636 [0] $flatten\u_sq_engine.$0$memwr$\latch_w2$src/sq_engine.v:131$1531_EN[63:0]$1636 [0] $flatten\u_sq_engine.$0$memwr$\latch_w2$src/sq_engine.v:131$1531_EN[63:0]$1636 [0] $flatten\u_sq_engine.$0$memwr$\latch_w2$src/sq_engine.v:131$1531_EN[63:0]$1636 [0] $flatten\u_sq_engine.$0$memwr$\latch_w2$src/sq_engine.v:131$1531_EN[63:0]$1636 [0] $flatten\u_sq_engine.$0$memwr$\latch_w2$src/sq_engine.v:131$1531_EN[63:0]$1636 [0] $flatten\u_sq_engine.$0$memwr$\latch_w2$src/sq_engine.v:131$1531_EN[63:0]$1636 [0] $flatten\u_sq_engine.$0$memwr$\latch_w2$src/sq_engine.v:131$1531_EN[63:0]$1636 [0] $flatten\u_sq_engine.$0$memwr$\latch_w2$src/sq_engine.v:131$1531_EN[63:0]$1636 [0] $flatten\u_sq_engine.$0$memwr$\latch_w2$src/sq_engine.v:131$1531_EN[63:0]$1636 [0] $flatten\u_sq_engine.$0$memwr$\latch_w2$src/sq_engine.v:131$1531_EN[63:0]$1636 [0] $flatten\u_sq_engine.$0$memwr$\latch_w2$src/sq_engine.v:131$1531_EN[63:0]$1636 [0] $flatten\u_sq_engine.$0$memwr$\latch_w2$src/sq_engine.v:131$1531_EN[63:0]$1636 [0] $flatten\u_sq_engine.$0$memwr$\latch_w2$src/sq_engine.v:131$1531_EN[63:0]$1636 [0] $flatten\u_sq_engine.$0$memwr$\latch_w2$src/sq_engine.v:131$1531_EN[63:0]$1636 [0] $flatten\u_sq_engine.$0$memwr$\latch_w2$src/sq_engine.v:131$1531_EN[63:0]$1636 [0] $flatten\u_sq_engine.$0$memwr$\latch_w2$src/sq_engine.v:131$1531_EN[63:0]$1636 [0] $flatten\u_sq_engine.$0$memwr$\latch_w2$src/sq_engine.v:131$1531_EN[63:0]$1636 [0] $flatten\u_sq_engine.$0$memwr$\latch_w2$src/sq_engine.v:131$1531_EN[63:0]$1636 [0] $flatten\u_sq_engine.$0$memwr$\latch_w2$src/sq_engine.v:131$1531_EN[63:0]$1636 [0] $flatten\u_sq_engine.$0$memwr$\latch_w2$src/sq_engine.v:131$1531_EN[63:0]$1636 [0] $flatten\u_sq_engine.$0$memwr$\latch_w2$src/sq_engine.v:131$1531_EN[63:0]$1636 [0] $flatten\u_sq_engine.$0$memwr$\latch_w2$src/sq_engine.v:131$1531_EN[63:0]$1636 [0] $flatten\u_sq_engine.$0$memwr$\latch_w2$src/sq_engine.v:131$1531_EN[63:0]$1636 [0] $flatten\u_sq_engine.$0$memwr$\latch_w2$src/sq_engine.v:131$1531_EN[63:0]$1636 [0] $flatten\u_sq_engine.$0$memwr$\latch_w2$src/sq_engine.v:131$1531_EN[63:0]$1636 [0] $flatten\u_sq_engine.$0$memwr$\latch_w2$src/sq_engine.v:131$1531_EN[63:0]$1636 [0] $flatten\u_sq_engine.$0$memwr$\latch_w2$src/sq_engine.v:131$1531_EN[63:0]$1636 [0] $flatten\u_sq_engine.$0$memwr$\latch_w2$src/sq_engine.v:131$1531_EN[63:0]$1636 [0] $flatten\u_sq_engine.$0$memwr$\latch_w2$src/sq_engine.v:131$1531_EN[63:0]$1636 [0] $flatten\u_sq_engine.$0$memwr$\latch_w2$src/sq_engine.v:131$1531_EN[63:0]$1636 [0] $flatten\u_sq_engine.$0$memwr$\latch_w2$src/sq_engine.v:131$1531_EN[63:0]$1636 [0] $flatten\u_sq_engine.$0$memwr$\latch_w2$src/sq_engine.v:131$1531_EN[63:0]$1636 [0] $flatten\u_sq_engine.$0$memwr$\latch_w2$src/sq_engine.v:131$1531_EN[63:0]$1636 [0] $flatten\u_sq_engine.$0$memwr$\latch_w2$src/sq_engine.v:131$1531_EN[63:0]$1636 [0] $flatten\u_sq_engine.$0$memwr$\latch_w2$src/sq_engine.v:131$1531_EN[63:0]$1636 [0] $flatten\u_sq_engine.$0$memwr$\latch_w2$src/sq_engine.v:131$1531_EN[63:0]$1636 [0] $flatten\u_sq_engine.$0$memwr$\latch_w2$src/sq_engine.v:131$1531_EN[63:0]$1636 [0] $flatten\u_sq_engine.$0$memwr$\latch_w2$src/sq_engine.v:131$1531_EN[63:0]$1636 [0] $flatten\u_sq_engine.$0$memwr$\latch_w2$src/sq_engine.v:131$1531_EN[63:0]$1636 [0] $flatten\u_sq_engine.$0$memwr$\latch_w2$src/sq_engine.v:131$1531_EN[63:0]$1636 [0] $flatten\u_sq_engine.$0$memwr$\latch_w2$src/sq_engine.v:131$1531_EN[63:0]$1636 [0] $flatten\u_sq_engine.$0$memwr$\latch_w2$src/sq_engine.v:131$1531_EN[63:0]$1636 [0] $flatten\u_sq_engine.$0$memwr$\latch_w2$src/sq_engine.v:131$1531_EN[63:0]$1636 [0] $flatten\u_sq_engine.$0$memwr$\latch_w2$src/sq_engine.v:131$1531_EN[63:0]$1636 [0] $flatten\u_sq_engine.$0$memwr$\latch_w2$src/sq_engine.v:131$1531_EN[63:0]$1636 [0] $flatten\u_sq_engine.$0$memwr$\latch_w2$src/sq_engine.v:131$1531_EN[63:0]$1636 [0] $flatten\u_sq_engine.$0$memwr$\latch_w2$src/sq_engine.v:131$1531_EN[63:0]$1636 [0] $flatten\u_sq_engine.$0$memwr$\latch_w2$src/sq_engine.v:131$1531_EN[63:0]$1636 [0] $flatten\u_sq_engine.$0$memwr$\latch_w2$src/sq_engine.v:131$1531_EN[63:0]$1636 [0] $flatten\u_sq_engine.$0$memwr$\latch_w2$src/sq_engine.v:131$1531_EN[63:0]$1636 [0] }
    Consolidated identical input bits for $mux cell $flatten\u_sq_engine.$procmux$6267:
      Old ports: A=6'111111, B=6'000000, Y=$flatten\u_sq_engine.$0$memwr$\cid_counter$src/sq_engine.v:133$1533_EN[5:0]$1638
      New ports: A=1'1, B=1'0, Y=$flatten\u_sq_engine.$0$memwr$\cid_counter$src/sq_engine.v:133$1533_EN[5:0]$1638 [0]
      New connections: $flatten\u_sq_engine.$0$memwr$\cid_counter$src/sq_engine.v:133$1533_EN[5:0]$1638 [5:1] = { $flatten\u_sq_engine.$0$memwr$\cid_counter$src/sq_engine.v:133$1533_EN[5:0]$1638 [0] $flatten\u_sq_engine.$0$memwr$\cid_counter$src/sq_engine.v:133$1533_EN[5:0]$1638 [0] $flatten\u_sq_engine.$0$memwr$\cid_counter$src/sq_engine.v:133$1533_EN[5:0]$1638 [0] $flatten\u_sq_engine.$0$memwr$\cid_counter$src/sq_engine.v:133$1533_EN[5:0]$1638 [0] $flatten\u_sq_engine.$0$memwr$\cid_counter$src/sq_engine.v:133$1533_EN[5:0]$1638 [0] }
    Consolidated identical input bits for $mux cell $flatten\u_sq_engine.$procmux$6264:
      Old ports: A=64'1111111111111111111111111111111111111111111111111111111111111111, B=64'0000000000000000000000000000000000000000000000000000000000000000, Y=$flatten\u_sq_engine.$0$memwr$\latch_w0$src/sq_engine.v:131$1534_EN[63:0]$1639
      New ports: A=1'1, B=1'0, Y=$flatten\u_sq_engine.$0$memwr$\latch_w0$src/sq_engine.v:131$1534_EN[63:0]$1639 [0]
      New connections: $flatten\u_sq_engine.$0$memwr$\latch_w0$src/sq_engine.v:131$1534_EN[63:0]$1639 [63:1] = { $flatten\u_sq_engine.$0$memwr$\latch_w0$src/sq_engine.v:131$1534_EN[63:0]$1639 [0] $flatten\u_sq_engine.$0$memwr$\latch_w0$src/sq_engine.v:131$1534_EN[63:0]$1639 [0] $flatten\u_sq_engine.$0$memwr$\latch_w0$src/sq_engine.v:131$1534_EN[63:0]$1639 [0] $flatten\u_sq_engine.$0$memwr$\latch_w0$src/sq_engine.v:131$1534_EN[63:0]$1639 [0] $flatten\u_sq_engine.$0$memwr$\latch_w0$src/sq_engine.v:131$1534_EN[63:0]$1639 [0] $flatten\u_sq_engine.$0$memwr$\latch_w0$src/sq_engine.v:131$1534_EN[63:0]$1639 [0] $flatten\u_sq_engine.$0$memwr$\latch_w0$src/sq_engine.v:131$1534_EN[63:0]$1639 [0] $flatten\u_sq_engine.$0$memwr$\latch_w0$src/sq_engine.v:131$1534_EN[63:0]$1639 [0] $flatten\u_sq_engine.$0$memwr$\latch_w0$src/sq_engine.v:131$1534_EN[63:0]$1639 [0] $flatten\u_sq_engine.$0$memwr$\latch_w0$src/sq_engine.v:131$1534_EN[63:0]$1639 [0] $flatten\u_sq_engine.$0$memwr$\latch_w0$src/sq_engine.v:131$1534_EN[63:0]$1639 [0] $flatten\u_sq_engine.$0$memwr$\latch_w0$src/sq_engine.v:131$1534_EN[63:0]$1639 [0] $flatten\u_sq_engine.$0$memwr$\latch_w0$src/sq_engine.v:131$1534_EN[63:0]$1639 [0] $flatten\u_sq_engine.$0$memwr$\latch_w0$src/sq_engine.v:131$1534_EN[63:0]$1639 [0] $flatten\u_sq_engine.$0$memwr$\latch_w0$src/sq_engine.v:131$1534_EN[63:0]$1639 [0] $flatten\u_sq_engine.$0$memwr$\latch_w0$src/sq_engine.v:131$1534_EN[63:0]$1639 [0] $flatten\u_sq_engine.$0$memwr$\latch_w0$src/sq_engine.v:131$1534_EN[63:0]$1639 [0] $flatten\u_sq_engine.$0$memwr$\latch_w0$src/sq_engine.v:131$1534_EN[63:0]$1639 [0] $flatten\u_sq_engine.$0$memwr$\latch_w0$src/sq_engine.v:131$1534_EN[63:0]$1639 [0] $flatten\u_sq_engine.$0$memwr$\latch_w0$src/sq_engine.v:131$1534_EN[63:0]$1639 [0] $flatten\u_sq_engine.$0$memwr$\latch_w0$src/sq_engine.v:131$1534_EN[63:0]$1639 [0] $flatten\u_sq_engine.$0$memwr$\latch_w0$src/sq_engine.v:131$1534_EN[63:0]$1639 [0] $flatten\u_sq_engine.$0$memwr$\latch_w0$src/sq_engine.v:131$1534_EN[63:0]$1639 [0] $flatten\u_sq_engine.$0$memwr$\latch_w0$src/sq_engine.v:131$1534_EN[63:0]$1639 [0] $flatten\u_sq_engine.$0$memwr$\latch_w0$src/sq_engine.v:131$1534_EN[63:0]$1639 [0] $flatten\u_sq_engine.$0$memwr$\latch_w0$src/sq_engine.v:131$1534_EN[63:0]$1639 [0] $flatten\u_sq_engine.$0$memwr$\latch_w0$src/sq_engine.v:131$1534_EN[63:0]$1639 [0] $flatten\u_sq_engine.$0$memwr$\latch_w0$src/sq_engine.v:131$1534_EN[63:0]$1639 [0] $flatten\u_sq_engine.$0$memwr$\latch_w0$src/sq_engine.v:131$1534_EN[63:0]$1639 [0] $flatten\u_sq_engine.$0$memwr$\latch_w0$src/sq_engine.v:131$1534_EN[63:0]$1639 [0] $flatten\u_sq_engine.$0$memwr$\latch_w0$src/sq_engine.v:131$1534_EN[63:0]$1639 [0] $flatten\u_sq_engine.$0$memwr$\latch_w0$src/sq_engine.v:131$1534_EN[63:0]$1639 [0] $flatten\u_sq_engine.$0$memwr$\latch_w0$src/sq_engine.v:131$1534_EN[63:0]$1639 [0] $flatten\u_sq_engine.$0$memwr$\latch_w0$src/sq_engine.v:131$1534_EN[63:0]$1639 [0] $flatten\u_sq_engine.$0$memwr$\latch_w0$src/sq_engine.v:131$1534_EN[63:0]$1639 [0] $flatten\u_sq_engine.$0$memwr$\latch_w0$src/sq_engine.v:131$1534_EN[63:0]$1639 [0] $flatten\u_sq_engine.$0$memwr$\latch_w0$src/sq_engine.v:131$1534_EN[63:0]$1639 [0] $flatten\u_sq_engine.$0$memwr$\latch_w0$src/sq_engine.v:131$1534_EN[63:0]$1639 [0] $flatten\u_sq_engine.$0$memwr$\latch_w0$src/sq_engine.v:131$1534_EN[63:0]$1639 [0] $flatten\u_sq_engine.$0$memwr$\latch_w0$src/sq_engine.v:131$1534_EN[63:0]$1639 [0] $flatten\u_sq_engine.$0$memwr$\latch_w0$src/sq_engine.v:131$1534_EN[63:0]$1639 [0] $flatten\u_sq_engine.$0$memwr$\latch_w0$src/sq_engine.v:131$1534_EN[63:0]$1639 [0] $flatten\u_sq_engine.$0$memwr$\latch_w0$src/sq_engine.v:131$1534_EN[63:0]$1639 [0] $flatten\u_sq_engine.$0$memwr$\latch_w0$src/sq_engine.v:131$1534_EN[63:0]$1639 [0] $flatten\u_sq_engine.$0$memwr$\latch_w0$src/sq_engine.v:131$1534_EN[63:0]$1639 [0] $flatten\u_sq_engine.$0$memwr$\latch_w0$src/sq_engine.v:131$1534_EN[63:0]$1639 [0] $flatten\u_sq_engine.$0$memwr$\latch_w0$src/sq_engine.v:131$1534_EN[63:0]$1639 [0] $flatten\u_sq_engine.$0$memwr$\latch_w0$src/sq_engine.v:131$1534_EN[63:0]$1639 [0] $flatten\u_sq_engine.$0$memwr$\latch_w0$src/sq_engine.v:131$1534_EN[63:0]$1639 [0] $flatten\u_sq_engine.$0$memwr$\latch_w0$src/sq_engine.v:131$1534_EN[63:0]$1639 [0] $flatten\u_sq_engine.$0$memwr$\latch_w0$src/sq_engine.v:131$1534_EN[63:0]$1639 [0] $flatten\u_sq_engine.$0$memwr$\latch_w0$src/sq_engine.v:131$1534_EN[63:0]$1639 [0] $flatten\u_sq_engine.$0$memwr$\latch_w0$src/sq_engine.v:131$1534_EN[63:0]$1639 [0] $flatten\u_sq_engine.$0$memwr$\latch_w0$src/sq_engine.v:131$1534_EN[63:0]$1639 [0] $flatten\u_sq_engine.$0$memwr$\latch_w0$src/sq_engine.v:131$1534_EN[63:0]$1639 [0] $flatten\u_sq_engine.$0$memwr$\latch_w0$src/sq_engine.v:131$1534_EN[63:0]$1639 [0] $flatten\u_sq_engine.$0$memwr$\latch_w0$src/sq_engine.v:131$1534_EN[63:0]$1639 [0] $flatten\u_sq_engine.$0$memwr$\latch_w0$src/sq_engine.v:131$1534_EN[63:0]$1639 [0] $flatten\u_sq_engine.$0$memwr$\latch_w0$src/sq_engine.v:131$1534_EN[63:0]$1639 [0] $flatten\u_sq_engine.$0$memwr$\latch_w0$src/sq_engine.v:131$1534_EN[63:0]$1639 [0] $flatten\u_sq_engine.$0$memwr$\latch_w0$src/sq_engine.v:131$1534_EN[63:0]$1639 [0] $flatten\u_sq_engine.$0$memwr$\latch_w0$src/sq_engine.v:131$1534_EN[63:0]$1639 [0] $flatten\u_sq_engine.$0$memwr$\latch_w0$src/sq_engine.v:131$1534_EN[63:0]$1639 [0] }
    Consolidated identical input bits for $mux cell $flatten\u_sq_engine.$procmux$6261:
      Old ports: A=64'1111111111111111111111111111111111111111111111111111111111111111, B=64'0000000000000000000000000000000000000000000000000000000000000000, Y=$flatten\u_sq_engine.$0$memwr$\latch_w1$src/sq_engine.v:131$1535_EN[63:0]$1640
      New ports: A=1'1, B=1'0, Y=$flatten\u_sq_engine.$0$memwr$\latch_w1$src/sq_engine.v:131$1535_EN[63:0]$1640 [0]
      New connections: $flatten\u_sq_engine.$0$memwr$\latch_w1$src/sq_engine.v:131$1535_EN[63:0]$1640 [63:1] = { $flatten\u_sq_engine.$0$memwr$\latch_w1$src/sq_engine.v:131$1535_EN[63:0]$1640 [0] $flatten\u_sq_engine.$0$memwr$\latch_w1$src/sq_engine.v:131$1535_EN[63:0]$1640 [0] $flatten\u_sq_engine.$0$memwr$\latch_w1$src/sq_engine.v:131$1535_EN[63:0]$1640 [0] $flatten\u_sq_engine.$0$memwr$\latch_w1$src/sq_engine.v:131$1535_EN[63:0]$1640 [0] $flatten\u_sq_engine.$0$memwr$\latch_w1$src/sq_engine.v:131$1535_EN[63:0]$1640 [0] $flatten\u_sq_engine.$0$memwr$\latch_w1$src/sq_engine.v:131$1535_EN[63:0]$1640 [0] $flatten\u_sq_engine.$0$memwr$\latch_w1$src/sq_engine.v:131$1535_EN[63:0]$1640 [0] $flatten\u_sq_engine.$0$memwr$\latch_w1$src/sq_engine.v:131$1535_EN[63:0]$1640 [0] $flatten\u_sq_engine.$0$memwr$\latch_w1$src/sq_engine.v:131$1535_EN[63:0]$1640 [0] $flatten\u_sq_engine.$0$memwr$\latch_w1$src/sq_engine.v:131$1535_EN[63:0]$1640 [0] $flatten\u_sq_engine.$0$memwr$\latch_w1$src/sq_engine.v:131$1535_EN[63:0]$1640 [0] $flatten\u_sq_engine.$0$memwr$\latch_w1$src/sq_engine.v:131$1535_EN[63:0]$1640 [0] $flatten\u_sq_engine.$0$memwr$\latch_w1$src/sq_engine.v:131$1535_EN[63:0]$1640 [0] $flatten\u_sq_engine.$0$memwr$\latch_w1$src/sq_engine.v:131$1535_EN[63:0]$1640 [0] $flatten\u_sq_engine.$0$memwr$\latch_w1$src/sq_engine.v:131$1535_EN[63:0]$1640 [0] $flatten\u_sq_engine.$0$memwr$\latch_w1$src/sq_engine.v:131$1535_EN[63:0]$1640 [0] $flatten\u_sq_engine.$0$memwr$\latch_w1$src/sq_engine.v:131$1535_EN[63:0]$1640 [0] $flatten\u_sq_engine.$0$memwr$\latch_w1$src/sq_engine.v:131$1535_EN[63:0]$1640 [0] $flatten\u_sq_engine.$0$memwr$\latch_w1$src/sq_engine.v:131$1535_EN[63:0]$1640 [0] $flatten\u_sq_engine.$0$memwr$\latch_w1$src/sq_engine.v:131$1535_EN[63:0]$1640 [0] $flatten\u_sq_engine.$0$memwr$\latch_w1$src/sq_engine.v:131$1535_EN[63:0]$1640 [0] $flatten\u_sq_engine.$0$memwr$\latch_w1$src/sq_engine.v:131$1535_EN[63:0]$1640 [0] $flatten\u_sq_engine.$0$memwr$\latch_w1$src/sq_engine.v:131$1535_EN[63:0]$1640 [0] $flatten\u_sq_engine.$0$memwr$\latch_w1$src/sq_engine.v:131$1535_EN[63:0]$1640 [0] $flatten\u_sq_engine.$0$memwr$\latch_w1$src/sq_engine.v:131$1535_EN[63:0]$1640 [0] $flatten\u_sq_engine.$0$memwr$\latch_w1$src/sq_engine.v:131$1535_EN[63:0]$1640 [0] $flatten\u_sq_engine.$0$memwr$\latch_w1$src/sq_engine.v:131$1535_EN[63:0]$1640 [0] $flatten\u_sq_engine.$0$memwr$\latch_w1$src/sq_engine.v:131$1535_EN[63:0]$1640 [0] $flatten\u_sq_engine.$0$memwr$\latch_w1$src/sq_engine.v:131$1535_EN[63:0]$1640 [0] $flatten\u_sq_engine.$0$memwr$\latch_w1$src/sq_engine.v:131$1535_EN[63:0]$1640 [0] $flatten\u_sq_engine.$0$memwr$\latch_w1$src/sq_engine.v:131$1535_EN[63:0]$1640 [0] $flatten\u_sq_engine.$0$memwr$\latch_w1$src/sq_engine.v:131$1535_EN[63:0]$1640 [0] $flatten\u_sq_engine.$0$memwr$\latch_w1$src/sq_engine.v:131$1535_EN[63:0]$1640 [0] $flatten\u_sq_engine.$0$memwr$\latch_w1$src/sq_engine.v:131$1535_EN[63:0]$1640 [0] $flatten\u_sq_engine.$0$memwr$\latch_w1$src/sq_engine.v:131$1535_EN[63:0]$1640 [0] $flatten\u_sq_engine.$0$memwr$\latch_w1$src/sq_engine.v:131$1535_EN[63:0]$1640 [0] $flatten\u_sq_engine.$0$memwr$\latch_w1$src/sq_engine.v:131$1535_EN[63:0]$1640 [0] $flatten\u_sq_engine.$0$memwr$\latch_w1$src/sq_engine.v:131$1535_EN[63:0]$1640 [0] $flatten\u_sq_engine.$0$memwr$\latch_w1$src/sq_engine.v:131$1535_EN[63:0]$1640 [0] $flatten\u_sq_engine.$0$memwr$\latch_w1$src/sq_engine.v:131$1535_EN[63:0]$1640 [0] $flatten\u_sq_engine.$0$memwr$\latch_w1$src/sq_engine.v:131$1535_EN[63:0]$1640 [0] $flatten\u_sq_engine.$0$memwr$\latch_w1$src/sq_engine.v:131$1535_EN[63:0]$1640 [0] $flatten\u_sq_engine.$0$memwr$\latch_w1$src/sq_engine.v:131$1535_EN[63:0]$1640 [0] $flatten\u_sq_engine.$0$memwr$\latch_w1$src/sq_engine.v:131$1535_EN[63:0]$1640 [0] $flatten\u_sq_engine.$0$memwr$\latch_w1$src/sq_engine.v:131$1535_EN[63:0]$1640 [0] $flatten\u_sq_engine.$0$memwr$\latch_w1$src/sq_engine.v:131$1535_EN[63:0]$1640 [0] $flatten\u_sq_engine.$0$memwr$\latch_w1$src/sq_engine.v:131$1535_EN[63:0]$1640 [0] $flatten\u_sq_engine.$0$memwr$\latch_w1$src/sq_engine.v:131$1535_EN[63:0]$1640 [0] $flatten\u_sq_engine.$0$memwr$\latch_w1$src/sq_engine.v:131$1535_EN[63:0]$1640 [0] $flatten\u_sq_engine.$0$memwr$\latch_w1$src/sq_engine.v:131$1535_EN[63:0]$1640 [0] $flatten\u_sq_engine.$0$memwr$\latch_w1$src/sq_engine.v:131$1535_EN[63:0]$1640 [0] $flatten\u_sq_engine.$0$memwr$\latch_w1$src/sq_engine.v:131$1535_EN[63:0]$1640 [0] $flatten\u_sq_engine.$0$memwr$\latch_w1$src/sq_engine.v:131$1535_EN[63:0]$1640 [0] $flatten\u_sq_engine.$0$memwr$\latch_w1$src/sq_engine.v:131$1535_EN[63:0]$1640 [0] $flatten\u_sq_engine.$0$memwr$\latch_w1$src/sq_engine.v:131$1535_EN[63:0]$1640 [0] $flatten\u_sq_engine.$0$memwr$\latch_w1$src/sq_engine.v:131$1535_EN[63:0]$1640 [0] $flatten\u_sq_engine.$0$memwr$\latch_w1$src/sq_engine.v:131$1535_EN[63:0]$1640 [0] $flatten\u_sq_engine.$0$memwr$\latch_w1$src/sq_engine.v:131$1535_EN[63:0]$1640 [0] $flatten\u_sq_engine.$0$memwr$\latch_w1$src/sq_engine.v:131$1535_EN[63:0]$1640 [0] $flatten\u_sq_engine.$0$memwr$\latch_w1$src/sq_engine.v:131$1535_EN[63:0]$1640 [0] $flatten\u_sq_engine.$0$memwr$\latch_w1$src/sq_engine.v:131$1535_EN[63:0]$1640 [0] $flatten\u_sq_engine.$0$memwr$\latch_w1$src/sq_engine.v:131$1535_EN[63:0]$1640 [0] $flatten\u_sq_engine.$0$memwr$\latch_w1$src/sq_engine.v:131$1535_EN[63:0]$1640 [0] }
    Consolidated identical input bits for $mux cell $flatten\u_sq_engine.$procmux$6258:
      Old ports: A=64'1111111111111111111111111111111111111111111111111111111111111111, B=64'0000000000000000000000000000000000000000000000000000000000000000, Y=$flatten\u_sq_engine.$0$memwr$\latch_w2$src/sq_engine.v:131$1536_EN[63:0]$1641
      New ports: A=1'1, B=1'0, Y=$flatten\u_sq_engine.$0$memwr$\latch_w2$src/sq_engine.v:131$1536_EN[63:0]$1641 [0]
      New connections: $flatten\u_sq_engine.$0$memwr$\latch_w2$src/sq_engine.v:131$1536_EN[63:0]$1641 [63:1] = { $flatten\u_sq_engine.$0$memwr$\latch_w2$src/sq_engine.v:131$1536_EN[63:0]$1641 [0] $flatten\u_sq_engine.$0$memwr$\latch_w2$src/sq_engine.v:131$1536_EN[63:0]$1641 [0] $flatten\u_sq_engine.$0$memwr$\latch_w2$src/sq_engine.v:131$1536_EN[63:0]$1641 [0] $flatten\u_sq_engine.$0$memwr$\latch_w2$src/sq_engine.v:131$1536_EN[63:0]$1641 [0] $flatten\u_sq_engine.$0$memwr$\latch_w2$src/sq_engine.v:131$1536_EN[63:0]$1641 [0] $flatten\u_sq_engine.$0$memwr$\latch_w2$src/sq_engine.v:131$1536_EN[63:0]$1641 [0] $flatten\u_sq_engine.$0$memwr$\latch_w2$src/sq_engine.v:131$1536_EN[63:0]$1641 [0] $flatten\u_sq_engine.$0$memwr$\latch_w2$src/sq_engine.v:131$1536_EN[63:0]$1641 [0] $flatten\u_sq_engine.$0$memwr$\latch_w2$src/sq_engine.v:131$1536_EN[63:0]$1641 [0] $flatten\u_sq_engine.$0$memwr$\latch_w2$src/sq_engine.v:131$1536_EN[63:0]$1641 [0] $flatten\u_sq_engine.$0$memwr$\latch_w2$src/sq_engine.v:131$1536_EN[63:0]$1641 [0] $flatten\u_sq_engine.$0$memwr$\latch_w2$src/sq_engine.v:131$1536_EN[63:0]$1641 [0] $flatten\u_sq_engine.$0$memwr$\latch_w2$src/sq_engine.v:131$1536_EN[63:0]$1641 [0] $flatten\u_sq_engine.$0$memwr$\latch_w2$src/sq_engine.v:131$1536_EN[63:0]$1641 [0] $flatten\u_sq_engine.$0$memwr$\latch_w2$src/sq_engine.v:131$1536_EN[63:0]$1641 [0] $flatten\u_sq_engine.$0$memwr$\latch_w2$src/sq_engine.v:131$1536_EN[63:0]$1641 [0] $flatten\u_sq_engine.$0$memwr$\latch_w2$src/sq_engine.v:131$1536_EN[63:0]$1641 [0] $flatten\u_sq_engine.$0$memwr$\latch_w2$src/sq_engine.v:131$1536_EN[63:0]$1641 [0] $flatten\u_sq_engine.$0$memwr$\latch_w2$src/sq_engine.v:131$1536_EN[63:0]$1641 [0] $flatten\u_sq_engine.$0$memwr$\latch_w2$src/sq_engine.v:131$1536_EN[63:0]$1641 [0] $flatten\u_sq_engine.$0$memwr$\latch_w2$src/sq_engine.v:131$1536_EN[63:0]$1641 [0] $flatten\u_sq_engine.$0$memwr$\latch_w2$src/sq_engine.v:131$1536_EN[63:0]$1641 [0] $flatten\u_sq_engine.$0$memwr$\latch_w2$src/sq_engine.v:131$1536_EN[63:0]$1641 [0] $flatten\u_sq_engine.$0$memwr$\latch_w2$src/sq_engine.v:131$1536_EN[63:0]$1641 [0] $flatten\u_sq_engine.$0$memwr$\latch_w2$src/sq_engine.v:131$1536_EN[63:0]$1641 [0] $flatten\u_sq_engine.$0$memwr$\latch_w2$src/sq_engine.v:131$1536_EN[63:0]$1641 [0] $flatten\u_sq_engine.$0$memwr$\latch_w2$src/sq_engine.v:131$1536_EN[63:0]$1641 [0] $flatten\u_sq_engine.$0$memwr$\latch_w2$src/sq_engine.v:131$1536_EN[63:0]$1641 [0] $flatten\u_sq_engine.$0$memwr$\latch_w2$src/sq_engine.v:131$1536_EN[63:0]$1641 [0] $flatten\u_sq_engine.$0$memwr$\latch_w2$src/sq_engine.v:131$1536_EN[63:0]$1641 [0] $flatten\u_sq_engine.$0$memwr$\latch_w2$src/sq_engine.v:131$1536_EN[63:0]$1641 [0] $flatten\u_sq_engine.$0$memwr$\latch_w2$src/sq_engine.v:131$1536_EN[63:0]$1641 [0] $flatten\u_sq_engine.$0$memwr$\latch_w2$src/sq_engine.v:131$1536_EN[63:0]$1641 [0] $flatten\u_sq_engine.$0$memwr$\latch_w2$src/sq_engine.v:131$1536_EN[63:0]$1641 [0] $flatten\u_sq_engine.$0$memwr$\latch_w2$src/sq_engine.v:131$1536_EN[63:0]$1641 [0] $flatten\u_sq_engine.$0$memwr$\latch_w2$src/sq_engine.v:131$1536_EN[63:0]$1641 [0] $flatten\u_sq_engine.$0$memwr$\latch_w2$src/sq_engine.v:131$1536_EN[63:0]$1641 [0] $flatten\u_sq_engine.$0$memwr$\latch_w2$src/sq_engine.v:131$1536_EN[63:0]$1641 [0] $flatten\u_sq_engine.$0$memwr$\latch_w2$src/sq_engine.v:131$1536_EN[63:0]$1641 [0] $flatten\u_sq_engine.$0$memwr$\latch_w2$src/sq_engine.v:131$1536_EN[63:0]$1641 [0] $flatten\u_sq_engine.$0$memwr$\latch_w2$src/sq_engine.v:131$1536_EN[63:0]$1641 [0] $flatten\u_sq_engine.$0$memwr$\latch_w2$src/sq_engine.v:131$1536_EN[63:0]$1641 [0] $flatten\u_sq_engine.$0$memwr$\latch_w2$src/sq_engine.v:131$1536_EN[63:0]$1641 [0] $flatten\u_sq_engine.$0$memwr$\latch_w2$src/sq_engine.v:131$1536_EN[63:0]$1641 [0] $flatten\u_sq_engine.$0$memwr$\latch_w2$src/sq_engine.v:131$1536_EN[63:0]$1641 [0] $flatten\u_sq_engine.$0$memwr$\latch_w2$src/sq_engine.v:131$1536_EN[63:0]$1641 [0] $flatten\u_sq_engine.$0$memwr$\latch_w2$src/sq_engine.v:131$1536_EN[63:0]$1641 [0] $flatten\u_sq_engine.$0$memwr$\latch_w2$src/sq_engine.v:131$1536_EN[63:0]$1641 [0] $flatten\u_sq_engine.$0$memwr$\latch_w2$src/sq_engine.v:131$1536_EN[63:0]$1641 [0] $flatten\u_sq_engine.$0$memwr$\latch_w2$src/sq_engine.v:131$1536_EN[63:0]$1641 [0] $flatten\u_sq_engine.$0$memwr$\latch_w2$src/sq_engine.v:131$1536_EN[63:0]$1641 [0] $flatten\u_sq_engine.$0$memwr$\latch_w2$src/sq_engine.v:131$1536_EN[63:0]$1641 [0] $flatten\u_sq_engine.$0$memwr$\latch_w2$src/sq_engine.v:131$1536_EN[63:0]$1641 [0] $flatten\u_sq_engine.$0$memwr$\latch_w2$src/sq_engine.v:131$1536_EN[63:0]$1641 [0] $flatten\u_sq_engine.$0$memwr$\latch_w2$src/sq_engine.v:131$1536_EN[63:0]$1641 [0] $flatten\u_sq_engine.$0$memwr$\latch_w2$src/sq_engine.v:131$1536_EN[63:0]$1641 [0] $flatten\u_sq_engine.$0$memwr$\latch_w2$src/sq_engine.v:131$1536_EN[63:0]$1641 [0] $flatten\u_sq_engine.$0$memwr$\latch_w2$src/sq_engine.v:131$1536_EN[63:0]$1641 [0] $flatten\u_sq_engine.$0$memwr$\latch_w2$src/sq_engine.v:131$1536_EN[63:0]$1641 [0] $flatten\u_sq_engine.$0$memwr$\latch_w2$src/sq_engine.v:131$1536_EN[63:0]$1641 [0] $flatten\u_sq_engine.$0$memwr$\latch_w2$src/sq_engine.v:131$1536_EN[63:0]$1641 [0] $flatten\u_sq_engine.$0$memwr$\latch_w2$src/sq_engine.v:131$1536_EN[63:0]$1641 [0] $flatten\u_sq_engine.$0$memwr$\latch_w2$src/sq_engine.v:131$1536_EN[63:0]$1641 [0] }
    Consolidated identical input bits for $mux cell $flatten\u_cq_engine.$procmux$4760:
      Old ports: A=4'0000, B=4'1111, Y=$flatten\u_cq_engine.$procmux$4760_Y
      New ports: A=1'0, B=1'1, Y=$flatten\u_cq_engine.$procmux$4760_Y [0]
      New connections: $flatten\u_cq_engine.$procmux$4760_Y [3:1] = { $flatten\u_cq_engine.$procmux$4760_Y [0] $flatten\u_cq_engine.$procmux$4760_Y [0] $flatten\u_cq_engine.$procmux$4760_Y [0] }
    Consolidated identical input bits for $mux cell $flatten\u_sq_engine.$procmux$6327:
      Old ports: A=6'111111, B=6'000000, Y=$flatten\u_sq_engine.$0$memwr$\cid_counter$src/sq_engine.v:133$1513_EN[5:0]$1618
      New ports: A=1'1, B=1'0, Y=$flatten\u_sq_engine.$0$memwr$\cid_counter$src/sq_engine.v:133$1513_EN[5:0]$1618 [0]
      New connections: $flatten\u_sq_engine.$0$memwr$\cid_counter$src/sq_engine.v:133$1513_EN[5:0]$1618 [5:1] = { $flatten\u_sq_engine.$0$memwr$\cid_counter$src/sq_engine.v:133$1513_EN[5:0]$1618 [0] $flatten\u_sq_engine.$0$memwr$\cid_counter$src/sq_engine.v:133$1513_EN[5:0]$1618 [0] $flatten\u_sq_engine.$0$memwr$\cid_counter$src/sq_engine.v:133$1513_EN[5:0]$1618 [0] $flatten\u_sq_engine.$0$memwr$\cid_counter$src/sq_engine.v:133$1513_EN[5:0]$1618 [0] $flatten\u_sq_engine.$0$memwr$\cid_counter$src/sq_engine.v:133$1513_EN[5:0]$1618 [0] }
    Consolidated identical input bits for $mux cell $flatten\u_cq_engine.$procmux$4829:
      Old ports: A=4'1111, B=4'0000, Y=$flatten\u_cq_engine.$0$memwr$\batch_count$src/cq_engine.v:130$1900_EN[3:0]$2182
      New ports: A=1'1, B=1'0, Y=$flatten\u_cq_engine.$0$memwr$\batch_count$src/cq_engine.v:130$1900_EN[3:0]$2182 [0]
      New connections: $flatten\u_cq_engine.$0$memwr$\batch_count$src/cq_engine.v:130$1900_EN[3:0]$2182 [3:1] = { $flatten\u_cq_engine.$0$memwr$\batch_count$src/cq_engine.v:130$1900_EN[3:0]$2182 [0] $flatten\u_cq_engine.$0$memwr$\batch_count$src/cq_engine.v:130$1900_EN[3:0]$2182 [0] $flatten\u_cq_engine.$0$memwr$\batch_count$src/cq_engine.v:130$1900_EN[3:0]$2182 [0] }
    Consolidated identical input bits for $mux cell $flatten\u_cq_engine.$procmux$4832:
      Old ports: A=6'111111, B=6'000000, Y=$flatten\u_cq_engine.$0$memwr$\cq_tail$src/cq_engine.v:129$1899_EN[5:0]$2181
      New ports: A=1'1, B=1'0, Y=$flatten\u_cq_engine.$0$memwr$\cq_tail$src/cq_engine.v:129$1899_EN[5:0]$2181 [0]
      New connections: $flatten\u_cq_engine.$0$memwr$\cq_tail$src/cq_engine.v:129$1899_EN[5:0]$2181 [5:1] = { $flatten\u_cq_engine.$0$memwr$\cq_tail$src/cq_engine.v:129$1899_EN[5:0]$2181 [0] $flatten\u_cq_engine.$0$memwr$\cq_tail$src/cq_engine.v:129$1899_EN[5:0]$2181 [0] $flatten\u_cq_engine.$0$memwr$\cq_tail$src/cq_engine.v:129$1899_EN[5:0]$2181 [0] $flatten\u_cq_engine.$0$memwr$\cq_tail$src/cq_engine.v:129$1899_EN[5:0]$2181 [0] $flatten\u_cq_engine.$0$memwr$\cq_tail$src/cq_engine.v:129$1899_EN[5:0]$2181 [0] }
    Consolidated identical input bits for $mux cell $flatten\u_cq_engine.$procmux$4835:
      Old ports: A=4'1111, B=4'0000, Y=$flatten\u_cq_engine.$0$memwr$\batch_count$src/cq_engine.v:130$1898_EN[3:0]$2180
      New ports: A=1'1, B=1'0, Y=$flatten\u_cq_engine.$0$memwr$\batch_count$src/cq_engine.v:130$1898_EN[3:0]$2180 [0]
      New connections: $flatten\u_cq_engine.$0$memwr$\batch_count$src/cq_engine.v:130$1898_EN[3:0]$2180 [3:1] = { $flatten\u_cq_engine.$0$memwr$\batch_count$src/cq_engine.v:130$1898_EN[3:0]$2180 [0] $flatten\u_cq_engine.$0$memwr$\batch_count$src/cq_engine.v:130$1898_EN[3:0]$2180 [0] $flatten\u_cq_engine.$0$memwr$\batch_count$src/cq_engine.v:130$1898_EN[3:0]$2180 [0] }
    Consolidated identical input bits for $mux cell $flatten\u_cq_engine.$procmux$4838:
      Old ports: A=6'111111, B=6'000000, Y=$flatten\u_cq_engine.$0$memwr$\cq_tail$src/cq_engine.v:129$1897_EN[5:0]$2179
      New ports: A=1'1, B=1'0, Y=$flatten\u_cq_engine.$0$memwr$\cq_tail$src/cq_engine.v:129$1897_EN[5:0]$2179 [0]
      New connections: $flatten\u_cq_engine.$0$memwr$\cq_tail$src/cq_engine.v:129$1897_EN[5:0]$2179 [5:1] = { $flatten\u_cq_engine.$0$memwr$\cq_tail$src/cq_engine.v:129$1897_EN[5:0]$2179 [0] $flatten\u_cq_engine.$0$memwr$\cq_tail$src/cq_engine.v:129$1897_EN[5:0]$2179 [0] $flatten\u_cq_engine.$0$memwr$\cq_tail$src/cq_engine.v:129$1897_EN[5:0]$2179 [0] $flatten\u_cq_engine.$0$memwr$\cq_tail$src/cq_engine.v:129$1897_EN[5:0]$2179 [0] $flatten\u_cq_engine.$0$memwr$\cq_tail$src/cq_engine.v:129$1897_EN[5:0]$2179 [0] }
    Consolidated identical input bits for $mux cell $flatten\u_cq_engine.$procmux$4841:
      Old ports: A=4'1111, B=4'0000, Y=$flatten\u_cq_engine.$0$memwr$\batch_count$src/cq_engine.v:130$1896_EN[3:0]$2178
      New ports: A=1'1, B=1'0, Y=$flatten\u_cq_engine.$0$memwr$\batch_count$src/cq_engine.v:130$1896_EN[3:0]$2178 [0]
      New connections: $flatten\u_cq_engine.$0$memwr$\batch_count$src/cq_engine.v:130$1896_EN[3:0]$2178 [3:1] = { $flatten\u_cq_engine.$0$memwr$\batch_count$src/cq_engine.v:130$1896_EN[3:0]$2178 [0] $flatten\u_cq_engine.$0$memwr$\batch_count$src/cq_engine.v:130$1896_EN[3:0]$2178 [0] $flatten\u_cq_engine.$0$memwr$\batch_count$src/cq_engine.v:130$1896_EN[3:0]$2178 [0] }
    Consolidated identical input bits for $mux cell $flatten\u_cq_engine.$procmux$4844:
      Old ports: A=6'111111, B=6'000000, Y=$flatten\u_cq_engine.$0$memwr$\cq_tail$src/cq_engine.v:129$1895_EN[5:0]$2177
      New ports: A=1'1, B=1'0, Y=$flatten\u_cq_engine.$0$memwr$\cq_tail$src/cq_engine.v:129$1895_EN[5:0]$2177 [0]
      New connections: $flatten\u_cq_engine.$0$memwr$\cq_tail$src/cq_engine.v:129$1895_EN[5:0]$2177 [5:1] = { $flatten\u_cq_engine.$0$memwr$\cq_tail$src/cq_engine.v:129$1895_EN[5:0]$2177 [0] $flatten\u_cq_engine.$0$memwr$\cq_tail$src/cq_engine.v:129$1895_EN[5:0]$2177 [0] $flatten\u_cq_engine.$0$memwr$\cq_tail$src/cq_engine.v:129$1895_EN[5:0]$2177 [0] $flatten\u_cq_engine.$0$memwr$\cq_tail$src/cq_engine.v:129$1895_EN[5:0]$2177 [0] $flatten\u_cq_engine.$0$memwr$\cq_tail$src/cq_engine.v:129$1895_EN[5:0]$2177 [0] }
    Consolidated identical input bits for $mux cell $flatten\u_cq_engine.$procmux$4847:
      Old ports: A=4'1111, B=4'0000, Y=$flatten\u_cq_engine.$0$memwr$\batch_count$src/cq_engine.v:130$1894_EN[3:0]$2176
      New ports: A=1'1, B=1'0, Y=$flatten\u_cq_engine.$0$memwr$\batch_count$src/cq_engine.v:130$1894_EN[3:0]$2176 [0]
      New connections: $flatten\u_cq_engine.$0$memwr$\batch_count$src/cq_engine.v:130$1894_EN[3:0]$2176 [3:1] = { $flatten\u_cq_engine.$0$memwr$\batch_count$src/cq_engine.v:130$1894_EN[3:0]$2176 [0] $flatten\u_cq_engine.$0$memwr$\batch_count$src/cq_engine.v:130$1894_EN[3:0]$2176 [0] $flatten\u_cq_engine.$0$memwr$\batch_count$src/cq_engine.v:130$1894_EN[3:0]$2176 [0] }
    Consolidated identical input bits for $mux cell $flatten\u_cq_engine.$procmux$4850:
      Old ports: A=6'111111, B=6'000000, Y=$flatten\u_cq_engine.$0$memwr$\cq_tail$src/cq_engine.v:129$1893_EN[5:0]$2175
      New ports: A=1'1, B=1'0, Y=$flatten\u_cq_engine.$0$memwr$\cq_tail$src/cq_engine.v:129$1893_EN[5:0]$2175 [0]
      New connections: $flatten\u_cq_engine.$0$memwr$\cq_tail$src/cq_engine.v:129$1893_EN[5:0]$2175 [5:1] = { $flatten\u_cq_engine.$0$memwr$\cq_tail$src/cq_engine.v:129$1893_EN[5:0]$2175 [0] $flatten\u_cq_engine.$0$memwr$\cq_tail$src/cq_engine.v:129$1893_EN[5:0]$2175 [0] $flatten\u_cq_engine.$0$memwr$\cq_tail$src/cq_engine.v:129$1893_EN[5:0]$2175 [0] $flatten\u_cq_engine.$0$memwr$\cq_tail$src/cq_engine.v:129$1893_EN[5:0]$2175 [0] $flatten\u_cq_engine.$0$memwr$\cq_tail$src/cq_engine.v:129$1893_EN[5:0]$2175 [0] }
    Consolidated identical input bits for $mux cell $flatten\u_cq_engine.$procmux$4853:
      Old ports: A=4'1111, B=4'0000, Y=$flatten\u_cq_engine.$0$memwr$\batch_count$src/cq_engine.v:130$1892_EN[3:0]$2174
      New ports: A=1'1, B=1'0, Y=$flatten\u_cq_engine.$0$memwr$\batch_count$src/cq_engine.v:130$1892_EN[3:0]$2174 [0]
      New connections: $flatten\u_cq_engine.$0$memwr$\batch_count$src/cq_engine.v:130$1892_EN[3:0]$2174 [3:1] = { $flatten\u_cq_engine.$0$memwr$\batch_count$src/cq_engine.v:130$1892_EN[3:0]$2174 [0] $flatten\u_cq_engine.$0$memwr$\batch_count$src/cq_engine.v:130$1892_EN[3:0]$2174 [0] $flatten\u_cq_engine.$0$memwr$\batch_count$src/cq_engine.v:130$1892_EN[3:0]$2174 [0] }
    Consolidated identical input bits for $mux cell $flatten\u_cq_engine.$procmux$4856:
      Old ports: A=6'111111, B=6'000000, Y=$flatten\u_cq_engine.$0$memwr$\cq_tail$src/cq_engine.v:129$1891_EN[5:0]$2173
      New ports: A=1'1, B=1'0, Y=$flatten\u_cq_engine.$0$memwr$\cq_tail$src/cq_engine.v:129$1891_EN[5:0]$2173 [0]
      New connections: $flatten\u_cq_engine.$0$memwr$\cq_tail$src/cq_engine.v:129$1891_EN[5:0]$2173 [5:1] = { $flatten\u_cq_engine.$0$memwr$\cq_tail$src/cq_engine.v:129$1891_EN[5:0]$2173 [0] $flatten\u_cq_engine.$0$memwr$\cq_tail$src/cq_engine.v:129$1891_EN[5:0]$2173 [0] $flatten\u_cq_engine.$0$memwr$\cq_tail$src/cq_engine.v:129$1891_EN[5:0]$2173 [0] $flatten\u_cq_engine.$0$memwr$\cq_tail$src/cq_engine.v:129$1891_EN[5:0]$2173 [0] $flatten\u_cq_engine.$0$memwr$\cq_tail$src/cq_engine.v:129$1891_EN[5:0]$2173 [0] }
    Consolidated identical input bits for $mux cell $flatten\u_cq_engine.$procmux$4859:
      Old ports: A=4'1111, B=4'0000, Y=$flatten\u_cq_engine.$0$memwr$\batch_count$src/cq_engine.v:130$1890_EN[3:0]$2172
      New ports: A=1'1, B=1'0, Y=$flatten\u_cq_engine.$0$memwr$\batch_count$src/cq_engine.v:130$1890_EN[3:0]$2172 [0]
      New connections: $flatten\u_cq_engine.$0$memwr$\batch_count$src/cq_engine.v:130$1890_EN[3:0]$2172 [3:1] = { $flatten\u_cq_engine.$0$memwr$\batch_count$src/cq_engine.v:130$1890_EN[3:0]$2172 [0] $flatten\u_cq_engine.$0$memwr$\batch_count$src/cq_engine.v:130$1890_EN[3:0]$2172 [0] $flatten\u_cq_engine.$0$memwr$\batch_count$src/cq_engine.v:130$1890_EN[3:0]$2172 [0] }
    Consolidated identical input bits for $mux cell $flatten\u_cq_engine.$procmux$4862:
      Old ports: A=6'111111, B=6'000000, Y=$flatten\u_cq_engine.$0$memwr$\cq_tail$src/cq_engine.v:129$1889_EN[5:0]$2171
      New ports: A=1'1, B=1'0, Y=$flatten\u_cq_engine.$0$memwr$\cq_tail$src/cq_engine.v:129$1889_EN[5:0]$2171 [0]
      New connections: $flatten\u_cq_engine.$0$memwr$\cq_tail$src/cq_engine.v:129$1889_EN[5:0]$2171 [5:1] = { $flatten\u_cq_engine.$0$memwr$\cq_tail$src/cq_engine.v:129$1889_EN[5:0]$2171 [0] $flatten\u_cq_engine.$0$memwr$\cq_tail$src/cq_engine.v:129$1889_EN[5:0]$2171 [0] $flatten\u_cq_engine.$0$memwr$\cq_tail$src/cq_engine.v:129$1889_EN[5:0]$2171 [0] $flatten\u_cq_engine.$0$memwr$\cq_tail$src/cq_engine.v:129$1889_EN[5:0]$2171 [0] $flatten\u_cq_engine.$0$memwr$\cq_tail$src/cq_engine.v:129$1889_EN[5:0]$2171 [0] }
    Consolidated identical input bits for $mux cell $flatten\u_cq_engine.$procmux$4865:
      Old ports: A=4'1111, B=4'0000, Y=$flatten\u_cq_engine.$0$memwr$\batch_count$src/cq_engine.v:130$1888_EN[3:0]$2170
      New ports: A=1'1, B=1'0, Y=$flatten\u_cq_engine.$0$memwr$\batch_count$src/cq_engine.v:130$1888_EN[3:0]$2170 [0]
      New connections: $flatten\u_cq_engine.$0$memwr$\batch_count$src/cq_engine.v:130$1888_EN[3:0]$2170 [3:1] = { $flatten\u_cq_engine.$0$memwr$\batch_count$src/cq_engine.v:130$1888_EN[3:0]$2170 [0] $flatten\u_cq_engine.$0$memwr$\batch_count$src/cq_engine.v:130$1888_EN[3:0]$2170 [0] $flatten\u_cq_engine.$0$memwr$\batch_count$src/cq_engine.v:130$1888_EN[3:0]$2170 [0] }
    Consolidated identical input bits for $mux cell $flatten\u_cq_engine.$procmux$4868:
      Old ports: A=6'111111, B=6'000000, Y=$flatten\u_cq_engine.$0$memwr$\cq_tail$src/cq_engine.v:129$1887_EN[5:0]$2169
      New ports: A=1'1, B=1'0, Y=$flatten\u_cq_engine.$0$memwr$\cq_tail$src/cq_engine.v:129$1887_EN[5:0]$2169 [0]
      New connections: $flatten\u_cq_engine.$0$memwr$\cq_tail$src/cq_engine.v:129$1887_EN[5:0]$2169 [5:1] = { $flatten\u_cq_engine.$0$memwr$\cq_tail$src/cq_engine.v:129$1887_EN[5:0]$2169 [0] $flatten\u_cq_engine.$0$memwr$\cq_tail$src/cq_engine.v:129$1887_EN[5:0]$2169 [0] $flatten\u_cq_engine.$0$memwr$\cq_tail$src/cq_engine.v:129$1887_EN[5:0]$2169 [0] $flatten\u_cq_engine.$0$memwr$\cq_tail$src/cq_engine.v:129$1887_EN[5:0]$2169 [0] $flatten\u_cq_engine.$0$memwr$\cq_tail$src/cq_engine.v:129$1887_EN[5:0]$2169 [0] }
    Consolidated identical input bits for $mux cell $flatten\u_cq_engine.$procmux$4871:
      Old ports: A=4'1111, B=4'0000, Y=$flatten\u_cq_engine.$0$memwr$\batch_count$src/cq_engine.v:130$1886_EN[3:0]$2168
      New ports: A=1'1, B=1'0, Y=$flatten\u_cq_engine.$0$memwr$\batch_count$src/cq_engine.v:130$1886_EN[3:0]$2168 [0]
      New connections: $flatten\u_cq_engine.$0$memwr$\batch_count$src/cq_engine.v:130$1886_EN[3:0]$2168 [3:1] = { $flatten\u_cq_engine.$0$memwr$\batch_count$src/cq_engine.v:130$1886_EN[3:0]$2168 [0] $flatten\u_cq_engine.$0$memwr$\batch_count$src/cq_engine.v:130$1886_EN[3:0]$2168 [0] $flatten\u_cq_engine.$0$memwr$\batch_count$src/cq_engine.v:130$1886_EN[3:0]$2168 [0] }
    Consolidated identical input bits for $mux cell $flatten\u_cq_engine.$procmux$4874:
      Old ports: A=6'111111, B=6'000000, Y=$flatten\u_cq_engine.$0$memwr$\cq_tail$src/cq_engine.v:129$1885_EN[5:0]$2167
      New ports: A=1'1, B=1'0, Y=$flatten\u_cq_engine.$0$memwr$\cq_tail$src/cq_engine.v:129$1885_EN[5:0]$2167 [0]
      New connections: $flatten\u_cq_engine.$0$memwr$\cq_tail$src/cq_engine.v:129$1885_EN[5:0]$2167 [5:1] = { $flatten\u_cq_engine.$0$memwr$\cq_tail$src/cq_engine.v:129$1885_EN[5:0]$2167 [0] $flatten\u_cq_engine.$0$memwr$\cq_tail$src/cq_engine.v:129$1885_EN[5:0]$2167 [0] $flatten\u_cq_engine.$0$memwr$\cq_tail$src/cq_engine.v:129$1885_EN[5:0]$2167 [0] $flatten\u_cq_engine.$0$memwr$\cq_tail$src/cq_engine.v:129$1885_EN[5:0]$2167 [0] $flatten\u_cq_engine.$0$memwr$\cq_tail$src/cq_engine.v:129$1885_EN[5:0]$2167 [0] }
    Consolidated identical input bits for $mux cell $flatten\u_cq_engine.$procmux$4877:
      Old ports: A=4'1111, B=4'0000, Y=$flatten\u_cq_engine.$0$memwr$\batch_count$src/cq_engine.v:130$1884_EN[3:0]$2166
      New ports: A=1'1, B=1'0, Y=$flatten\u_cq_engine.$0$memwr$\batch_count$src/cq_engine.v:130$1884_EN[3:0]$2166 [0]
      New connections: $flatten\u_cq_engine.$0$memwr$\batch_count$src/cq_engine.v:130$1884_EN[3:0]$2166 [3:1] = { $flatten\u_cq_engine.$0$memwr$\batch_count$src/cq_engine.v:130$1884_EN[3:0]$2166 [0] $flatten\u_cq_engine.$0$memwr$\batch_count$src/cq_engine.v:130$1884_EN[3:0]$2166 [0] $flatten\u_cq_engine.$0$memwr$\batch_count$src/cq_engine.v:130$1884_EN[3:0]$2166 [0] }
    Consolidated identical input bits for $mux cell $flatten\u_cq_engine.$procmux$4880:
      Old ports: A=6'111111, B=6'000000, Y=$flatten\u_cq_engine.$0$memwr$\cq_tail$src/cq_engine.v:129$1883_EN[5:0]$2165
      New ports: A=1'1, B=1'0, Y=$flatten\u_cq_engine.$0$memwr$\cq_tail$src/cq_engine.v:129$1883_EN[5:0]$2165 [0]
      New connections: $flatten\u_cq_engine.$0$memwr$\cq_tail$src/cq_engine.v:129$1883_EN[5:0]$2165 [5:1] = { $flatten\u_cq_engine.$0$memwr$\cq_tail$src/cq_engine.v:129$1883_EN[5:0]$2165 [0] $flatten\u_cq_engine.$0$memwr$\cq_tail$src/cq_engine.v:129$1883_EN[5:0]$2165 [0] $flatten\u_cq_engine.$0$memwr$\cq_tail$src/cq_engine.v:129$1883_EN[5:0]$2165 [0] $flatten\u_cq_engine.$0$memwr$\cq_tail$src/cq_engine.v:129$1883_EN[5:0]$2165 [0] $flatten\u_cq_engine.$0$memwr$\cq_tail$src/cq_engine.v:129$1883_EN[5:0]$2165 [0] }
    Consolidated identical input bits for $mux cell $flatten\u_cq_engine.$procmux$4883:
      Old ports: A=4'1111, B=4'0000, Y=$flatten\u_cq_engine.$0$memwr$\batch_count$src/cq_engine.v:130$1882_EN[3:0]$2164
      New ports: A=1'1, B=1'0, Y=$flatten\u_cq_engine.$0$memwr$\batch_count$src/cq_engine.v:130$1882_EN[3:0]$2164 [0]
      New connections: $flatten\u_cq_engine.$0$memwr$\batch_count$src/cq_engine.v:130$1882_EN[3:0]$2164 [3:1] = { $flatten\u_cq_engine.$0$memwr$\batch_count$src/cq_engine.v:130$1882_EN[3:0]$2164 [0] $flatten\u_cq_engine.$0$memwr$\batch_count$src/cq_engine.v:130$1882_EN[3:0]$2164 [0] $flatten\u_cq_engine.$0$memwr$\batch_count$src/cq_engine.v:130$1882_EN[3:0]$2164 [0] }
    Consolidated identical input bits for $mux cell $flatten\u_cq_engine.$procmux$4886:
      Old ports: A=6'111111, B=6'000000, Y=$flatten\u_cq_engine.$0$memwr$\cq_tail$src/cq_engine.v:129$1881_EN[5:0]$2163
      New ports: A=1'1, B=1'0, Y=$flatten\u_cq_engine.$0$memwr$\cq_tail$src/cq_engine.v:129$1881_EN[5:0]$2163 [0]
      New connections: $flatten\u_cq_engine.$0$memwr$\cq_tail$src/cq_engine.v:129$1881_EN[5:0]$2163 [5:1] = { $flatten\u_cq_engine.$0$memwr$\cq_tail$src/cq_engine.v:129$1881_EN[5:0]$2163 [0] $flatten\u_cq_engine.$0$memwr$\cq_tail$src/cq_engine.v:129$1881_EN[5:0]$2163 [0] $flatten\u_cq_engine.$0$memwr$\cq_tail$src/cq_engine.v:129$1881_EN[5:0]$2163 [0] $flatten\u_cq_engine.$0$memwr$\cq_tail$src/cq_engine.v:129$1881_EN[5:0]$2163 [0] $flatten\u_cq_engine.$0$memwr$\cq_tail$src/cq_engine.v:129$1881_EN[5:0]$2163 [0] }
    Consolidated identical input bits for $mux cell $flatten\u_cq_engine.$procmux$4889:
      Old ports: A=4'1111, B=4'0000, Y=$flatten\u_cq_engine.$0$memwr$\batch_count$src/cq_engine.v:130$1880_EN[3:0]$2162
      New ports: A=1'1, B=1'0, Y=$flatten\u_cq_engine.$0$memwr$\batch_count$src/cq_engine.v:130$1880_EN[3:0]$2162 [0]
      New connections: $flatten\u_cq_engine.$0$memwr$\batch_count$src/cq_engine.v:130$1880_EN[3:0]$2162 [3:1] = { $flatten\u_cq_engine.$0$memwr$\batch_count$src/cq_engine.v:130$1880_EN[3:0]$2162 [0] $flatten\u_cq_engine.$0$memwr$\batch_count$src/cq_engine.v:130$1880_EN[3:0]$2162 [0] $flatten\u_cq_engine.$0$memwr$\batch_count$src/cq_engine.v:130$1880_EN[3:0]$2162 [0] }
    Consolidated identical input bits for $mux cell $flatten\u_cq_engine.$procmux$4892:
      Old ports: A=6'111111, B=6'000000, Y=$flatten\u_cq_engine.$0$memwr$\cq_tail$src/cq_engine.v:129$1879_EN[5:0]$2161
      New ports: A=1'1, B=1'0, Y=$flatten\u_cq_engine.$0$memwr$\cq_tail$src/cq_engine.v:129$1879_EN[5:0]$2161 [0]
      New connections: $flatten\u_cq_engine.$0$memwr$\cq_tail$src/cq_engine.v:129$1879_EN[5:0]$2161 [5:1] = { $flatten\u_cq_engine.$0$memwr$\cq_tail$src/cq_engine.v:129$1879_EN[5:0]$2161 [0] $flatten\u_cq_engine.$0$memwr$\cq_tail$src/cq_engine.v:129$1879_EN[5:0]$2161 [0] $flatten\u_cq_engine.$0$memwr$\cq_tail$src/cq_engine.v:129$1879_EN[5:0]$2161 [0] $flatten\u_cq_engine.$0$memwr$\cq_tail$src/cq_engine.v:129$1879_EN[5:0]$2161 [0] $flatten\u_cq_engine.$0$memwr$\cq_tail$src/cq_engine.v:129$1879_EN[5:0]$2161 [0] }
    Consolidated identical input bits for $mux cell $flatten\u_cq_engine.$procmux$4895:
      Old ports: A=4'1111, B=4'0000, Y=$flatten\u_cq_engine.$0$memwr$\batch_count$src/cq_engine.v:130$1878_EN[3:0]$2160
      New ports: A=1'1, B=1'0, Y=$flatten\u_cq_engine.$0$memwr$\batch_count$src/cq_engine.v:130$1878_EN[3:0]$2160 [0]
      New connections: $flatten\u_cq_engine.$0$memwr$\batch_count$src/cq_engine.v:130$1878_EN[3:0]$2160 [3:1] = { $flatten\u_cq_engine.$0$memwr$\batch_count$src/cq_engine.v:130$1878_EN[3:0]$2160 [0] $flatten\u_cq_engine.$0$memwr$\batch_count$src/cq_engine.v:130$1878_EN[3:0]$2160 [0] $flatten\u_cq_engine.$0$memwr$\batch_count$src/cq_engine.v:130$1878_EN[3:0]$2160 [0] }
    Consolidated identical input bits for $mux cell $flatten\u_cq_engine.$procmux$4898:
      Old ports: A=6'111111, B=6'000000, Y=$flatten\u_cq_engine.$0$memwr$\cq_tail$src/cq_engine.v:129$1877_EN[5:0]$2159
      New ports: A=1'1, B=1'0, Y=$flatten\u_cq_engine.$0$memwr$\cq_tail$src/cq_engine.v:129$1877_EN[5:0]$2159 [0]
      New connections: $flatten\u_cq_engine.$0$memwr$\cq_tail$src/cq_engine.v:129$1877_EN[5:0]$2159 [5:1] = { $flatten\u_cq_engine.$0$memwr$\cq_tail$src/cq_engine.v:129$1877_EN[5:0]$2159 [0] $flatten\u_cq_engine.$0$memwr$\cq_tail$src/cq_engine.v:129$1877_EN[5:0]$2159 [0] $flatten\u_cq_engine.$0$memwr$\cq_tail$src/cq_engine.v:129$1877_EN[5:0]$2159 [0] $flatten\u_cq_engine.$0$memwr$\cq_tail$src/cq_engine.v:129$1877_EN[5:0]$2159 [0] $flatten\u_cq_engine.$0$memwr$\cq_tail$src/cq_engine.v:129$1877_EN[5:0]$2159 [0] }
    Consolidated identical input bits for $mux cell $flatten\u_cq_engine.$procmux$4901:
      Old ports: A=4'1111, B=4'0000, Y=$flatten\u_cq_engine.$0$memwr$\batch_count$src/cq_engine.v:130$1876_EN[3:0]$2158
      New ports: A=1'1, B=1'0, Y=$flatten\u_cq_engine.$0$memwr$\batch_count$src/cq_engine.v:130$1876_EN[3:0]$2158 [0]
      New connections: $flatten\u_cq_engine.$0$memwr$\batch_count$src/cq_engine.v:130$1876_EN[3:0]$2158 [3:1] = { $flatten\u_cq_engine.$0$memwr$\batch_count$src/cq_engine.v:130$1876_EN[3:0]$2158 [0] $flatten\u_cq_engine.$0$memwr$\batch_count$src/cq_engine.v:130$1876_EN[3:0]$2158 [0] $flatten\u_cq_engine.$0$memwr$\batch_count$src/cq_engine.v:130$1876_EN[3:0]$2158 [0] }
    Consolidated identical input bits for $mux cell $flatten\u_cq_engine.$procmux$4904:
      Old ports: A=6'111111, B=6'000000, Y=$flatten\u_cq_engine.$0$memwr$\cq_tail$src/cq_engine.v:129$1875_EN[5:0]$2157
      New ports: A=1'1, B=1'0, Y=$flatten\u_cq_engine.$0$memwr$\cq_tail$src/cq_engine.v:129$1875_EN[5:0]$2157 [0]
      New connections: $flatten\u_cq_engine.$0$memwr$\cq_tail$src/cq_engine.v:129$1875_EN[5:0]$2157 [5:1] = { $flatten\u_cq_engine.$0$memwr$\cq_tail$src/cq_engine.v:129$1875_EN[5:0]$2157 [0] $flatten\u_cq_engine.$0$memwr$\cq_tail$src/cq_engine.v:129$1875_EN[5:0]$2157 [0] $flatten\u_cq_engine.$0$memwr$\cq_tail$src/cq_engine.v:129$1875_EN[5:0]$2157 [0] $flatten\u_cq_engine.$0$memwr$\cq_tail$src/cq_engine.v:129$1875_EN[5:0]$2157 [0] $flatten\u_cq_engine.$0$memwr$\cq_tail$src/cq_engine.v:129$1875_EN[5:0]$2157 [0] }
    Consolidated identical input bits for $mux cell $flatten\u_cq_engine.$procmux$4907:
      Old ports: A=4'1111, B=4'0000, Y=$flatten\u_cq_engine.$0$memwr$\batch_count$src/cq_engine.v:130$1874_EN[3:0]$2156
      New ports: A=1'1, B=1'0, Y=$flatten\u_cq_engine.$0$memwr$\batch_count$src/cq_engine.v:130$1874_EN[3:0]$2156 [0]
      New connections: $flatten\u_cq_engine.$0$memwr$\batch_count$src/cq_engine.v:130$1874_EN[3:0]$2156 [3:1] = { $flatten\u_cq_engine.$0$memwr$\batch_count$src/cq_engine.v:130$1874_EN[3:0]$2156 [0] $flatten\u_cq_engine.$0$memwr$\batch_count$src/cq_engine.v:130$1874_EN[3:0]$2156 [0] $flatten\u_cq_engine.$0$memwr$\batch_count$src/cq_engine.v:130$1874_EN[3:0]$2156 [0] }
    Consolidated identical input bits for $mux cell $flatten\u_cq_engine.$procmux$4910:
      Old ports: A=6'111111, B=6'000000, Y=$flatten\u_cq_engine.$0$memwr$\cq_tail$src/cq_engine.v:129$1873_EN[5:0]$2155
      New ports: A=1'1, B=1'0, Y=$flatten\u_cq_engine.$0$memwr$\cq_tail$src/cq_engine.v:129$1873_EN[5:0]$2155 [0]
      New connections: $flatten\u_cq_engine.$0$memwr$\cq_tail$src/cq_engine.v:129$1873_EN[5:0]$2155 [5:1] = { $flatten\u_cq_engine.$0$memwr$\cq_tail$src/cq_engine.v:129$1873_EN[5:0]$2155 [0] $flatten\u_cq_engine.$0$memwr$\cq_tail$src/cq_engine.v:129$1873_EN[5:0]$2155 [0] $flatten\u_cq_engine.$0$memwr$\cq_tail$src/cq_engine.v:129$1873_EN[5:0]$2155 [0] $flatten\u_cq_engine.$0$memwr$\cq_tail$src/cq_engine.v:129$1873_EN[5:0]$2155 [0] $flatten\u_cq_engine.$0$memwr$\cq_tail$src/cq_engine.v:129$1873_EN[5:0]$2155 [0] }
    Consolidated identical input bits for $mux cell $flatten\u_cq_engine.$procmux$4913:
      Old ports: A=4'1111, B=4'0000, Y=$flatten\u_cq_engine.$0$memwr$\batch_count$src/cq_engine.v:130$1872_EN[3:0]$2154
      New ports: A=1'1, B=1'0, Y=$flatten\u_cq_engine.$0$memwr$\batch_count$src/cq_engine.v:130$1872_EN[3:0]$2154 [0]
      New connections: $flatten\u_cq_engine.$0$memwr$\batch_count$src/cq_engine.v:130$1872_EN[3:0]$2154 [3:1] = { $flatten\u_cq_engine.$0$memwr$\batch_count$src/cq_engine.v:130$1872_EN[3:0]$2154 [0] $flatten\u_cq_engine.$0$memwr$\batch_count$src/cq_engine.v:130$1872_EN[3:0]$2154 [0] $flatten\u_cq_engine.$0$memwr$\batch_count$src/cq_engine.v:130$1872_EN[3:0]$2154 [0] }
    Consolidated identical input bits for $mux cell $flatten\u_cq_engine.$procmux$4916:
      Old ports: A=6'111111, B=6'000000, Y=$flatten\u_cq_engine.$0$memwr$\cq_tail$src/cq_engine.v:129$1871_EN[5:0]$2153
      New ports: A=1'1, B=1'0, Y=$flatten\u_cq_engine.$0$memwr$\cq_tail$src/cq_engine.v:129$1871_EN[5:0]$2153 [0]
      New connections: $flatten\u_cq_engine.$0$memwr$\cq_tail$src/cq_engine.v:129$1871_EN[5:0]$2153 [5:1] = { $flatten\u_cq_engine.$0$memwr$\cq_tail$src/cq_engine.v:129$1871_EN[5:0]$2153 [0] $flatten\u_cq_engine.$0$memwr$\cq_tail$src/cq_engine.v:129$1871_EN[5:0]$2153 [0] $flatten\u_cq_engine.$0$memwr$\cq_tail$src/cq_engine.v:129$1871_EN[5:0]$2153 [0] $flatten\u_cq_engine.$0$memwr$\cq_tail$src/cq_engine.v:129$1871_EN[5:0]$2153 [0] $flatten\u_cq_engine.$0$memwr$\cq_tail$src/cq_engine.v:129$1871_EN[5:0]$2153 [0] }
    Consolidated identical input bits for $mux cell $flatten\u_cq_engine.$procmux$4919:
      Old ports: A=4'1111, B=4'0000, Y=$flatten\u_cq_engine.$0$memwr$\batch_count$src/cq_engine.v:130$1870_EN[3:0]$2152
      New ports: A=1'1, B=1'0, Y=$flatten\u_cq_engine.$0$memwr$\batch_count$src/cq_engine.v:130$1870_EN[3:0]$2152 [0]
      New connections: $flatten\u_cq_engine.$0$memwr$\batch_count$src/cq_engine.v:130$1870_EN[3:0]$2152 [3:1] = { $flatten\u_cq_engine.$0$memwr$\batch_count$src/cq_engine.v:130$1870_EN[3:0]$2152 [0] $flatten\u_cq_engine.$0$memwr$\batch_count$src/cq_engine.v:130$1870_EN[3:0]$2152 [0] $flatten\u_cq_engine.$0$memwr$\batch_count$src/cq_engine.v:130$1870_EN[3:0]$2152 [0] }
    Consolidated identical input bits for $mux cell $flatten\u_cq_engine.$procmux$4922:
      Old ports: A=6'111111, B=6'000000, Y=$flatten\u_cq_engine.$0$memwr$\cq_tail$src/cq_engine.v:129$1869_EN[5:0]$2151
      New ports: A=1'1, B=1'0, Y=$flatten\u_cq_engine.$0$memwr$\cq_tail$src/cq_engine.v:129$1869_EN[5:0]$2151 [0]
      New connections: $flatten\u_cq_engine.$0$memwr$\cq_tail$src/cq_engine.v:129$1869_EN[5:0]$2151 [5:1] = { $flatten\u_cq_engine.$0$memwr$\cq_tail$src/cq_engine.v:129$1869_EN[5:0]$2151 [0] $flatten\u_cq_engine.$0$memwr$\cq_tail$src/cq_engine.v:129$1869_EN[5:0]$2151 [0] $flatten\u_cq_engine.$0$memwr$\cq_tail$src/cq_engine.v:129$1869_EN[5:0]$2151 [0] $flatten\u_cq_engine.$0$memwr$\cq_tail$src/cq_engine.v:129$1869_EN[5:0]$2151 [0] $flatten\u_cq_engine.$0$memwr$\cq_tail$src/cq_engine.v:129$1869_EN[5:0]$2151 [0] }
    Consolidated identical input bits for $mux cell $flatten\u_sq_engine.$procmux$6324:
      Old ports: A=64'1111111111111111111111111111111111111111111111111111111111111111, B=64'0000000000000000000000000000000000000000000000000000000000000000, Y=$flatten\u_sq_engine.$0$memwr$\latch_w0$src/sq_engine.v:131$1514_EN[63:0]$1619
      New ports: A=1'1, B=1'0, Y=$flatten\u_sq_engine.$0$memwr$\latch_w0$src/sq_engine.v:131$1514_EN[63:0]$1619 [0]
      New connections: $flatten\u_sq_engine.$0$memwr$\latch_w0$src/sq_engine.v:131$1514_EN[63:0]$1619 [63:1] = { $flatten\u_sq_engine.$0$memwr$\latch_w0$src/sq_engine.v:131$1514_EN[63:0]$1619 [0] $flatten\u_sq_engine.$0$memwr$\latch_w0$src/sq_engine.v:131$1514_EN[63:0]$1619 [0] $flatten\u_sq_engine.$0$memwr$\latch_w0$src/sq_engine.v:131$1514_EN[63:0]$1619 [0] $flatten\u_sq_engine.$0$memwr$\latch_w0$src/sq_engine.v:131$1514_EN[63:0]$1619 [0] $flatten\u_sq_engine.$0$memwr$\latch_w0$src/sq_engine.v:131$1514_EN[63:0]$1619 [0] $flatten\u_sq_engine.$0$memwr$\latch_w0$src/sq_engine.v:131$1514_EN[63:0]$1619 [0] $flatten\u_sq_engine.$0$memwr$\latch_w0$src/sq_engine.v:131$1514_EN[63:0]$1619 [0] $flatten\u_sq_engine.$0$memwr$\latch_w0$src/sq_engine.v:131$1514_EN[63:0]$1619 [0] $flatten\u_sq_engine.$0$memwr$\latch_w0$src/sq_engine.v:131$1514_EN[63:0]$1619 [0] $flatten\u_sq_engine.$0$memwr$\latch_w0$src/sq_engine.v:131$1514_EN[63:0]$1619 [0] $flatten\u_sq_engine.$0$memwr$\latch_w0$src/sq_engine.v:131$1514_EN[63:0]$1619 [0] $flatten\u_sq_engine.$0$memwr$\latch_w0$src/sq_engine.v:131$1514_EN[63:0]$1619 [0] $flatten\u_sq_engine.$0$memwr$\latch_w0$src/sq_engine.v:131$1514_EN[63:0]$1619 [0] $flatten\u_sq_engine.$0$memwr$\latch_w0$src/sq_engine.v:131$1514_EN[63:0]$1619 [0] $flatten\u_sq_engine.$0$memwr$\latch_w0$src/sq_engine.v:131$1514_EN[63:0]$1619 [0] $flatten\u_sq_engine.$0$memwr$\latch_w0$src/sq_engine.v:131$1514_EN[63:0]$1619 [0] $flatten\u_sq_engine.$0$memwr$\latch_w0$src/sq_engine.v:131$1514_EN[63:0]$1619 [0] $flatten\u_sq_engine.$0$memwr$\latch_w0$src/sq_engine.v:131$1514_EN[63:0]$1619 [0] $flatten\u_sq_engine.$0$memwr$\latch_w0$src/sq_engine.v:131$1514_EN[63:0]$1619 [0] $flatten\u_sq_engine.$0$memwr$\latch_w0$src/sq_engine.v:131$1514_EN[63:0]$1619 [0] $flatten\u_sq_engine.$0$memwr$\latch_w0$src/sq_engine.v:131$1514_EN[63:0]$1619 [0] $flatten\u_sq_engine.$0$memwr$\latch_w0$src/sq_engine.v:131$1514_EN[63:0]$1619 [0] $flatten\u_sq_engine.$0$memwr$\latch_w0$src/sq_engine.v:131$1514_EN[63:0]$1619 [0] $flatten\u_sq_engine.$0$memwr$\latch_w0$src/sq_engine.v:131$1514_EN[63:0]$1619 [0] $flatten\u_sq_engine.$0$memwr$\latch_w0$src/sq_engine.v:131$1514_EN[63:0]$1619 [0] $flatten\u_sq_engine.$0$memwr$\latch_w0$src/sq_engine.v:131$1514_EN[63:0]$1619 [0] $flatten\u_sq_engine.$0$memwr$\latch_w0$src/sq_engine.v:131$1514_EN[63:0]$1619 [0] $flatten\u_sq_engine.$0$memwr$\latch_w0$src/sq_engine.v:131$1514_EN[63:0]$1619 [0] $flatten\u_sq_engine.$0$memwr$\latch_w0$src/sq_engine.v:131$1514_EN[63:0]$1619 [0] $flatten\u_sq_engine.$0$memwr$\latch_w0$src/sq_engine.v:131$1514_EN[63:0]$1619 [0] $flatten\u_sq_engine.$0$memwr$\latch_w0$src/sq_engine.v:131$1514_EN[63:0]$1619 [0] $flatten\u_sq_engine.$0$memwr$\latch_w0$src/sq_engine.v:131$1514_EN[63:0]$1619 [0] $flatten\u_sq_engine.$0$memwr$\latch_w0$src/sq_engine.v:131$1514_EN[63:0]$1619 [0] $flatten\u_sq_engine.$0$memwr$\latch_w0$src/sq_engine.v:131$1514_EN[63:0]$1619 [0] $flatten\u_sq_engine.$0$memwr$\latch_w0$src/sq_engine.v:131$1514_EN[63:0]$1619 [0] $flatten\u_sq_engine.$0$memwr$\latch_w0$src/sq_engine.v:131$1514_EN[63:0]$1619 [0] $flatten\u_sq_engine.$0$memwr$\latch_w0$src/sq_engine.v:131$1514_EN[63:0]$1619 [0] $flatten\u_sq_engine.$0$memwr$\latch_w0$src/sq_engine.v:131$1514_EN[63:0]$1619 [0] $flatten\u_sq_engine.$0$memwr$\latch_w0$src/sq_engine.v:131$1514_EN[63:0]$1619 [0] $flatten\u_sq_engine.$0$memwr$\latch_w0$src/sq_engine.v:131$1514_EN[63:0]$1619 [0] $flatten\u_sq_engine.$0$memwr$\latch_w0$src/sq_engine.v:131$1514_EN[63:0]$1619 [0] $flatten\u_sq_engine.$0$memwr$\latch_w0$src/sq_engine.v:131$1514_EN[63:0]$1619 [0] $flatten\u_sq_engine.$0$memwr$\latch_w0$src/sq_engine.v:131$1514_EN[63:0]$1619 [0] $flatten\u_sq_engine.$0$memwr$\latch_w0$src/sq_engine.v:131$1514_EN[63:0]$1619 [0] $flatten\u_sq_engine.$0$memwr$\latch_w0$src/sq_engine.v:131$1514_EN[63:0]$1619 [0] $flatten\u_sq_engine.$0$memwr$\latch_w0$src/sq_engine.v:131$1514_EN[63:0]$1619 [0] $flatten\u_sq_engine.$0$memwr$\latch_w0$src/sq_engine.v:131$1514_EN[63:0]$1619 [0] $flatten\u_sq_engine.$0$memwr$\latch_w0$src/sq_engine.v:131$1514_EN[63:0]$1619 [0] $flatten\u_sq_engine.$0$memwr$\latch_w0$src/sq_engine.v:131$1514_EN[63:0]$1619 [0] $flatten\u_sq_engine.$0$memwr$\latch_w0$src/sq_engine.v:131$1514_EN[63:0]$1619 [0] $flatten\u_sq_engine.$0$memwr$\latch_w0$src/sq_engine.v:131$1514_EN[63:0]$1619 [0] $flatten\u_sq_engine.$0$memwr$\latch_w0$src/sq_engine.v:131$1514_EN[63:0]$1619 [0] $flatten\u_sq_engine.$0$memwr$\latch_w0$src/sq_engine.v:131$1514_EN[63:0]$1619 [0] $flatten\u_sq_engine.$0$memwr$\latch_w0$src/sq_engine.v:131$1514_EN[63:0]$1619 [0] $flatten\u_sq_engine.$0$memwr$\latch_w0$src/sq_engine.v:131$1514_EN[63:0]$1619 [0] $flatten\u_sq_engine.$0$memwr$\latch_w0$src/sq_engine.v:131$1514_EN[63:0]$1619 [0] $flatten\u_sq_engine.$0$memwr$\latch_w0$src/sq_engine.v:131$1514_EN[63:0]$1619 [0] $flatten\u_sq_engine.$0$memwr$\latch_w0$src/sq_engine.v:131$1514_EN[63:0]$1619 [0] $flatten\u_sq_engine.$0$memwr$\latch_w0$src/sq_engine.v:131$1514_EN[63:0]$1619 [0] $flatten\u_sq_engine.$0$memwr$\latch_w0$src/sq_engine.v:131$1514_EN[63:0]$1619 [0] $flatten\u_sq_engine.$0$memwr$\latch_w0$src/sq_engine.v:131$1514_EN[63:0]$1619 [0] $flatten\u_sq_engine.$0$memwr$\latch_w0$src/sq_engine.v:131$1514_EN[63:0]$1619 [0] $flatten\u_sq_engine.$0$memwr$\latch_w0$src/sq_engine.v:131$1514_EN[63:0]$1619 [0] }
    Consolidated identical input bits for $mux cell $flatten\u_sq_engine.$procmux$6252:
      Old ports: A=6'111111, B=6'000000, Y=$flatten\u_sq_engine.$0$memwr$\cid_counter$src/sq_engine.v:133$1538_EN[5:0]$1643
      New ports: A=1'1, B=1'0, Y=$flatten\u_sq_engine.$0$memwr$\cid_counter$src/sq_engine.v:133$1538_EN[5:0]$1643 [0]
      New connections: $flatten\u_sq_engine.$0$memwr$\cid_counter$src/sq_engine.v:133$1538_EN[5:0]$1643 [5:1] = { $flatten\u_sq_engine.$0$memwr$\cid_counter$src/sq_engine.v:133$1538_EN[5:0]$1643 [0] $flatten\u_sq_engine.$0$memwr$\cid_counter$src/sq_engine.v:133$1538_EN[5:0]$1643 [0] $flatten\u_sq_engine.$0$memwr$\cid_counter$src/sq_engine.v:133$1538_EN[5:0]$1643 [0] $flatten\u_sq_engine.$0$memwr$\cid_counter$src/sq_engine.v:133$1538_EN[5:0]$1643 [0] $flatten\u_sq_engine.$0$memwr$\cid_counter$src/sq_engine.v:133$1538_EN[5:0]$1643 [0] }
    Consolidated identical input bits for $mux cell $flatten\u_sq_engine.$procmux$6249:
      Old ports: A=64'1111111111111111111111111111111111111111111111111111111111111111, B=64'0000000000000000000000000000000000000000000000000000000000000000, Y=$flatten\u_sq_engine.$0$memwr$\latch_w0$src/sq_engine.v:131$1539_EN[63:0]$1644
      New ports: A=1'1, B=1'0, Y=$flatten\u_sq_engine.$0$memwr$\latch_w0$src/sq_engine.v:131$1539_EN[63:0]$1644 [0]
      New connections: $flatten\u_sq_engine.$0$memwr$\latch_w0$src/sq_engine.v:131$1539_EN[63:0]$1644 [63:1] = { $flatten\u_sq_engine.$0$memwr$\latch_w0$src/sq_engine.v:131$1539_EN[63:0]$1644 [0] $flatten\u_sq_engine.$0$memwr$\latch_w0$src/sq_engine.v:131$1539_EN[63:0]$1644 [0] $flatten\u_sq_engine.$0$memwr$\latch_w0$src/sq_engine.v:131$1539_EN[63:0]$1644 [0] $flatten\u_sq_engine.$0$memwr$\latch_w0$src/sq_engine.v:131$1539_EN[63:0]$1644 [0] $flatten\u_sq_engine.$0$memwr$\latch_w0$src/sq_engine.v:131$1539_EN[63:0]$1644 [0] $flatten\u_sq_engine.$0$memwr$\latch_w0$src/sq_engine.v:131$1539_EN[63:0]$1644 [0] $flatten\u_sq_engine.$0$memwr$\latch_w0$src/sq_engine.v:131$1539_EN[63:0]$1644 [0] $flatten\u_sq_engine.$0$memwr$\latch_w0$src/sq_engine.v:131$1539_EN[63:0]$1644 [0] $flatten\u_sq_engine.$0$memwr$\latch_w0$src/sq_engine.v:131$1539_EN[63:0]$1644 [0] $flatten\u_sq_engine.$0$memwr$\latch_w0$src/sq_engine.v:131$1539_EN[63:0]$1644 [0] $flatten\u_sq_engine.$0$memwr$\latch_w0$src/sq_engine.v:131$1539_EN[63:0]$1644 [0] $flatten\u_sq_engine.$0$memwr$\latch_w0$src/sq_engine.v:131$1539_EN[63:0]$1644 [0] $flatten\u_sq_engine.$0$memwr$\latch_w0$src/sq_engine.v:131$1539_EN[63:0]$1644 [0] $flatten\u_sq_engine.$0$memwr$\latch_w0$src/sq_engine.v:131$1539_EN[63:0]$1644 [0] $flatten\u_sq_engine.$0$memwr$\latch_w0$src/sq_engine.v:131$1539_EN[63:0]$1644 [0] $flatten\u_sq_engine.$0$memwr$\latch_w0$src/sq_engine.v:131$1539_EN[63:0]$1644 [0] $flatten\u_sq_engine.$0$memwr$\latch_w0$src/sq_engine.v:131$1539_EN[63:0]$1644 [0] $flatten\u_sq_engine.$0$memwr$\latch_w0$src/sq_engine.v:131$1539_EN[63:0]$1644 [0] $flatten\u_sq_engine.$0$memwr$\latch_w0$src/sq_engine.v:131$1539_EN[63:0]$1644 [0] $flatten\u_sq_engine.$0$memwr$\latch_w0$src/sq_engine.v:131$1539_EN[63:0]$1644 [0] $flatten\u_sq_engine.$0$memwr$\latch_w0$src/sq_engine.v:131$1539_EN[63:0]$1644 [0] $flatten\u_sq_engine.$0$memwr$\latch_w0$src/sq_engine.v:131$1539_EN[63:0]$1644 [0] $flatten\u_sq_engine.$0$memwr$\latch_w0$src/sq_engine.v:131$1539_EN[63:0]$1644 [0] $flatten\u_sq_engine.$0$memwr$\latch_w0$src/sq_engine.v:131$1539_EN[63:0]$1644 [0] $flatten\u_sq_engine.$0$memwr$\latch_w0$src/sq_engine.v:131$1539_EN[63:0]$1644 [0] $flatten\u_sq_engine.$0$memwr$\latch_w0$src/sq_engine.v:131$1539_EN[63:0]$1644 [0] $flatten\u_sq_engine.$0$memwr$\latch_w0$src/sq_engine.v:131$1539_EN[63:0]$1644 [0] $flatten\u_sq_engine.$0$memwr$\latch_w0$src/sq_engine.v:131$1539_EN[63:0]$1644 [0] $flatten\u_sq_engine.$0$memwr$\latch_w0$src/sq_engine.v:131$1539_EN[63:0]$1644 [0] $flatten\u_sq_engine.$0$memwr$\latch_w0$src/sq_engine.v:131$1539_EN[63:0]$1644 [0] $flatten\u_sq_engine.$0$memwr$\latch_w0$src/sq_engine.v:131$1539_EN[63:0]$1644 [0] $flatten\u_sq_engine.$0$memwr$\latch_w0$src/sq_engine.v:131$1539_EN[63:0]$1644 [0] $flatten\u_sq_engine.$0$memwr$\latch_w0$src/sq_engine.v:131$1539_EN[63:0]$1644 [0] $flatten\u_sq_engine.$0$memwr$\latch_w0$src/sq_engine.v:131$1539_EN[63:0]$1644 [0] $flatten\u_sq_engine.$0$memwr$\latch_w0$src/sq_engine.v:131$1539_EN[63:0]$1644 [0] $flatten\u_sq_engine.$0$memwr$\latch_w0$src/sq_engine.v:131$1539_EN[63:0]$1644 [0] $flatten\u_sq_engine.$0$memwr$\latch_w0$src/sq_engine.v:131$1539_EN[63:0]$1644 [0] $flatten\u_sq_engine.$0$memwr$\latch_w0$src/sq_engine.v:131$1539_EN[63:0]$1644 [0] $flatten\u_sq_engine.$0$memwr$\latch_w0$src/sq_engine.v:131$1539_EN[63:0]$1644 [0] $flatten\u_sq_engine.$0$memwr$\latch_w0$src/sq_engine.v:131$1539_EN[63:0]$1644 [0] $flatten\u_sq_engine.$0$memwr$\latch_w0$src/sq_engine.v:131$1539_EN[63:0]$1644 [0] $flatten\u_sq_engine.$0$memwr$\latch_w0$src/sq_engine.v:131$1539_EN[63:0]$1644 [0] $flatten\u_sq_engine.$0$memwr$\latch_w0$src/sq_engine.v:131$1539_EN[63:0]$1644 [0] $flatten\u_sq_engine.$0$memwr$\latch_w0$src/sq_engine.v:131$1539_EN[63:0]$1644 [0] $flatten\u_sq_engine.$0$memwr$\latch_w0$src/sq_engine.v:131$1539_EN[63:0]$1644 [0] $flatten\u_sq_engine.$0$memwr$\latch_w0$src/sq_engine.v:131$1539_EN[63:0]$1644 [0] $flatten\u_sq_engine.$0$memwr$\latch_w0$src/sq_engine.v:131$1539_EN[63:0]$1644 [0] $flatten\u_sq_engine.$0$memwr$\latch_w0$src/sq_engine.v:131$1539_EN[63:0]$1644 [0] $flatten\u_sq_engine.$0$memwr$\latch_w0$src/sq_engine.v:131$1539_EN[63:0]$1644 [0] $flatten\u_sq_engine.$0$memwr$\latch_w0$src/sq_engine.v:131$1539_EN[63:0]$1644 [0] $flatten\u_sq_engine.$0$memwr$\latch_w0$src/sq_engine.v:131$1539_EN[63:0]$1644 [0] $flatten\u_sq_engine.$0$memwr$\latch_w0$src/sq_engine.v:131$1539_EN[63:0]$1644 [0] $flatten\u_sq_engine.$0$memwr$\latch_w0$src/sq_engine.v:131$1539_EN[63:0]$1644 [0] $flatten\u_sq_engine.$0$memwr$\latch_w0$src/sq_engine.v:131$1539_EN[63:0]$1644 [0] $flatten\u_sq_engine.$0$memwr$\latch_w0$src/sq_engine.v:131$1539_EN[63:0]$1644 [0] $flatten\u_sq_engine.$0$memwr$\latch_w0$src/sq_engine.v:131$1539_EN[63:0]$1644 [0] $flatten\u_sq_engine.$0$memwr$\latch_w0$src/sq_engine.v:131$1539_EN[63:0]$1644 [0] $flatten\u_sq_engine.$0$memwr$\latch_w0$src/sq_engine.v:131$1539_EN[63:0]$1644 [0] $flatten\u_sq_engine.$0$memwr$\latch_w0$src/sq_engine.v:131$1539_EN[63:0]$1644 [0] $flatten\u_sq_engine.$0$memwr$\latch_w0$src/sq_engine.v:131$1539_EN[63:0]$1644 [0] $flatten\u_sq_engine.$0$memwr$\latch_w0$src/sq_engine.v:131$1539_EN[63:0]$1644 [0] $flatten\u_sq_engine.$0$memwr$\latch_w0$src/sq_engine.v:131$1539_EN[63:0]$1644 [0] $flatten\u_sq_engine.$0$memwr$\latch_w0$src/sq_engine.v:131$1539_EN[63:0]$1644 [0] }
    Consolidated identical input bits for $mux cell $flatten\u_sq_engine.$procmux$6246:
      Old ports: A=64'1111111111111111111111111111111111111111111111111111111111111111, B=64'0000000000000000000000000000000000000000000000000000000000000000, Y=$flatten\u_sq_engine.$0$memwr$\latch_w1$src/sq_engine.v:131$1540_EN[63:0]$1645
      New ports: A=1'1, B=1'0, Y=$flatten\u_sq_engine.$0$memwr$\latch_w1$src/sq_engine.v:131$1540_EN[63:0]$1645 [0]
      New connections: $flatten\u_sq_engine.$0$memwr$\latch_w1$src/sq_engine.v:131$1540_EN[63:0]$1645 [63:1] = { $flatten\u_sq_engine.$0$memwr$\latch_w1$src/sq_engine.v:131$1540_EN[63:0]$1645 [0] $flatten\u_sq_engine.$0$memwr$\latch_w1$src/sq_engine.v:131$1540_EN[63:0]$1645 [0] $flatten\u_sq_engine.$0$memwr$\latch_w1$src/sq_engine.v:131$1540_EN[63:0]$1645 [0] $flatten\u_sq_engine.$0$memwr$\latch_w1$src/sq_engine.v:131$1540_EN[63:0]$1645 [0] $flatten\u_sq_engine.$0$memwr$\latch_w1$src/sq_engine.v:131$1540_EN[63:0]$1645 [0] $flatten\u_sq_engine.$0$memwr$\latch_w1$src/sq_engine.v:131$1540_EN[63:0]$1645 [0] $flatten\u_sq_engine.$0$memwr$\latch_w1$src/sq_engine.v:131$1540_EN[63:0]$1645 [0] $flatten\u_sq_engine.$0$memwr$\latch_w1$src/sq_engine.v:131$1540_EN[63:0]$1645 [0] $flatten\u_sq_engine.$0$memwr$\latch_w1$src/sq_engine.v:131$1540_EN[63:0]$1645 [0] $flatten\u_sq_engine.$0$memwr$\latch_w1$src/sq_engine.v:131$1540_EN[63:0]$1645 [0] $flatten\u_sq_engine.$0$memwr$\latch_w1$src/sq_engine.v:131$1540_EN[63:0]$1645 [0] $flatten\u_sq_engine.$0$memwr$\latch_w1$src/sq_engine.v:131$1540_EN[63:0]$1645 [0] $flatten\u_sq_engine.$0$memwr$\latch_w1$src/sq_engine.v:131$1540_EN[63:0]$1645 [0] $flatten\u_sq_engine.$0$memwr$\latch_w1$src/sq_engine.v:131$1540_EN[63:0]$1645 [0] $flatten\u_sq_engine.$0$memwr$\latch_w1$src/sq_engine.v:131$1540_EN[63:0]$1645 [0] $flatten\u_sq_engine.$0$memwr$\latch_w1$src/sq_engine.v:131$1540_EN[63:0]$1645 [0] $flatten\u_sq_engine.$0$memwr$\latch_w1$src/sq_engine.v:131$1540_EN[63:0]$1645 [0] $flatten\u_sq_engine.$0$memwr$\latch_w1$src/sq_engine.v:131$1540_EN[63:0]$1645 [0] $flatten\u_sq_engine.$0$memwr$\latch_w1$src/sq_engine.v:131$1540_EN[63:0]$1645 [0] $flatten\u_sq_engine.$0$memwr$\latch_w1$src/sq_engine.v:131$1540_EN[63:0]$1645 [0] $flatten\u_sq_engine.$0$memwr$\latch_w1$src/sq_engine.v:131$1540_EN[63:0]$1645 [0] $flatten\u_sq_engine.$0$memwr$\latch_w1$src/sq_engine.v:131$1540_EN[63:0]$1645 [0] $flatten\u_sq_engine.$0$memwr$\latch_w1$src/sq_engine.v:131$1540_EN[63:0]$1645 [0] $flatten\u_sq_engine.$0$memwr$\latch_w1$src/sq_engine.v:131$1540_EN[63:0]$1645 [0] $flatten\u_sq_engine.$0$memwr$\latch_w1$src/sq_engine.v:131$1540_EN[63:0]$1645 [0] $flatten\u_sq_engine.$0$memwr$\latch_w1$src/sq_engine.v:131$1540_EN[63:0]$1645 [0] $flatten\u_sq_engine.$0$memwr$\latch_w1$src/sq_engine.v:131$1540_EN[63:0]$1645 [0] $flatten\u_sq_engine.$0$memwr$\latch_w1$src/sq_engine.v:131$1540_EN[63:0]$1645 [0] $flatten\u_sq_engine.$0$memwr$\latch_w1$src/sq_engine.v:131$1540_EN[63:0]$1645 [0] $flatten\u_sq_engine.$0$memwr$\latch_w1$src/sq_engine.v:131$1540_EN[63:0]$1645 [0] $flatten\u_sq_engine.$0$memwr$\latch_w1$src/sq_engine.v:131$1540_EN[63:0]$1645 [0] $flatten\u_sq_engine.$0$memwr$\latch_w1$src/sq_engine.v:131$1540_EN[63:0]$1645 [0] $flatten\u_sq_engine.$0$memwr$\latch_w1$src/sq_engine.v:131$1540_EN[63:0]$1645 [0] $flatten\u_sq_engine.$0$memwr$\latch_w1$src/sq_engine.v:131$1540_EN[63:0]$1645 [0] $flatten\u_sq_engine.$0$memwr$\latch_w1$src/sq_engine.v:131$1540_EN[63:0]$1645 [0] $flatten\u_sq_engine.$0$memwr$\latch_w1$src/sq_engine.v:131$1540_EN[63:0]$1645 [0] $flatten\u_sq_engine.$0$memwr$\latch_w1$src/sq_engine.v:131$1540_EN[63:0]$1645 [0] $flatten\u_sq_engine.$0$memwr$\latch_w1$src/sq_engine.v:131$1540_EN[63:0]$1645 [0] $flatten\u_sq_engine.$0$memwr$\latch_w1$src/sq_engine.v:131$1540_EN[63:0]$1645 [0] $flatten\u_sq_engine.$0$memwr$\latch_w1$src/sq_engine.v:131$1540_EN[63:0]$1645 [0] $flatten\u_sq_engine.$0$memwr$\latch_w1$src/sq_engine.v:131$1540_EN[63:0]$1645 [0] $flatten\u_sq_engine.$0$memwr$\latch_w1$src/sq_engine.v:131$1540_EN[63:0]$1645 [0] $flatten\u_sq_engine.$0$memwr$\latch_w1$src/sq_engine.v:131$1540_EN[63:0]$1645 [0] $flatten\u_sq_engine.$0$memwr$\latch_w1$src/sq_engine.v:131$1540_EN[63:0]$1645 [0] $flatten\u_sq_engine.$0$memwr$\latch_w1$src/sq_engine.v:131$1540_EN[63:0]$1645 [0] $flatten\u_sq_engine.$0$memwr$\latch_w1$src/sq_engine.v:131$1540_EN[63:0]$1645 [0] $flatten\u_sq_engine.$0$memwr$\latch_w1$src/sq_engine.v:131$1540_EN[63:0]$1645 [0] $flatten\u_sq_engine.$0$memwr$\latch_w1$src/sq_engine.v:131$1540_EN[63:0]$1645 [0] $flatten\u_sq_engine.$0$memwr$\latch_w1$src/sq_engine.v:131$1540_EN[63:0]$1645 [0] $flatten\u_sq_engine.$0$memwr$\latch_w1$src/sq_engine.v:131$1540_EN[63:0]$1645 [0] $flatten\u_sq_engine.$0$memwr$\latch_w1$src/sq_engine.v:131$1540_EN[63:0]$1645 [0] $flatten\u_sq_engine.$0$memwr$\latch_w1$src/sq_engine.v:131$1540_EN[63:0]$1645 [0] $flatten\u_sq_engine.$0$memwr$\latch_w1$src/sq_engine.v:131$1540_EN[63:0]$1645 [0] $flatten\u_sq_engine.$0$memwr$\latch_w1$src/sq_engine.v:131$1540_EN[63:0]$1645 [0] $flatten\u_sq_engine.$0$memwr$\latch_w1$src/sq_engine.v:131$1540_EN[63:0]$1645 [0] $flatten\u_sq_engine.$0$memwr$\latch_w1$src/sq_engine.v:131$1540_EN[63:0]$1645 [0] $flatten\u_sq_engine.$0$memwr$\latch_w1$src/sq_engine.v:131$1540_EN[63:0]$1645 [0] $flatten\u_sq_engine.$0$memwr$\latch_w1$src/sq_engine.v:131$1540_EN[63:0]$1645 [0] $flatten\u_sq_engine.$0$memwr$\latch_w1$src/sq_engine.v:131$1540_EN[63:0]$1645 [0] $flatten\u_sq_engine.$0$memwr$\latch_w1$src/sq_engine.v:131$1540_EN[63:0]$1645 [0] $flatten\u_sq_engine.$0$memwr$\latch_w1$src/sq_engine.v:131$1540_EN[63:0]$1645 [0] $flatten\u_sq_engine.$0$memwr$\latch_w1$src/sq_engine.v:131$1540_EN[63:0]$1645 [0] $flatten\u_sq_engine.$0$memwr$\latch_w1$src/sq_engine.v:131$1540_EN[63:0]$1645 [0] }
    Consolidated identical input bits for $mux cell $flatten\u_sq_engine.$procmux$6243:
      Old ports: A=64'1111111111111111111111111111111111111111111111111111111111111111, B=64'0000000000000000000000000000000000000000000000000000000000000000, Y=$flatten\u_sq_engine.$0$memwr$\latch_w2$src/sq_engine.v:131$1541_EN[63:0]$1646
      New ports: A=1'1, B=1'0, Y=$flatten\u_sq_engine.$0$memwr$\latch_w2$src/sq_engine.v:131$1541_EN[63:0]$1646 [0]
      New connections: $flatten\u_sq_engine.$0$memwr$\latch_w2$src/sq_engine.v:131$1541_EN[63:0]$1646 [63:1] = { $flatten\u_sq_engine.$0$memwr$\latch_w2$src/sq_engine.v:131$1541_EN[63:0]$1646 [0] $flatten\u_sq_engine.$0$memwr$\latch_w2$src/sq_engine.v:131$1541_EN[63:0]$1646 [0] $flatten\u_sq_engine.$0$memwr$\latch_w2$src/sq_engine.v:131$1541_EN[63:0]$1646 [0] $flatten\u_sq_engine.$0$memwr$\latch_w2$src/sq_engine.v:131$1541_EN[63:0]$1646 [0] $flatten\u_sq_engine.$0$memwr$\latch_w2$src/sq_engine.v:131$1541_EN[63:0]$1646 [0] $flatten\u_sq_engine.$0$memwr$\latch_w2$src/sq_engine.v:131$1541_EN[63:0]$1646 [0] $flatten\u_sq_engine.$0$memwr$\latch_w2$src/sq_engine.v:131$1541_EN[63:0]$1646 [0] $flatten\u_sq_engine.$0$memwr$\latch_w2$src/sq_engine.v:131$1541_EN[63:0]$1646 [0] $flatten\u_sq_engine.$0$memwr$\latch_w2$src/sq_engine.v:131$1541_EN[63:0]$1646 [0] $flatten\u_sq_engine.$0$memwr$\latch_w2$src/sq_engine.v:131$1541_EN[63:0]$1646 [0] $flatten\u_sq_engine.$0$memwr$\latch_w2$src/sq_engine.v:131$1541_EN[63:0]$1646 [0] $flatten\u_sq_engine.$0$memwr$\latch_w2$src/sq_engine.v:131$1541_EN[63:0]$1646 [0] $flatten\u_sq_engine.$0$memwr$\latch_w2$src/sq_engine.v:131$1541_EN[63:0]$1646 [0] $flatten\u_sq_engine.$0$memwr$\latch_w2$src/sq_engine.v:131$1541_EN[63:0]$1646 [0] $flatten\u_sq_engine.$0$memwr$\latch_w2$src/sq_engine.v:131$1541_EN[63:0]$1646 [0] $flatten\u_sq_engine.$0$memwr$\latch_w2$src/sq_engine.v:131$1541_EN[63:0]$1646 [0] $flatten\u_sq_engine.$0$memwr$\latch_w2$src/sq_engine.v:131$1541_EN[63:0]$1646 [0] $flatten\u_sq_engine.$0$memwr$\latch_w2$src/sq_engine.v:131$1541_EN[63:0]$1646 [0] $flatten\u_sq_engine.$0$memwr$\latch_w2$src/sq_engine.v:131$1541_EN[63:0]$1646 [0] $flatten\u_sq_engine.$0$memwr$\latch_w2$src/sq_engine.v:131$1541_EN[63:0]$1646 [0] $flatten\u_sq_engine.$0$memwr$\latch_w2$src/sq_engine.v:131$1541_EN[63:0]$1646 [0] $flatten\u_sq_engine.$0$memwr$\latch_w2$src/sq_engine.v:131$1541_EN[63:0]$1646 [0] $flatten\u_sq_engine.$0$memwr$\latch_w2$src/sq_engine.v:131$1541_EN[63:0]$1646 [0] $flatten\u_sq_engine.$0$memwr$\latch_w2$src/sq_engine.v:131$1541_EN[63:0]$1646 [0] $flatten\u_sq_engine.$0$memwr$\latch_w2$src/sq_engine.v:131$1541_EN[63:0]$1646 [0] $flatten\u_sq_engine.$0$memwr$\latch_w2$src/sq_engine.v:131$1541_EN[63:0]$1646 [0] $flatten\u_sq_engine.$0$memwr$\latch_w2$src/sq_engine.v:131$1541_EN[63:0]$1646 [0] $flatten\u_sq_engine.$0$memwr$\latch_w2$src/sq_engine.v:131$1541_EN[63:0]$1646 [0] $flatten\u_sq_engine.$0$memwr$\latch_w2$src/sq_engine.v:131$1541_EN[63:0]$1646 [0] $flatten\u_sq_engine.$0$memwr$\latch_w2$src/sq_engine.v:131$1541_EN[63:0]$1646 [0] $flatten\u_sq_engine.$0$memwr$\latch_w2$src/sq_engine.v:131$1541_EN[63:0]$1646 [0] $flatten\u_sq_engine.$0$memwr$\latch_w2$src/sq_engine.v:131$1541_EN[63:0]$1646 [0] $flatten\u_sq_engine.$0$memwr$\latch_w2$src/sq_engine.v:131$1541_EN[63:0]$1646 [0] $flatten\u_sq_engine.$0$memwr$\latch_w2$src/sq_engine.v:131$1541_EN[63:0]$1646 [0] $flatten\u_sq_engine.$0$memwr$\latch_w2$src/sq_engine.v:131$1541_EN[63:0]$1646 [0] $flatten\u_sq_engine.$0$memwr$\latch_w2$src/sq_engine.v:131$1541_EN[63:0]$1646 [0] $flatten\u_sq_engine.$0$memwr$\latch_w2$src/sq_engine.v:131$1541_EN[63:0]$1646 [0] $flatten\u_sq_engine.$0$memwr$\latch_w2$src/sq_engine.v:131$1541_EN[63:0]$1646 [0] $flatten\u_sq_engine.$0$memwr$\latch_w2$src/sq_engine.v:131$1541_EN[63:0]$1646 [0] $flatten\u_sq_engine.$0$memwr$\latch_w2$src/sq_engine.v:131$1541_EN[63:0]$1646 [0] $flatten\u_sq_engine.$0$memwr$\latch_w2$src/sq_engine.v:131$1541_EN[63:0]$1646 [0] $flatten\u_sq_engine.$0$memwr$\latch_w2$src/sq_engine.v:131$1541_EN[63:0]$1646 [0] $flatten\u_sq_engine.$0$memwr$\latch_w2$src/sq_engine.v:131$1541_EN[63:0]$1646 [0] $flatten\u_sq_engine.$0$memwr$\latch_w2$src/sq_engine.v:131$1541_EN[63:0]$1646 [0] $flatten\u_sq_engine.$0$memwr$\latch_w2$src/sq_engine.v:131$1541_EN[63:0]$1646 [0] $flatten\u_sq_engine.$0$memwr$\latch_w2$src/sq_engine.v:131$1541_EN[63:0]$1646 [0] $flatten\u_sq_engine.$0$memwr$\latch_w2$src/sq_engine.v:131$1541_EN[63:0]$1646 [0] $flatten\u_sq_engine.$0$memwr$\latch_w2$src/sq_engine.v:131$1541_EN[63:0]$1646 [0] $flatten\u_sq_engine.$0$memwr$\latch_w2$src/sq_engine.v:131$1541_EN[63:0]$1646 [0] $flatten\u_sq_engine.$0$memwr$\latch_w2$src/sq_engine.v:131$1541_EN[63:0]$1646 [0] $flatten\u_sq_engine.$0$memwr$\latch_w2$src/sq_engine.v:131$1541_EN[63:0]$1646 [0] $flatten\u_sq_engine.$0$memwr$\latch_w2$src/sq_engine.v:131$1541_EN[63:0]$1646 [0] $flatten\u_sq_engine.$0$memwr$\latch_w2$src/sq_engine.v:131$1541_EN[63:0]$1646 [0] $flatten\u_sq_engine.$0$memwr$\latch_w2$src/sq_engine.v:131$1541_EN[63:0]$1646 [0] $flatten\u_sq_engine.$0$memwr$\latch_w2$src/sq_engine.v:131$1541_EN[63:0]$1646 [0] $flatten\u_sq_engine.$0$memwr$\latch_w2$src/sq_engine.v:131$1541_EN[63:0]$1646 [0] $flatten\u_sq_engine.$0$memwr$\latch_w2$src/sq_engine.v:131$1541_EN[63:0]$1646 [0] $flatten\u_sq_engine.$0$memwr$\latch_w2$src/sq_engine.v:131$1541_EN[63:0]$1646 [0] $flatten\u_sq_engine.$0$memwr$\latch_w2$src/sq_engine.v:131$1541_EN[63:0]$1646 [0] $flatten\u_sq_engine.$0$memwr$\latch_w2$src/sq_engine.v:131$1541_EN[63:0]$1646 [0] $flatten\u_sq_engine.$0$memwr$\latch_w2$src/sq_engine.v:131$1541_EN[63:0]$1646 [0] $flatten\u_sq_engine.$0$memwr$\latch_w2$src/sq_engine.v:131$1541_EN[63:0]$1646 [0] $flatten\u_sq_engine.$0$memwr$\latch_w2$src/sq_engine.v:131$1541_EN[63:0]$1646 [0] }
    Consolidated identical input bits for $mux cell $flatten\u_sq_engine.$procmux$6321:
      Old ports: A=64'1111111111111111111111111111111111111111111111111111111111111111, B=64'0000000000000000000000000000000000000000000000000000000000000000, Y=$flatten\u_sq_engine.$0$memwr$\latch_w1$src/sq_engine.v:131$1515_EN[63:0]$1620
      New ports: A=1'1, B=1'0, Y=$flatten\u_sq_engine.$0$memwr$\latch_w1$src/sq_engine.v:131$1515_EN[63:0]$1620 [0]
      New connections: $flatten\u_sq_engine.$0$memwr$\latch_w1$src/sq_engine.v:131$1515_EN[63:0]$1620 [63:1] = { $flatten\u_sq_engine.$0$memwr$\latch_w1$src/sq_engine.v:131$1515_EN[63:0]$1620 [0] $flatten\u_sq_engine.$0$memwr$\latch_w1$src/sq_engine.v:131$1515_EN[63:0]$1620 [0] $flatten\u_sq_engine.$0$memwr$\latch_w1$src/sq_engine.v:131$1515_EN[63:0]$1620 [0] $flatten\u_sq_engine.$0$memwr$\latch_w1$src/sq_engine.v:131$1515_EN[63:0]$1620 [0] $flatten\u_sq_engine.$0$memwr$\latch_w1$src/sq_engine.v:131$1515_EN[63:0]$1620 [0] $flatten\u_sq_engine.$0$memwr$\latch_w1$src/sq_engine.v:131$1515_EN[63:0]$1620 [0] $flatten\u_sq_engine.$0$memwr$\latch_w1$src/sq_engine.v:131$1515_EN[63:0]$1620 [0] $flatten\u_sq_engine.$0$memwr$\latch_w1$src/sq_engine.v:131$1515_EN[63:0]$1620 [0] $flatten\u_sq_engine.$0$memwr$\latch_w1$src/sq_engine.v:131$1515_EN[63:0]$1620 [0] $flatten\u_sq_engine.$0$memwr$\latch_w1$src/sq_engine.v:131$1515_EN[63:0]$1620 [0] $flatten\u_sq_engine.$0$memwr$\latch_w1$src/sq_engine.v:131$1515_EN[63:0]$1620 [0] $flatten\u_sq_engine.$0$memwr$\latch_w1$src/sq_engine.v:131$1515_EN[63:0]$1620 [0] $flatten\u_sq_engine.$0$memwr$\latch_w1$src/sq_engine.v:131$1515_EN[63:0]$1620 [0] $flatten\u_sq_engine.$0$memwr$\latch_w1$src/sq_engine.v:131$1515_EN[63:0]$1620 [0] $flatten\u_sq_engine.$0$memwr$\latch_w1$src/sq_engine.v:131$1515_EN[63:0]$1620 [0] $flatten\u_sq_engine.$0$memwr$\latch_w1$src/sq_engine.v:131$1515_EN[63:0]$1620 [0] $flatten\u_sq_engine.$0$memwr$\latch_w1$src/sq_engine.v:131$1515_EN[63:0]$1620 [0] $flatten\u_sq_engine.$0$memwr$\latch_w1$src/sq_engine.v:131$1515_EN[63:0]$1620 [0] $flatten\u_sq_engine.$0$memwr$\latch_w1$src/sq_engine.v:131$1515_EN[63:0]$1620 [0] $flatten\u_sq_engine.$0$memwr$\latch_w1$src/sq_engine.v:131$1515_EN[63:0]$1620 [0] $flatten\u_sq_engine.$0$memwr$\latch_w1$src/sq_engine.v:131$1515_EN[63:0]$1620 [0] $flatten\u_sq_engine.$0$memwr$\latch_w1$src/sq_engine.v:131$1515_EN[63:0]$1620 [0] $flatten\u_sq_engine.$0$memwr$\latch_w1$src/sq_engine.v:131$1515_EN[63:0]$1620 [0] $flatten\u_sq_engine.$0$memwr$\latch_w1$src/sq_engine.v:131$1515_EN[63:0]$1620 [0] $flatten\u_sq_engine.$0$memwr$\latch_w1$src/sq_engine.v:131$1515_EN[63:0]$1620 [0] $flatten\u_sq_engine.$0$memwr$\latch_w1$src/sq_engine.v:131$1515_EN[63:0]$1620 [0] $flatten\u_sq_engine.$0$memwr$\latch_w1$src/sq_engine.v:131$1515_EN[63:0]$1620 [0] $flatten\u_sq_engine.$0$memwr$\latch_w1$src/sq_engine.v:131$1515_EN[63:0]$1620 [0] $flatten\u_sq_engine.$0$memwr$\latch_w1$src/sq_engine.v:131$1515_EN[63:0]$1620 [0] $flatten\u_sq_engine.$0$memwr$\latch_w1$src/sq_engine.v:131$1515_EN[63:0]$1620 [0] $flatten\u_sq_engine.$0$memwr$\latch_w1$src/sq_engine.v:131$1515_EN[63:0]$1620 [0] $flatten\u_sq_engine.$0$memwr$\latch_w1$src/sq_engine.v:131$1515_EN[63:0]$1620 [0] $flatten\u_sq_engine.$0$memwr$\latch_w1$src/sq_engine.v:131$1515_EN[63:0]$1620 [0] $flatten\u_sq_engine.$0$memwr$\latch_w1$src/sq_engine.v:131$1515_EN[63:0]$1620 [0] $flatten\u_sq_engine.$0$memwr$\latch_w1$src/sq_engine.v:131$1515_EN[63:0]$1620 [0] $flatten\u_sq_engine.$0$memwr$\latch_w1$src/sq_engine.v:131$1515_EN[63:0]$1620 [0] $flatten\u_sq_engine.$0$memwr$\latch_w1$src/sq_engine.v:131$1515_EN[63:0]$1620 [0] $flatten\u_sq_engine.$0$memwr$\latch_w1$src/sq_engine.v:131$1515_EN[63:0]$1620 [0] $flatten\u_sq_engine.$0$memwr$\latch_w1$src/sq_engine.v:131$1515_EN[63:0]$1620 [0] $flatten\u_sq_engine.$0$memwr$\latch_w1$src/sq_engine.v:131$1515_EN[63:0]$1620 [0] $flatten\u_sq_engine.$0$memwr$\latch_w1$src/sq_engine.v:131$1515_EN[63:0]$1620 [0] $flatten\u_sq_engine.$0$memwr$\latch_w1$src/sq_engine.v:131$1515_EN[63:0]$1620 [0] $flatten\u_sq_engine.$0$memwr$\latch_w1$src/sq_engine.v:131$1515_EN[63:0]$1620 [0] $flatten\u_sq_engine.$0$memwr$\latch_w1$src/sq_engine.v:131$1515_EN[63:0]$1620 [0] $flatten\u_sq_engine.$0$memwr$\latch_w1$src/sq_engine.v:131$1515_EN[63:0]$1620 [0] $flatten\u_sq_engine.$0$memwr$\latch_w1$src/sq_engine.v:131$1515_EN[63:0]$1620 [0] $flatten\u_sq_engine.$0$memwr$\latch_w1$src/sq_engine.v:131$1515_EN[63:0]$1620 [0] $flatten\u_sq_engine.$0$memwr$\latch_w1$src/sq_engine.v:131$1515_EN[63:0]$1620 [0] $flatten\u_sq_engine.$0$memwr$\latch_w1$src/sq_engine.v:131$1515_EN[63:0]$1620 [0] $flatten\u_sq_engine.$0$memwr$\latch_w1$src/sq_engine.v:131$1515_EN[63:0]$1620 [0] $flatten\u_sq_engine.$0$memwr$\latch_w1$src/sq_engine.v:131$1515_EN[63:0]$1620 [0] $flatten\u_sq_engine.$0$memwr$\latch_w1$src/sq_engine.v:131$1515_EN[63:0]$1620 [0] $flatten\u_sq_engine.$0$memwr$\latch_w1$src/sq_engine.v:131$1515_EN[63:0]$1620 [0] $flatten\u_sq_engine.$0$memwr$\latch_w1$src/sq_engine.v:131$1515_EN[63:0]$1620 [0] $flatten\u_sq_engine.$0$memwr$\latch_w1$src/sq_engine.v:131$1515_EN[63:0]$1620 [0] $flatten\u_sq_engine.$0$memwr$\latch_w1$src/sq_engine.v:131$1515_EN[63:0]$1620 [0] $flatten\u_sq_engine.$0$memwr$\latch_w1$src/sq_engine.v:131$1515_EN[63:0]$1620 [0] $flatten\u_sq_engine.$0$memwr$\latch_w1$src/sq_engine.v:131$1515_EN[63:0]$1620 [0] $flatten\u_sq_engine.$0$memwr$\latch_w1$src/sq_engine.v:131$1515_EN[63:0]$1620 [0] $flatten\u_sq_engine.$0$memwr$\latch_w1$src/sq_engine.v:131$1515_EN[63:0]$1620 [0] $flatten\u_sq_engine.$0$memwr$\latch_w1$src/sq_engine.v:131$1515_EN[63:0]$1620 [0] $flatten\u_sq_engine.$0$memwr$\latch_w1$src/sq_engine.v:131$1515_EN[63:0]$1620 [0] $flatten\u_sq_engine.$0$memwr$\latch_w1$src/sq_engine.v:131$1515_EN[63:0]$1620 [0] }
    Consolidated identical input bits for $mux cell $flatten\u_sq_engine.$procmux$6318:
      Old ports: A=64'1111111111111111111111111111111111111111111111111111111111111111, B=64'0000000000000000000000000000000000000000000000000000000000000000, Y=$flatten\u_sq_engine.$0$memwr$\latch_w2$src/sq_engine.v:131$1516_EN[63:0]$1621
      New ports: A=1'1, B=1'0, Y=$flatten\u_sq_engine.$0$memwr$\latch_w2$src/sq_engine.v:131$1516_EN[63:0]$1621 [0]
      New connections: $flatten\u_sq_engine.$0$memwr$\latch_w2$src/sq_engine.v:131$1516_EN[63:0]$1621 [63:1] = { $flatten\u_sq_engine.$0$memwr$\latch_w2$src/sq_engine.v:131$1516_EN[63:0]$1621 [0] $flatten\u_sq_engine.$0$memwr$\latch_w2$src/sq_engine.v:131$1516_EN[63:0]$1621 [0] $flatten\u_sq_engine.$0$memwr$\latch_w2$src/sq_engine.v:131$1516_EN[63:0]$1621 [0] $flatten\u_sq_engine.$0$memwr$\latch_w2$src/sq_engine.v:131$1516_EN[63:0]$1621 [0] $flatten\u_sq_engine.$0$memwr$\latch_w2$src/sq_engine.v:131$1516_EN[63:0]$1621 [0] $flatten\u_sq_engine.$0$memwr$\latch_w2$src/sq_engine.v:131$1516_EN[63:0]$1621 [0] $flatten\u_sq_engine.$0$memwr$\latch_w2$src/sq_engine.v:131$1516_EN[63:0]$1621 [0] $flatten\u_sq_engine.$0$memwr$\latch_w2$src/sq_engine.v:131$1516_EN[63:0]$1621 [0] $flatten\u_sq_engine.$0$memwr$\latch_w2$src/sq_engine.v:131$1516_EN[63:0]$1621 [0] $flatten\u_sq_engine.$0$memwr$\latch_w2$src/sq_engine.v:131$1516_EN[63:0]$1621 [0] $flatten\u_sq_engine.$0$memwr$\latch_w2$src/sq_engine.v:131$1516_EN[63:0]$1621 [0] $flatten\u_sq_engine.$0$memwr$\latch_w2$src/sq_engine.v:131$1516_EN[63:0]$1621 [0] $flatten\u_sq_engine.$0$memwr$\latch_w2$src/sq_engine.v:131$1516_EN[63:0]$1621 [0] $flatten\u_sq_engine.$0$memwr$\latch_w2$src/sq_engine.v:131$1516_EN[63:0]$1621 [0] $flatten\u_sq_engine.$0$memwr$\latch_w2$src/sq_engine.v:131$1516_EN[63:0]$1621 [0] $flatten\u_sq_engine.$0$memwr$\latch_w2$src/sq_engine.v:131$1516_EN[63:0]$1621 [0] $flatten\u_sq_engine.$0$memwr$\latch_w2$src/sq_engine.v:131$1516_EN[63:0]$1621 [0] $flatten\u_sq_engine.$0$memwr$\latch_w2$src/sq_engine.v:131$1516_EN[63:0]$1621 [0] $flatten\u_sq_engine.$0$memwr$\latch_w2$src/sq_engine.v:131$1516_EN[63:0]$1621 [0] $flatten\u_sq_engine.$0$memwr$\latch_w2$src/sq_engine.v:131$1516_EN[63:0]$1621 [0] $flatten\u_sq_engine.$0$memwr$\latch_w2$src/sq_engine.v:131$1516_EN[63:0]$1621 [0] $flatten\u_sq_engine.$0$memwr$\latch_w2$src/sq_engine.v:131$1516_EN[63:0]$1621 [0] $flatten\u_sq_engine.$0$memwr$\latch_w2$src/sq_engine.v:131$1516_EN[63:0]$1621 [0] $flatten\u_sq_engine.$0$memwr$\latch_w2$src/sq_engine.v:131$1516_EN[63:0]$1621 [0] $flatten\u_sq_engine.$0$memwr$\latch_w2$src/sq_engine.v:131$1516_EN[63:0]$1621 [0] $flatten\u_sq_engine.$0$memwr$\latch_w2$src/sq_engine.v:131$1516_EN[63:0]$1621 [0] $flatten\u_sq_engine.$0$memwr$\latch_w2$src/sq_engine.v:131$1516_EN[63:0]$1621 [0] $flatten\u_sq_engine.$0$memwr$\latch_w2$src/sq_engine.v:131$1516_EN[63:0]$1621 [0] $flatten\u_sq_engine.$0$memwr$\latch_w2$src/sq_engine.v:131$1516_EN[63:0]$1621 [0] $flatten\u_sq_engine.$0$memwr$\latch_w2$src/sq_engine.v:131$1516_EN[63:0]$1621 [0] $flatten\u_sq_engine.$0$memwr$\latch_w2$src/sq_engine.v:131$1516_EN[63:0]$1621 [0] $flatten\u_sq_engine.$0$memwr$\latch_w2$src/sq_engine.v:131$1516_EN[63:0]$1621 [0] $flatten\u_sq_engine.$0$memwr$\latch_w2$src/sq_engine.v:131$1516_EN[63:0]$1621 [0] $flatten\u_sq_engine.$0$memwr$\latch_w2$src/sq_engine.v:131$1516_EN[63:0]$1621 [0] $flatten\u_sq_engine.$0$memwr$\latch_w2$src/sq_engine.v:131$1516_EN[63:0]$1621 [0] $flatten\u_sq_engine.$0$memwr$\latch_w2$src/sq_engine.v:131$1516_EN[63:0]$1621 [0] $flatten\u_sq_engine.$0$memwr$\latch_w2$src/sq_engine.v:131$1516_EN[63:0]$1621 [0] $flatten\u_sq_engine.$0$memwr$\latch_w2$src/sq_engine.v:131$1516_EN[63:0]$1621 [0] $flatten\u_sq_engine.$0$memwr$\latch_w2$src/sq_engine.v:131$1516_EN[63:0]$1621 [0] $flatten\u_sq_engine.$0$memwr$\latch_w2$src/sq_engine.v:131$1516_EN[63:0]$1621 [0] $flatten\u_sq_engine.$0$memwr$\latch_w2$src/sq_engine.v:131$1516_EN[63:0]$1621 [0] $flatten\u_sq_engine.$0$memwr$\latch_w2$src/sq_engine.v:131$1516_EN[63:0]$1621 [0] $flatten\u_sq_engine.$0$memwr$\latch_w2$src/sq_engine.v:131$1516_EN[63:0]$1621 [0] $flatten\u_sq_engine.$0$memwr$\latch_w2$src/sq_engine.v:131$1516_EN[63:0]$1621 [0] $flatten\u_sq_engine.$0$memwr$\latch_w2$src/sq_engine.v:131$1516_EN[63:0]$1621 [0] $flatten\u_sq_engine.$0$memwr$\latch_w2$src/sq_engine.v:131$1516_EN[63:0]$1621 [0] $flatten\u_sq_engine.$0$memwr$\latch_w2$src/sq_engine.v:131$1516_EN[63:0]$1621 [0] $flatten\u_sq_engine.$0$memwr$\latch_w2$src/sq_engine.v:131$1516_EN[63:0]$1621 [0] $flatten\u_sq_engine.$0$memwr$\latch_w2$src/sq_engine.v:131$1516_EN[63:0]$1621 [0] $flatten\u_sq_engine.$0$memwr$\latch_w2$src/sq_engine.v:131$1516_EN[63:0]$1621 [0] $flatten\u_sq_engine.$0$memwr$\latch_w2$src/sq_engine.v:131$1516_EN[63:0]$1621 [0] $flatten\u_sq_engine.$0$memwr$\latch_w2$src/sq_engine.v:131$1516_EN[63:0]$1621 [0] $flatten\u_sq_engine.$0$memwr$\latch_w2$src/sq_engine.v:131$1516_EN[63:0]$1621 [0] $flatten\u_sq_engine.$0$memwr$\latch_w2$src/sq_engine.v:131$1516_EN[63:0]$1621 [0] $flatten\u_sq_engine.$0$memwr$\latch_w2$src/sq_engine.v:131$1516_EN[63:0]$1621 [0] $flatten\u_sq_engine.$0$memwr$\latch_w2$src/sq_engine.v:131$1516_EN[63:0]$1621 [0] $flatten\u_sq_engine.$0$memwr$\latch_w2$src/sq_engine.v:131$1516_EN[63:0]$1621 [0] $flatten\u_sq_engine.$0$memwr$\latch_w2$src/sq_engine.v:131$1516_EN[63:0]$1621 [0] $flatten\u_sq_engine.$0$memwr$\latch_w2$src/sq_engine.v:131$1516_EN[63:0]$1621 [0] $flatten\u_sq_engine.$0$memwr$\latch_w2$src/sq_engine.v:131$1516_EN[63:0]$1621 [0] $flatten\u_sq_engine.$0$memwr$\latch_w2$src/sq_engine.v:131$1516_EN[63:0]$1621 [0] $flatten\u_sq_engine.$0$memwr$\latch_w2$src/sq_engine.v:131$1516_EN[63:0]$1621 [0] $flatten\u_sq_engine.$0$memwr$\latch_w2$src/sq_engine.v:131$1516_EN[63:0]$1621 [0] }
    Consolidated identical input bits for $mux cell $flatten\u_sq_engine.$procmux$6237:
      Old ports: A=6'111111, B=6'000000, Y=$flatten\u_sq_engine.$0$memwr$\cid_counter$src/sq_engine.v:133$1543_EN[5:0]$1648
      New ports: A=1'1, B=1'0, Y=$flatten\u_sq_engine.$0$memwr$\cid_counter$src/sq_engine.v:133$1543_EN[5:0]$1648 [0]
      New connections: $flatten\u_sq_engine.$0$memwr$\cid_counter$src/sq_engine.v:133$1543_EN[5:0]$1648 [5:1] = { $flatten\u_sq_engine.$0$memwr$\cid_counter$src/sq_engine.v:133$1543_EN[5:0]$1648 [0] $flatten\u_sq_engine.$0$memwr$\cid_counter$src/sq_engine.v:133$1543_EN[5:0]$1648 [0] $flatten\u_sq_engine.$0$memwr$\cid_counter$src/sq_engine.v:133$1543_EN[5:0]$1648 [0] $flatten\u_sq_engine.$0$memwr$\cid_counter$src/sq_engine.v:133$1543_EN[5:0]$1648 [0] $flatten\u_sq_engine.$0$memwr$\cid_counter$src/sq_engine.v:133$1543_EN[5:0]$1648 [0] }
    Consolidated identical input bits for $mux cell $flatten\u_sq_engine.$procmux$6312:
      Old ports: A=6'111111, B=6'000000, Y=$flatten\u_sq_engine.$0$memwr$\cid_counter$src/sq_engine.v:133$1518_EN[5:0]$1623
      New ports: A=1'1, B=1'0, Y=$flatten\u_sq_engine.$0$memwr$\cid_counter$src/sq_engine.v:133$1518_EN[5:0]$1623 [0]
      New connections: $flatten\u_sq_engine.$0$memwr$\cid_counter$src/sq_engine.v:133$1518_EN[5:0]$1623 [5:1] = { $flatten\u_sq_engine.$0$memwr$\cid_counter$src/sq_engine.v:133$1518_EN[5:0]$1623 [0] $flatten\u_sq_engine.$0$memwr$\cid_counter$src/sq_engine.v:133$1518_EN[5:0]$1623 [0] $flatten\u_sq_engine.$0$memwr$\cid_counter$src/sq_engine.v:133$1518_EN[5:0]$1623 [0] $flatten\u_sq_engine.$0$memwr$\cid_counter$src/sq_engine.v:133$1518_EN[5:0]$1623 [0] $flatten\u_sq_engine.$0$memwr$\cid_counter$src/sq_engine.v:133$1518_EN[5:0]$1623 [0] }
    Consolidated identical input bits for $mux cell $flatten\u_sq_engine.$procmux$6309:
      Old ports: A=64'1111111111111111111111111111111111111111111111111111111111111111, B=64'0000000000000000000000000000000000000000000000000000000000000000, Y=$flatten\u_sq_engine.$0$memwr$\latch_w0$src/sq_engine.v:131$1519_EN[63:0]$1624
      New ports: A=1'1, B=1'0, Y=$flatten\u_sq_engine.$0$memwr$\latch_w0$src/sq_engine.v:131$1519_EN[63:0]$1624 [0]
      New connections: $flatten\u_sq_engine.$0$memwr$\latch_w0$src/sq_engine.v:131$1519_EN[63:0]$1624 [63:1] = { $flatten\u_sq_engine.$0$memwr$\latch_w0$src/sq_engine.v:131$1519_EN[63:0]$1624 [0] $flatten\u_sq_engine.$0$memwr$\latch_w0$src/sq_engine.v:131$1519_EN[63:0]$1624 [0] $flatten\u_sq_engine.$0$memwr$\latch_w0$src/sq_engine.v:131$1519_EN[63:0]$1624 [0] $flatten\u_sq_engine.$0$memwr$\latch_w0$src/sq_engine.v:131$1519_EN[63:0]$1624 [0] $flatten\u_sq_engine.$0$memwr$\latch_w0$src/sq_engine.v:131$1519_EN[63:0]$1624 [0] $flatten\u_sq_engine.$0$memwr$\latch_w0$src/sq_engine.v:131$1519_EN[63:0]$1624 [0] $flatten\u_sq_engine.$0$memwr$\latch_w0$src/sq_engine.v:131$1519_EN[63:0]$1624 [0] $flatten\u_sq_engine.$0$memwr$\latch_w0$src/sq_engine.v:131$1519_EN[63:0]$1624 [0] $flatten\u_sq_engine.$0$memwr$\latch_w0$src/sq_engine.v:131$1519_EN[63:0]$1624 [0] $flatten\u_sq_engine.$0$memwr$\latch_w0$src/sq_engine.v:131$1519_EN[63:0]$1624 [0] $flatten\u_sq_engine.$0$memwr$\latch_w0$src/sq_engine.v:131$1519_EN[63:0]$1624 [0] $flatten\u_sq_engine.$0$memwr$\latch_w0$src/sq_engine.v:131$1519_EN[63:0]$1624 [0] $flatten\u_sq_engine.$0$memwr$\latch_w0$src/sq_engine.v:131$1519_EN[63:0]$1624 [0] $flatten\u_sq_engine.$0$memwr$\latch_w0$src/sq_engine.v:131$1519_EN[63:0]$1624 [0] $flatten\u_sq_engine.$0$memwr$\latch_w0$src/sq_engine.v:131$1519_EN[63:0]$1624 [0] $flatten\u_sq_engine.$0$memwr$\latch_w0$src/sq_engine.v:131$1519_EN[63:0]$1624 [0] $flatten\u_sq_engine.$0$memwr$\latch_w0$src/sq_engine.v:131$1519_EN[63:0]$1624 [0] $flatten\u_sq_engine.$0$memwr$\latch_w0$src/sq_engine.v:131$1519_EN[63:0]$1624 [0] $flatten\u_sq_engine.$0$memwr$\latch_w0$src/sq_engine.v:131$1519_EN[63:0]$1624 [0] $flatten\u_sq_engine.$0$memwr$\latch_w0$src/sq_engine.v:131$1519_EN[63:0]$1624 [0] $flatten\u_sq_engine.$0$memwr$\latch_w0$src/sq_engine.v:131$1519_EN[63:0]$1624 [0] $flatten\u_sq_engine.$0$memwr$\latch_w0$src/sq_engine.v:131$1519_EN[63:0]$1624 [0] $flatten\u_sq_engine.$0$memwr$\latch_w0$src/sq_engine.v:131$1519_EN[63:0]$1624 [0] $flatten\u_sq_engine.$0$memwr$\latch_w0$src/sq_engine.v:131$1519_EN[63:0]$1624 [0] $flatten\u_sq_engine.$0$memwr$\latch_w0$src/sq_engine.v:131$1519_EN[63:0]$1624 [0] $flatten\u_sq_engine.$0$memwr$\latch_w0$src/sq_engine.v:131$1519_EN[63:0]$1624 [0] $flatten\u_sq_engine.$0$memwr$\latch_w0$src/sq_engine.v:131$1519_EN[63:0]$1624 [0] $flatten\u_sq_engine.$0$memwr$\latch_w0$src/sq_engine.v:131$1519_EN[63:0]$1624 [0] $flatten\u_sq_engine.$0$memwr$\latch_w0$src/sq_engine.v:131$1519_EN[63:0]$1624 [0] $flatten\u_sq_engine.$0$memwr$\latch_w0$src/sq_engine.v:131$1519_EN[63:0]$1624 [0] $flatten\u_sq_engine.$0$memwr$\latch_w0$src/sq_engine.v:131$1519_EN[63:0]$1624 [0] $flatten\u_sq_engine.$0$memwr$\latch_w0$src/sq_engine.v:131$1519_EN[63:0]$1624 [0] $flatten\u_sq_engine.$0$memwr$\latch_w0$src/sq_engine.v:131$1519_EN[63:0]$1624 [0] $flatten\u_sq_engine.$0$memwr$\latch_w0$src/sq_engine.v:131$1519_EN[63:0]$1624 [0] $flatten\u_sq_engine.$0$memwr$\latch_w0$src/sq_engine.v:131$1519_EN[63:0]$1624 [0] $flatten\u_sq_engine.$0$memwr$\latch_w0$src/sq_engine.v:131$1519_EN[63:0]$1624 [0] $flatten\u_sq_engine.$0$memwr$\latch_w0$src/sq_engine.v:131$1519_EN[63:0]$1624 [0] $flatten\u_sq_engine.$0$memwr$\latch_w0$src/sq_engine.v:131$1519_EN[63:0]$1624 [0] $flatten\u_sq_engine.$0$memwr$\latch_w0$src/sq_engine.v:131$1519_EN[63:0]$1624 [0] $flatten\u_sq_engine.$0$memwr$\latch_w0$src/sq_engine.v:131$1519_EN[63:0]$1624 [0] $flatten\u_sq_engine.$0$memwr$\latch_w0$src/sq_engine.v:131$1519_EN[63:0]$1624 [0] $flatten\u_sq_engine.$0$memwr$\latch_w0$src/sq_engine.v:131$1519_EN[63:0]$1624 [0] $flatten\u_sq_engine.$0$memwr$\latch_w0$src/sq_engine.v:131$1519_EN[63:0]$1624 [0] $flatten\u_sq_engine.$0$memwr$\latch_w0$src/sq_engine.v:131$1519_EN[63:0]$1624 [0] $flatten\u_sq_engine.$0$memwr$\latch_w0$src/sq_engine.v:131$1519_EN[63:0]$1624 [0] $flatten\u_sq_engine.$0$memwr$\latch_w0$src/sq_engine.v:131$1519_EN[63:0]$1624 [0] $flatten\u_sq_engine.$0$memwr$\latch_w0$src/sq_engine.v:131$1519_EN[63:0]$1624 [0] $flatten\u_sq_engine.$0$memwr$\latch_w0$src/sq_engine.v:131$1519_EN[63:0]$1624 [0] $flatten\u_sq_engine.$0$memwr$\latch_w0$src/sq_engine.v:131$1519_EN[63:0]$1624 [0] $flatten\u_sq_engine.$0$memwr$\latch_w0$src/sq_engine.v:131$1519_EN[63:0]$1624 [0] $flatten\u_sq_engine.$0$memwr$\latch_w0$src/sq_engine.v:131$1519_EN[63:0]$1624 [0] $flatten\u_sq_engine.$0$memwr$\latch_w0$src/sq_engine.v:131$1519_EN[63:0]$1624 [0] $flatten\u_sq_engine.$0$memwr$\latch_w0$src/sq_engine.v:131$1519_EN[63:0]$1624 [0] $flatten\u_sq_engine.$0$memwr$\latch_w0$src/sq_engine.v:131$1519_EN[63:0]$1624 [0] $flatten\u_sq_engine.$0$memwr$\latch_w0$src/sq_engine.v:131$1519_EN[63:0]$1624 [0] $flatten\u_sq_engine.$0$memwr$\latch_w0$src/sq_engine.v:131$1519_EN[63:0]$1624 [0] $flatten\u_sq_engine.$0$memwr$\latch_w0$src/sq_engine.v:131$1519_EN[63:0]$1624 [0] $flatten\u_sq_engine.$0$memwr$\latch_w0$src/sq_engine.v:131$1519_EN[63:0]$1624 [0] $flatten\u_sq_engine.$0$memwr$\latch_w0$src/sq_engine.v:131$1519_EN[63:0]$1624 [0] $flatten\u_sq_engine.$0$memwr$\latch_w0$src/sq_engine.v:131$1519_EN[63:0]$1624 [0] $flatten\u_sq_engine.$0$memwr$\latch_w0$src/sq_engine.v:131$1519_EN[63:0]$1624 [0] $flatten\u_sq_engine.$0$memwr$\latch_w0$src/sq_engine.v:131$1519_EN[63:0]$1624 [0] $flatten\u_sq_engine.$0$memwr$\latch_w0$src/sq_engine.v:131$1519_EN[63:0]$1624 [0] }
    New ctrl vector for $pmux cell $flatten\u_sq_engine.$procmux$6794: $auto$opt_reduce.cc:137:opt_pmux$7401
    Consolidated identical input bits for $mux cell $flatten\u_sq_engine.$procmux$6306:
      Old ports: A=64'1111111111111111111111111111111111111111111111111111111111111111, B=64'0000000000000000000000000000000000000000000000000000000000000000, Y=$flatten\u_sq_engine.$0$memwr$\latch_w1$src/sq_engine.v:131$1520_EN[63:0]$1625
      New ports: A=1'1, B=1'0, Y=$flatten\u_sq_engine.$0$memwr$\latch_w1$src/sq_engine.v:131$1520_EN[63:0]$1625 [0]
      New connections: $flatten\u_sq_engine.$0$memwr$\latch_w1$src/sq_engine.v:131$1520_EN[63:0]$1625 [63:1] = { $flatten\u_sq_engine.$0$memwr$\latch_w1$src/sq_engine.v:131$1520_EN[63:0]$1625 [0] $flatten\u_sq_engine.$0$memwr$\latch_w1$src/sq_engine.v:131$1520_EN[63:0]$1625 [0] $flatten\u_sq_engine.$0$memwr$\latch_w1$src/sq_engine.v:131$1520_EN[63:0]$1625 [0] $flatten\u_sq_engine.$0$memwr$\latch_w1$src/sq_engine.v:131$1520_EN[63:0]$1625 [0] $flatten\u_sq_engine.$0$memwr$\latch_w1$src/sq_engine.v:131$1520_EN[63:0]$1625 [0] $flatten\u_sq_engine.$0$memwr$\latch_w1$src/sq_engine.v:131$1520_EN[63:0]$1625 [0] $flatten\u_sq_engine.$0$memwr$\latch_w1$src/sq_engine.v:131$1520_EN[63:0]$1625 [0] $flatten\u_sq_engine.$0$memwr$\latch_w1$src/sq_engine.v:131$1520_EN[63:0]$1625 [0] $flatten\u_sq_engine.$0$memwr$\latch_w1$src/sq_engine.v:131$1520_EN[63:0]$1625 [0] $flatten\u_sq_engine.$0$memwr$\latch_w1$src/sq_engine.v:131$1520_EN[63:0]$1625 [0] $flatten\u_sq_engine.$0$memwr$\latch_w1$src/sq_engine.v:131$1520_EN[63:0]$1625 [0] $flatten\u_sq_engine.$0$memwr$\latch_w1$src/sq_engine.v:131$1520_EN[63:0]$1625 [0] $flatten\u_sq_engine.$0$memwr$\latch_w1$src/sq_engine.v:131$1520_EN[63:0]$1625 [0] $flatten\u_sq_engine.$0$memwr$\latch_w1$src/sq_engine.v:131$1520_EN[63:0]$1625 [0] $flatten\u_sq_engine.$0$memwr$\latch_w1$src/sq_engine.v:131$1520_EN[63:0]$1625 [0] $flatten\u_sq_engine.$0$memwr$\latch_w1$src/sq_engine.v:131$1520_EN[63:0]$1625 [0] $flatten\u_sq_engine.$0$memwr$\latch_w1$src/sq_engine.v:131$1520_EN[63:0]$1625 [0] $flatten\u_sq_engine.$0$memwr$\latch_w1$src/sq_engine.v:131$1520_EN[63:0]$1625 [0] $flatten\u_sq_engine.$0$memwr$\latch_w1$src/sq_engine.v:131$1520_EN[63:0]$1625 [0] $flatten\u_sq_engine.$0$memwr$\latch_w1$src/sq_engine.v:131$1520_EN[63:0]$1625 [0] $flatten\u_sq_engine.$0$memwr$\latch_w1$src/sq_engine.v:131$1520_EN[63:0]$1625 [0] $flatten\u_sq_engine.$0$memwr$\latch_w1$src/sq_engine.v:131$1520_EN[63:0]$1625 [0] $flatten\u_sq_engine.$0$memwr$\latch_w1$src/sq_engine.v:131$1520_EN[63:0]$1625 [0] $flatten\u_sq_engine.$0$memwr$\latch_w1$src/sq_engine.v:131$1520_EN[63:0]$1625 [0] $flatten\u_sq_engine.$0$memwr$\latch_w1$src/sq_engine.v:131$1520_EN[63:0]$1625 [0] $flatten\u_sq_engine.$0$memwr$\latch_w1$src/sq_engine.v:131$1520_EN[63:0]$1625 [0] $flatten\u_sq_engine.$0$memwr$\latch_w1$src/sq_engine.v:131$1520_EN[63:0]$1625 [0] $flatten\u_sq_engine.$0$memwr$\latch_w1$src/sq_engine.v:131$1520_EN[63:0]$1625 [0] $flatten\u_sq_engine.$0$memwr$\latch_w1$src/sq_engine.v:131$1520_EN[63:0]$1625 [0] $flatten\u_sq_engine.$0$memwr$\latch_w1$src/sq_engine.v:131$1520_EN[63:0]$1625 [0] $flatten\u_sq_engine.$0$memwr$\latch_w1$src/sq_engine.v:131$1520_EN[63:0]$1625 [0] $flatten\u_sq_engine.$0$memwr$\latch_w1$src/sq_engine.v:131$1520_EN[63:0]$1625 [0] $flatten\u_sq_engine.$0$memwr$\latch_w1$src/sq_engine.v:131$1520_EN[63:0]$1625 [0] $flatten\u_sq_engine.$0$memwr$\latch_w1$src/sq_engine.v:131$1520_EN[63:0]$1625 [0] $flatten\u_sq_engine.$0$memwr$\latch_w1$src/sq_engine.v:131$1520_EN[63:0]$1625 [0] $flatten\u_sq_engine.$0$memwr$\latch_w1$src/sq_engine.v:131$1520_EN[63:0]$1625 [0] $flatten\u_sq_engine.$0$memwr$\latch_w1$src/sq_engine.v:131$1520_EN[63:0]$1625 [0] $flatten\u_sq_engine.$0$memwr$\latch_w1$src/sq_engine.v:131$1520_EN[63:0]$1625 [0] $flatten\u_sq_engine.$0$memwr$\latch_w1$src/sq_engine.v:131$1520_EN[63:0]$1625 [0] $flatten\u_sq_engine.$0$memwr$\latch_w1$src/sq_engine.v:131$1520_EN[63:0]$1625 [0] $flatten\u_sq_engine.$0$memwr$\latch_w1$src/sq_engine.v:131$1520_EN[63:0]$1625 [0] $flatten\u_sq_engine.$0$memwr$\latch_w1$src/sq_engine.v:131$1520_EN[63:0]$1625 [0] $flatten\u_sq_engine.$0$memwr$\latch_w1$src/sq_engine.v:131$1520_EN[63:0]$1625 [0] $flatten\u_sq_engine.$0$memwr$\latch_w1$src/sq_engine.v:131$1520_EN[63:0]$1625 [0] $flatten\u_sq_engine.$0$memwr$\latch_w1$src/sq_engine.v:131$1520_EN[63:0]$1625 [0] $flatten\u_sq_engine.$0$memwr$\latch_w1$src/sq_engine.v:131$1520_EN[63:0]$1625 [0] $flatten\u_sq_engine.$0$memwr$\latch_w1$src/sq_engine.v:131$1520_EN[63:0]$1625 [0] $flatten\u_sq_engine.$0$memwr$\latch_w1$src/sq_engine.v:131$1520_EN[63:0]$1625 [0] $flatten\u_sq_engine.$0$memwr$\latch_w1$src/sq_engine.v:131$1520_EN[63:0]$1625 [0] $flatten\u_sq_engine.$0$memwr$\latch_w1$src/sq_engine.v:131$1520_EN[63:0]$1625 [0] $flatten\u_sq_engine.$0$memwr$\latch_w1$src/sq_engine.v:131$1520_EN[63:0]$1625 [0] $flatten\u_sq_engine.$0$memwr$\latch_w1$src/sq_engine.v:131$1520_EN[63:0]$1625 [0] $flatten\u_sq_engine.$0$memwr$\latch_w1$src/sq_engine.v:131$1520_EN[63:0]$1625 [0] $flatten\u_sq_engine.$0$memwr$\latch_w1$src/sq_engine.v:131$1520_EN[63:0]$1625 [0] $flatten\u_sq_engine.$0$memwr$\latch_w1$src/sq_engine.v:131$1520_EN[63:0]$1625 [0] $flatten\u_sq_engine.$0$memwr$\latch_w1$src/sq_engine.v:131$1520_EN[63:0]$1625 [0] $flatten\u_sq_engine.$0$memwr$\latch_w1$src/sq_engine.v:131$1520_EN[63:0]$1625 [0] $flatten\u_sq_engine.$0$memwr$\latch_w1$src/sq_engine.v:131$1520_EN[63:0]$1625 [0] $flatten\u_sq_engine.$0$memwr$\latch_w1$src/sq_engine.v:131$1520_EN[63:0]$1625 [0] $flatten\u_sq_engine.$0$memwr$\latch_w1$src/sq_engine.v:131$1520_EN[63:0]$1625 [0] $flatten\u_sq_engine.$0$memwr$\latch_w1$src/sq_engine.v:131$1520_EN[63:0]$1625 [0] $flatten\u_sq_engine.$0$memwr$\latch_w1$src/sq_engine.v:131$1520_EN[63:0]$1625 [0] $flatten\u_sq_engine.$0$memwr$\latch_w1$src/sq_engine.v:131$1520_EN[63:0]$1625 [0] }
    Consolidated identical input bits for $mux cell $flatten\u_sq_engine.$procmux$6303:
      Old ports: A=64'1111111111111111111111111111111111111111111111111111111111111111, B=64'0000000000000000000000000000000000000000000000000000000000000000, Y=$flatten\u_sq_engine.$0$memwr$\latch_w2$src/sq_engine.v:131$1521_EN[63:0]$1626
      New ports: A=1'1, B=1'0, Y=$flatten\u_sq_engine.$0$memwr$\latch_w2$src/sq_engine.v:131$1521_EN[63:0]$1626 [0]
      New connections: $flatten\u_sq_engine.$0$memwr$\latch_w2$src/sq_engine.v:131$1521_EN[63:0]$1626 [63:1] = { $flatten\u_sq_engine.$0$memwr$\latch_w2$src/sq_engine.v:131$1521_EN[63:0]$1626 [0] $flatten\u_sq_engine.$0$memwr$\latch_w2$src/sq_engine.v:131$1521_EN[63:0]$1626 [0] $flatten\u_sq_engine.$0$memwr$\latch_w2$src/sq_engine.v:131$1521_EN[63:0]$1626 [0] $flatten\u_sq_engine.$0$memwr$\latch_w2$src/sq_engine.v:131$1521_EN[63:0]$1626 [0] $flatten\u_sq_engine.$0$memwr$\latch_w2$src/sq_engine.v:131$1521_EN[63:0]$1626 [0] $flatten\u_sq_engine.$0$memwr$\latch_w2$src/sq_engine.v:131$1521_EN[63:0]$1626 [0] $flatten\u_sq_engine.$0$memwr$\latch_w2$src/sq_engine.v:131$1521_EN[63:0]$1626 [0] $flatten\u_sq_engine.$0$memwr$\latch_w2$src/sq_engine.v:131$1521_EN[63:0]$1626 [0] $flatten\u_sq_engine.$0$memwr$\latch_w2$src/sq_engine.v:131$1521_EN[63:0]$1626 [0] $flatten\u_sq_engine.$0$memwr$\latch_w2$src/sq_engine.v:131$1521_EN[63:0]$1626 [0] $flatten\u_sq_engine.$0$memwr$\latch_w2$src/sq_engine.v:131$1521_EN[63:0]$1626 [0] $flatten\u_sq_engine.$0$memwr$\latch_w2$src/sq_engine.v:131$1521_EN[63:0]$1626 [0] $flatten\u_sq_engine.$0$memwr$\latch_w2$src/sq_engine.v:131$1521_EN[63:0]$1626 [0] $flatten\u_sq_engine.$0$memwr$\latch_w2$src/sq_engine.v:131$1521_EN[63:0]$1626 [0] $flatten\u_sq_engine.$0$memwr$\latch_w2$src/sq_engine.v:131$1521_EN[63:0]$1626 [0] $flatten\u_sq_engine.$0$memwr$\latch_w2$src/sq_engine.v:131$1521_EN[63:0]$1626 [0] $flatten\u_sq_engine.$0$memwr$\latch_w2$src/sq_engine.v:131$1521_EN[63:0]$1626 [0] $flatten\u_sq_engine.$0$memwr$\latch_w2$src/sq_engine.v:131$1521_EN[63:0]$1626 [0] $flatten\u_sq_engine.$0$memwr$\latch_w2$src/sq_engine.v:131$1521_EN[63:0]$1626 [0] $flatten\u_sq_engine.$0$memwr$\latch_w2$src/sq_engine.v:131$1521_EN[63:0]$1626 [0] $flatten\u_sq_engine.$0$memwr$\latch_w2$src/sq_engine.v:131$1521_EN[63:0]$1626 [0] $flatten\u_sq_engine.$0$memwr$\latch_w2$src/sq_engine.v:131$1521_EN[63:0]$1626 [0] $flatten\u_sq_engine.$0$memwr$\latch_w2$src/sq_engine.v:131$1521_EN[63:0]$1626 [0] $flatten\u_sq_engine.$0$memwr$\latch_w2$src/sq_engine.v:131$1521_EN[63:0]$1626 [0] $flatten\u_sq_engine.$0$memwr$\latch_w2$src/sq_engine.v:131$1521_EN[63:0]$1626 [0] $flatten\u_sq_engine.$0$memwr$\latch_w2$src/sq_engine.v:131$1521_EN[63:0]$1626 [0] $flatten\u_sq_engine.$0$memwr$\latch_w2$src/sq_engine.v:131$1521_EN[63:0]$1626 [0] $flatten\u_sq_engine.$0$memwr$\latch_w2$src/sq_engine.v:131$1521_EN[63:0]$1626 [0] $flatten\u_sq_engine.$0$memwr$\latch_w2$src/sq_engine.v:131$1521_EN[63:0]$1626 [0] $flatten\u_sq_engine.$0$memwr$\latch_w2$src/sq_engine.v:131$1521_EN[63:0]$1626 [0] $flatten\u_sq_engine.$0$memwr$\latch_w2$src/sq_engine.v:131$1521_EN[63:0]$1626 [0] $flatten\u_sq_engine.$0$memwr$\latch_w2$src/sq_engine.v:131$1521_EN[63:0]$1626 [0] $flatten\u_sq_engine.$0$memwr$\latch_w2$src/sq_engine.v:131$1521_EN[63:0]$1626 [0] $flatten\u_sq_engine.$0$memwr$\latch_w2$src/sq_engine.v:131$1521_EN[63:0]$1626 [0] $flatten\u_sq_engine.$0$memwr$\latch_w2$src/sq_engine.v:131$1521_EN[63:0]$1626 [0] $flatten\u_sq_engine.$0$memwr$\latch_w2$src/sq_engine.v:131$1521_EN[63:0]$1626 [0] $flatten\u_sq_engine.$0$memwr$\latch_w2$src/sq_engine.v:131$1521_EN[63:0]$1626 [0] $flatten\u_sq_engine.$0$memwr$\latch_w2$src/sq_engine.v:131$1521_EN[63:0]$1626 [0] $flatten\u_sq_engine.$0$memwr$\latch_w2$src/sq_engine.v:131$1521_EN[63:0]$1626 [0] $flatten\u_sq_engine.$0$memwr$\latch_w2$src/sq_engine.v:131$1521_EN[63:0]$1626 [0] $flatten\u_sq_engine.$0$memwr$\latch_w2$src/sq_engine.v:131$1521_EN[63:0]$1626 [0] $flatten\u_sq_engine.$0$memwr$\latch_w2$src/sq_engine.v:131$1521_EN[63:0]$1626 [0] $flatten\u_sq_engine.$0$memwr$\latch_w2$src/sq_engine.v:131$1521_EN[63:0]$1626 [0] $flatten\u_sq_engine.$0$memwr$\latch_w2$src/sq_engine.v:131$1521_EN[63:0]$1626 [0] $flatten\u_sq_engine.$0$memwr$\latch_w2$src/sq_engine.v:131$1521_EN[63:0]$1626 [0] $flatten\u_sq_engine.$0$memwr$\latch_w2$src/sq_engine.v:131$1521_EN[63:0]$1626 [0] $flatten\u_sq_engine.$0$memwr$\latch_w2$src/sq_engine.v:131$1521_EN[63:0]$1626 [0] $flatten\u_sq_engine.$0$memwr$\latch_w2$src/sq_engine.v:131$1521_EN[63:0]$1626 [0] $flatten\u_sq_engine.$0$memwr$\latch_w2$src/sq_engine.v:131$1521_EN[63:0]$1626 [0] $flatten\u_sq_engine.$0$memwr$\latch_w2$src/sq_engine.v:131$1521_EN[63:0]$1626 [0] $flatten\u_sq_engine.$0$memwr$\latch_w2$src/sq_engine.v:131$1521_EN[63:0]$1626 [0] $flatten\u_sq_engine.$0$memwr$\latch_w2$src/sq_engine.v:131$1521_EN[63:0]$1626 [0] $flatten\u_sq_engine.$0$memwr$\latch_w2$src/sq_engine.v:131$1521_EN[63:0]$1626 [0] $flatten\u_sq_engine.$0$memwr$\latch_w2$src/sq_engine.v:131$1521_EN[63:0]$1626 [0] $flatten\u_sq_engine.$0$memwr$\latch_w2$src/sq_engine.v:131$1521_EN[63:0]$1626 [0] $flatten\u_sq_engine.$0$memwr$\latch_w2$src/sq_engine.v:131$1521_EN[63:0]$1626 [0] $flatten\u_sq_engine.$0$memwr$\latch_w2$src/sq_engine.v:131$1521_EN[63:0]$1626 [0] $flatten\u_sq_engine.$0$memwr$\latch_w2$src/sq_engine.v:131$1521_EN[63:0]$1626 [0] $flatten\u_sq_engine.$0$memwr$\latch_w2$src/sq_engine.v:131$1521_EN[63:0]$1626 [0] $flatten\u_sq_engine.$0$memwr$\latch_w2$src/sq_engine.v:131$1521_EN[63:0]$1626 [0] $flatten\u_sq_engine.$0$memwr$\latch_w2$src/sq_engine.v:131$1521_EN[63:0]$1626 [0] $flatten\u_sq_engine.$0$memwr$\latch_w2$src/sq_engine.v:131$1521_EN[63:0]$1626 [0] $flatten\u_sq_engine.$0$memwr$\latch_w2$src/sq_engine.v:131$1521_EN[63:0]$1626 [0] }
    Consolidated identical input bits for $mux cell $flatten\u_sq_engine.$procmux$6297:
      Old ports: A=6'111111, B=6'000000, Y=$flatten\u_sq_engine.$0$memwr$\cid_counter$src/sq_engine.v:133$1523_EN[5:0]$1628
      New ports: A=1'1, B=1'0, Y=$flatten\u_sq_engine.$0$memwr$\cid_counter$src/sq_engine.v:133$1523_EN[5:0]$1628 [0]
      New connections: $flatten\u_sq_engine.$0$memwr$\cid_counter$src/sq_engine.v:133$1523_EN[5:0]$1628 [5:1] = { $flatten\u_sq_engine.$0$memwr$\cid_counter$src/sq_engine.v:133$1523_EN[5:0]$1628 [0] $flatten\u_sq_engine.$0$memwr$\cid_counter$src/sq_engine.v:133$1523_EN[5:0]$1628 [0] $flatten\u_sq_engine.$0$memwr$\cid_counter$src/sq_engine.v:133$1523_EN[5:0]$1628 [0] $flatten\u_sq_engine.$0$memwr$\cid_counter$src/sq_engine.v:133$1523_EN[5:0]$1628 [0] $flatten\u_sq_engine.$0$memwr$\cid_counter$src/sq_engine.v:133$1523_EN[5:0]$1628 [0] }
    Consolidated identical input bits for $mux cell $flatten\u_sq_engine.$procmux$6294:
      Old ports: A=64'1111111111111111111111111111111111111111111111111111111111111111, B=64'0000000000000000000000000000000000000000000000000000000000000000, Y=$flatten\u_sq_engine.$0$memwr$\latch_w0$src/sq_engine.v:131$1524_EN[63:0]$1629
      New ports: A=1'1, B=1'0, Y=$flatten\u_sq_engine.$0$memwr$\latch_w0$src/sq_engine.v:131$1524_EN[63:0]$1629 [0]
      New connections: $flatten\u_sq_engine.$0$memwr$\latch_w0$src/sq_engine.v:131$1524_EN[63:0]$1629 [63:1] = { $flatten\u_sq_engine.$0$memwr$\latch_w0$src/sq_engine.v:131$1524_EN[63:0]$1629 [0] $flatten\u_sq_engine.$0$memwr$\latch_w0$src/sq_engine.v:131$1524_EN[63:0]$1629 [0] $flatten\u_sq_engine.$0$memwr$\latch_w0$src/sq_engine.v:131$1524_EN[63:0]$1629 [0] $flatten\u_sq_engine.$0$memwr$\latch_w0$src/sq_engine.v:131$1524_EN[63:0]$1629 [0] $flatten\u_sq_engine.$0$memwr$\latch_w0$src/sq_engine.v:131$1524_EN[63:0]$1629 [0] $flatten\u_sq_engine.$0$memwr$\latch_w0$src/sq_engine.v:131$1524_EN[63:0]$1629 [0] $flatten\u_sq_engine.$0$memwr$\latch_w0$src/sq_engine.v:131$1524_EN[63:0]$1629 [0] $flatten\u_sq_engine.$0$memwr$\latch_w0$src/sq_engine.v:131$1524_EN[63:0]$1629 [0] $flatten\u_sq_engine.$0$memwr$\latch_w0$src/sq_engine.v:131$1524_EN[63:0]$1629 [0] $flatten\u_sq_engine.$0$memwr$\latch_w0$src/sq_engine.v:131$1524_EN[63:0]$1629 [0] $flatten\u_sq_engine.$0$memwr$\latch_w0$src/sq_engine.v:131$1524_EN[63:0]$1629 [0] $flatten\u_sq_engine.$0$memwr$\latch_w0$src/sq_engine.v:131$1524_EN[63:0]$1629 [0] $flatten\u_sq_engine.$0$memwr$\latch_w0$src/sq_engine.v:131$1524_EN[63:0]$1629 [0] $flatten\u_sq_engine.$0$memwr$\latch_w0$src/sq_engine.v:131$1524_EN[63:0]$1629 [0] $flatten\u_sq_engine.$0$memwr$\latch_w0$src/sq_engine.v:131$1524_EN[63:0]$1629 [0] $flatten\u_sq_engine.$0$memwr$\latch_w0$src/sq_engine.v:131$1524_EN[63:0]$1629 [0] $flatten\u_sq_engine.$0$memwr$\latch_w0$src/sq_engine.v:131$1524_EN[63:0]$1629 [0] $flatten\u_sq_engine.$0$memwr$\latch_w0$src/sq_engine.v:131$1524_EN[63:0]$1629 [0] $flatten\u_sq_engine.$0$memwr$\latch_w0$src/sq_engine.v:131$1524_EN[63:0]$1629 [0] $flatten\u_sq_engine.$0$memwr$\latch_w0$src/sq_engine.v:131$1524_EN[63:0]$1629 [0] $flatten\u_sq_engine.$0$memwr$\latch_w0$src/sq_engine.v:131$1524_EN[63:0]$1629 [0] $flatten\u_sq_engine.$0$memwr$\latch_w0$src/sq_engine.v:131$1524_EN[63:0]$1629 [0] $flatten\u_sq_engine.$0$memwr$\latch_w0$src/sq_engine.v:131$1524_EN[63:0]$1629 [0] $flatten\u_sq_engine.$0$memwr$\latch_w0$src/sq_engine.v:131$1524_EN[63:0]$1629 [0] $flatten\u_sq_engine.$0$memwr$\latch_w0$src/sq_engine.v:131$1524_EN[63:0]$1629 [0] $flatten\u_sq_engine.$0$memwr$\latch_w0$src/sq_engine.v:131$1524_EN[63:0]$1629 [0] $flatten\u_sq_engine.$0$memwr$\latch_w0$src/sq_engine.v:131$1524_EN[63:0]$1629 [0] $flatten\u_sq_engine.$0$memwr$\latch_w0$src/sq_engine.v:131$1524_EN[63:0]$1629 [0] $flatten\u_sq_engine.$0$memwr$\latch_w0$src/sq_engine.v:131$1524_EN[63:0]$1629 [0] $flatten\u_sq_engine.$0$memwr$\latch_w0$src/sq_engine.v:131$1524_EN[63:0]$1629 [0] $flatten\u_sq_engine.$0$memwr$\latch_w0$src/sq_engine.v:131$1524_EN[63:0]$1629 [0] $flatten\u_sq_engine.$0$memwr$\latch_w0$src/sq_engine.v:131$1524_EN[63:0]$1629 [0] $flatten\u_sq_engine.$0$memwr$\latch_w0$src/sq_engine.v:131$1524_EN[63:0]$1629 [0] $flatten\u_sq_engine.$0$memwr$\latch_w0$src/sq_engine.v:131$1524_EN[63:0]$1629 [0] $flatten\u_sq_engine.$0$memwr$\latch_w0$src/sq_engine.v:131$1524_EN[63:0]$1629 [0] $flatten\u_sq_engine.$0$memwr$\latch_w0$src/sq_engine.v:131$1524_EN[63:0]$1629 [0] $flatten\u_sq_engine.$0$memwr$\latch_w0$src/sq_engine.v:131$1524_EN[63:0]$1629 [0] $flatten\u_sq_engine.$0$memwr$\latch_w0$src/sq_engine.v:131$1524_EN[63:0]$1629 [0] $flatten\u_sq_engine.$0$memwr$\latch_w0$src/sq_engine.v:131$1524_EN[63:0]$1629 [0] $flatten\u_sq_engine.$0$memwr$\latch_w0$src/sq_engine.v:131$1524_EN[63:0]$1629 [0] $flatten\u_sq_engine.$0$memwr$\latch_w0$src/sq_engine.v:131$1524_EN[63:0]$1629 [0] $flatten\u_sq_engine.$0$memwr$\latch_w0$src/sq_engine.v:131$1524_EN[63:0]$1629 [0] $flatten\u_sq_engine.$0$memwr$\latch_w0$src/sq_engine.v:131$1524_EN[63:0]$1629 [0] $flatten\u_sq_engine.$0$memwr$\latch_w0$src/sq_engine.v:131$1524_EN[63:0]$1629 [0] $flatten\u_sq_engine.$0$memwr$\latch_w0$src/sq_engine.v:131$1524_EN[63:0]$1629 [0] $flatten\u_sq_engine.$0$memwr$\latch_w0$src/sq_engine.v:131$1524_EN[63:0]$1629 [0] $flatten\u_sq_engine.$0$memwr$\latch_w0$src/sq_engine.v:131$1524_EN[63:0]$1629 [0] $flatten\u_sq_engine.$0$memwr$\latch_w0$src/sq_engine.v:131$1524_EN[63:0]$1629 [0] $flatten\u_sq_engine.$0$memwr$\latch_w0$src/sq_engine.v:131$1524_EN[63:0]$1629 [0] $flatten\u_sq_engine.$0$memwr$\latch_w0$src/sq_engine.v:131$1524_EN[63:0]$1629 [0] $flatten\u_sq_engine.$0$memwr$\latch_w0$src/sq_engine.v:131$1524_EN[63:0]$1629 [0] $flatten\u_sq_engine.$0$memwr$\latch_w0$src/sq_engine.v:131$1524_EN[63:0]$1629 [0] $flatten\u_sq_engine.$0$memwr$\latch_w0$src/sq_engine.v:131$1524_EN[63:0]$1629 [0] $flatten\u_sq_engine.$0$memwr$\latch_w0$src/sq_engine.v:131$1524_EN[63:0]$1629 [0] $flatten\u_sq_engine.$0$memwr$\latch_w0$src/sq_engine.v:131$1524_EN[63:0]$1629 [0] $flatten\u_sq_engine.$0$memwr$\latch_w0$src/sq_engine.v:131$1524_EN[63:0]$1629 [0] $flatten\u_sq_engine.$0$memwr$\latch_w0$src/sq_engine.v:131$1524_EN[63:0]$1629 [0] $flatten\u_sq_engine.$0$memwr$\latch_w0$src/sq_engine.v:131$1524_EN[63:0]$1629 [0] $flatten\u_sq_engine.$0$memwr$\latch_w0$src/sq_engine.v:131$1524_EN[63:0]$1629 [0] $flatten\u_sq_engine.$0$memwr$\latch_w0$src/sq_engine.v:131$1524_EN[63:0]$1629 [0] $flatten\u_sq_engine.$0$memwr$\latch_w0$src/sq_engine.v:131$1524_EN[63:0]$1629 [0] $flatten\u_sq_engine.$0$memwr$\latch_w0$src/sq_engine.v:131$1524_EN[63:0]$1629 [0] $flatten\u_sq_engine.$0$memwr$\latch_w0$src/sq_engine.v:131$1524_EN[63:0]$1629 [0] }
    Consolidated identical input bits for $mux cell $flatten\u_sq_engine.$procmux$6291:
      Old ports: A=64'1111111111111111111111111111111111111111111111111111111111111111, B=64'0000000000000000000000000000000000000000000000000000000000000000, Y=$flatten\u_sq_engine.$0$memwr$\latch_w1$src/sq_engine.v:131$1525_EN[63:0]$1630
      New ports: A=1'1, B=1'0, Y=$flatten\u_sq_engine.$0$memwr$\latch_w1$src/sq_engine.v:131$1525_EN[63:0]$1630 [0]
      New connections: $flatten\u_sq_engine.$0$memwr$\latch_w1$src/sq_engine.v:131$1525_EN[63:0]$1630 [63:1] = { $flatten\u_sq_engine.$0$memwr$\latch_w1$src/sq_engine.v:131$1525_EN[63:0]$1630 [0] $flatten\u_sq_engine.$0$memwr$\latch_w1$src/sq_engine.v:131$1525_EN[63:0]$1630 [0] $flatten\u_sq_engine.$0$memwr$\latch_w1$src/sq_engine.v:131$1525_EN[63:0]$1630 [0] $flatten\u_sq_engine.$0$memwr$\latch_w1$src/sq_engine.v:131$1525_EN[63:0]$1630 [0] $flatten\u_sq_engine.$0$memwr$\latch_w1$src/sq_engine.v:131$1525_EN[63:0]$1630 [0] $flatten\u_sq_engine.$0$memwr$\latch_w1$src/sq_engine.v:131$1525_EN[63:0]$1630 [0] $flatten\u_sq_engine.$0$memwr$\latch_w1$src/sq_engine.v:131$1525_EN[63:0]$1630 [0] $flatten\u_sq_engine.$0$memwr$\latch_w1$src/sq_engine.v:131$1525_EN[63:0]$1630 [0] $flatten\u_sq_engine.$0$memwr$\latch_w1$src/sq_engine.v:131$1525_EN[63:0]$1630 [0] $flatten\u_sq_engine.$0$memwr$\latch_w1$src/sq_engine.v:131$1525_EN[63:0]$1630 [0] $flatten\u_sq_engine.$0$memwr$\latch_w1$src/sq_engine.v:131$1525_EN[63:0]$1630 [0] $flatten\u_sq_engine.$0$memwr$\latch_w1$src/sq_engine.v:131$1525_EN[63:0]$1630 [0] $flatten\u_sq_engine.$0$memwr$\latch_w1$src/sq_engine.v:131$1525_EN[63:0]$1630 [0] $flatten\u_sq_engine.$0$memwr$\latch_w1$src/sq_engine.v:131$1525_EN[63:0]$1630 [0] $flatten\u_sq_engine.$0$memwr$\latch_w1$src/sq_engine.v:131$1525_EN[63:0]$1630 [0] $flatten\u_sq_engine.$0$memwr$\latch_w1$src/sq_engine.v:131$1525_EN[63:0]$1630 [0] $flatten\u_sq_engine.$0$memwr$\latch_w1$src/sq_engine.v:131$1525_EN[63:0]$1630 [0] $flatten\u_sq_engine.$0$memwr$\latch_w1$src/sq_engine.v:131$1525_EN[63:0]$1630 [0] $flatten\u_sq_engine.$0$memwr$\latch_w1$src/sq_engine.v:131$1525_EN[63:0]$1630 [0] $flatten\u_sq_engine.$0$memwr$\latch_w1$src/sq_engine.v:131$1525_EN[63:0]$1630 [0] $flatten\u_sq_engine.$0$memwr$\latch_w1$src/sq_engine.v:131$1525_EN[63:0]$1630 [0] $flatten\u_sq_engine.$0$memwr$\latch_w1$src/sq_engine.v:131$1525_EN[63:0]$1630 [0] $flatten\u_sq_engine.$0$memwr$\latch_w1$src/sq_engine.v:131$1525_EN[63:0]$1630 [0] $flatten\u_sq_engine.$0$memwr$\latch_w1$src/sq_engine.v:131$1525_EN[63:0]$1630 [0] $flatten\u_sq_engine.$0$memwr$\latch_w1$src/sq_engine.v:131$1525_EN[63:0]$1630 [0] $flatten\u_sq_engine.$0$memwr$\latch_w1$src/sq_engine.v:131$1525_EN[63:0]$1630 [0] $flatten\u_sq_engine.$0$memwr$\latch_w1$src/sq_engine.v:131$1525_EN[63:0]$1630 [0] $flatten\u_sq_engine.$0$memwr$\latch_w1$src/sq_engine.v:131$1525_EN[63:0]$1630 [0] $flatten\u_sq_engine.$0$memwr$\latch_w1$src/sq_engine.v:131$1525_EN[63:0]$1630 [0] $flatten\u_sq_engine.$0$memwr$\latch_w1$src/sq_engine.v:131$1525_EN[63:0]$1630 [0] $flatten\u_sq_engine.$0$memwr$\latch_w1$src/sq_engine.v:131$1525_EN[63:0]$1630 [0] $flatten\u_sq_engine.$0$memwr$\latch_w1$src/sq_engine.v:131$1525_EN[63:0]$1630 [0] $flatten\u_sq_engine.$0$memwr$\latch_w1$src/sq_engine.v:131$1525_EN[63:0]$1630 [0] $flatten\u_sq_engine.$0$memwr$\latch_w1$src/sq_engine.v:131$1525_EN[63:0]$1630 [0] $flatten\u_sq_engine.$0$memwr$\latch_w1$src/sq_engine.v:131$1525_EN[63:0]$1630 [0] $flatten\u_sq_engine.$0$memwr$\latch_w1$src/sq_engine.v:131$1525_EN[63:0]$1630 [0] $flatten\u_sq_engine.$0$memwr$\latch_w1$src/sq_engine.v:131$1525_EN[63:0]$1630 [0] $flatten\u_sq_engine.$0$memwr$\latch_w1$src/sq_engine.v:131$1525_EN[63:0]$1630 [0] $flatten\u_sq_engine.$0$memwr$\latch_w1$src/sq_engine.v:131$1525_EN[63:0]$1630 [0] $flatten\u_sq_engine.$0$memwr$\latch_w1$src/sq_engine.v:131$1525_EN[63:0]$1630 [0] $flatten\u_sq_engine.$0$memwr$\latch_w1$src/sq_engine.v:131$1525_EN[63:0]$1630 [0] $flatten\u_sq_engine.$0$memwr$\latch_w1$src/sq_engine.v:131$1525_EN[63:0]$1630 [0] $flatten\u_sq_engine.$0$memwr$\latch_w1$src/sq_engine.v:131$1525_EN[63:0]$1630 [0] $flatten\u_sq_engine.$0$memwr$\latch_w1$src/sq_engine.v:131$1525_EN[63:0]$1630 [0] $flatten\u_sq_engine.$0$memwr$\latch_w1$src/sq_engine.v:131$1525_EN[63:0]$1630 [0] $flatten\u_sq_engine.$0$memwr$\latch_w1$src/sq_engine.v:131$1525_EN[63:0]$1630 [0] $flatten\u_sq_engine.$0$memwr$\latch_w1$src/sq_engine.v:131$1525_EN[63:0]$1630 [0] $flatten\u_sq_engine.$0$memwr$\latch_w1$src/sq_engine.v:131$1525_EN[63:0]$1630 [0] $flatten\u_sq_engine.$0$memwr$\latch_w1$src/sq_engine.v:131$1525_EN[63:0]$1630 [0] $flatten\u_sq_engine.$0$memwr$\latch_w1$src/sq_engine.v:131$1525_EN[63:0]$1630 [0] $flatten\u_sq_engine.$0$memwr$\latch_w1$src/sq_engine.v:131$1525_EN[63:0]$1630 [0] $flatten\u_sq_engine.$0$memwr$\latch_w1$src/sq_engine.v:131$1525_EN[63:0]$1630 [0] $flatten\u_sq_engine.$0$memwr$\latch_w1$src/sq_engine.v:131$1525_EN[63:0]$1630 [0] $flatten\u_sq_engine.$0$memwr$\latch_w1$src/sq_engine.v:131$1525_EN[63:0]$1630 [0] $flatten\u_sq_engine.$0$memwr$\latch_w1$src/sq_engine.v:131$1525_EN[63:0]$1630 [0] $flatten\u_sq_engine.$0$memwr$\latch_w1$src/sq_engine.v:131$1525_EN[63:0]$1630 [0] $flatten\u_sq_engine.$0$memwr$\latch_w1$src/sq_engine.v:131$1525_EN[63:0]$1630 [0] $flatten\u_sq_engine.$0$memwr$\latch_w1$src/sq_engine.v:131$1525_EN[63:0]$1630 [0] $flatten\u_sq_engine.$0$memwr$\latch_w1$src/sq_engine.v:131$1525_EN[63:0]$1630 [0] $flatten\u_sq_engine.$0$memwr$\latch_w1$src/sq_engine.v:131$1525_EN[63:0]$1630 [0] $flatten\u_sq_engine.$0$memwr$\latch_w1$src/sq_engine.v:131$1525_EN[63:0]$1630 [0] $flatten\u_sq_engine.$0$memwr$\latch_w1$src/sq_engine.v:131$1525_EN[63:0]$1630 [0] $flatten\u_sq_engine.$0$memwr$\latch_w1$src/sq_engine.v:131$1525_EN[63:0]$1630 [0] }
    Consolidated identical input bits for $mux cell $flatten\u_sq_engine.$procmux$6288:
      Old ports: A=64'1111111111111111111111111111111111111111111111111111111111111111, B=64'0000000000000000000000000000000000000000000000000000000000000000, Y=$flatten\u_sq_engine.$0$memwr$\latch_w2$src/sq_engine.v:131$1526_EN[63:0]$1631
      New ports: A=1'1, B=1'0, Y=$flatten\u_sq_engine.$0$memwr$\latch_w2$src/sq_engine.v:131$1526_EN[63:0]$1631 [0]
      New connections: $flatten\u_sq_engine.$0$memwr$\latch_w2$src/sq_engine.v:131$1526_EN[63:0]$1631 [63:1] = { $flatten\u_sq_engine.$0$memwr$\latch_w2$src/sq_engine.v:131$1526_EN[63:0]$1631 [0] $flatten\u_sq_engine.$0$memwr$\latch_w2$src/sq_engine.v:131$1526_EN[63:0]$1631 [0] $flatten\u_sq_engine.$0$memwr$\latch_w2$src/sq_engine.v:131$1526_EN[63:0]$1631 [0] $flatten\u_sq_engine.$0$memwr$\latch_w2$src/sq_engine.v:131$1526_EN[63:0]$1631 [0] $flatten\u_sq_engine.$0$memwr$\latch_w2$src/sq_engine.v:131$1526_EN[63:0]$1631 [0] $flatten\u_sq_engine.$0$memwr$\latch_w2$src/sq_engine.v:131$1526_EN[63:0]$1631 [0] $flatten\u_sq_engine.$0$memwr$\latch_w2$src/sq_engine.v:131$1526_EN[63:0]$1631 [0] $flatten\u_sq_engine.$0$memwr$\latch_w2$src/sq_engine.v:131$1526_EN[63:0]$1631 [0] $flatten\u_sq_engine.$0$memwr$\latch_w2$src/sq_engine.v:131$1526_EN[63:0]$1631 [0] $flatten\u_sq_engine.$0$memwr$\latch_w2$src/sq_engine.v:131$1526_EN[63:0]$1631 [0] $flatten\u_sq_engine.$0$memwr$\latch_w2$src/sq_engine.v:131$1526_EN[63:0]$1631 [0] $flatten\u_sq_engine.$0$memwr$\latch_w2$src/sq_engine.v:131$1526_EN[63:0]$1631 [0] $flatten\u_sq_engine.$0$memwr$\latch_w2$src/sq_engine.v:131$1526_EN[63:0]$1631 [0] $flatten\u_sq_engine.$0$memwr$\latch_w2$src/sq_engine.v:131$1526_EN[63:0]$1631 [0] $flatten\u_sq_engine.$0$memwr$\latch_w2$src/sq_engine.v:131$1526_EN[63:0]$1631 [0] $flatten\u_sq_engine.$0$memwr$\latch_w2$src/sq_engine.v:131$1526_EN[63:0]$1631 [0] $flatten\u_sq_engine.$0$memwr$\latch_w2$src/sq_engine.v:131$1526_EN[63:0]$1631 [0] $flatten\u_sq_engine.$0$memwr$\latch_w2$src/sq_engine.v:131$1526_EN[63:0]$1631 [0] $flatten\u_sq_engine.$0$memwr$\latch_w2$src/sq_engine.v:131$1526_EN[63:0]$1631 [0] $flatten\u_sq_engine.$0$memwr$\latch_w2$src/sq_engine.v:131$1526_EN[63:0]$1631 [0] $flatten\u_sq_engine.$0$memwr$\latch_w2$src/sq_engine.v:131$1526_EN[63:0]$1631 [0] $flatten\u_sq_engine.$0$memwr$\latch_w2$src/sq_engine.v:131$1526_EN[63:0]$1631 [0] $flatten\u_sq_engine.$0$memwr$\latch_w2$src/sq_engine.v:131$1526_EN[63:0]$1631 [0] $flatten\u_sq_engine.$0$memwr$\latch_w2$src/sq_engine.v:131$1526_EN[63:0]$1631 [0] $flatten\u_sq_engine.$0$memwr$\latch_w2$src/sq_engine.v:131$1526_EN[63:0]$1631 [0] $flatten\u_sq_engine.$0$memwr$\latch_w2$src/sq_engine.v:131$1526_EN[63:0]$1631 [0] $flatten\u_sq_engine.$0$memwr$\latch_w2$src/sq_engine.v:131$1526_EN[63:0]$1631 [0] $flatten\u_sq_engine.$0$memwr$\latch_w2$src/sq_engine.v:131$1526_EN[63:0]$1631 [0] $flatten\u_sq_engine.$0$memwr$\latch_w2$src/sq_engine.v:131$1526_EN[63:0]$1631 [0] $flatten\u_sq_engine.$0$memwr$\latch_w2$src/sq_engine.v:131$1526_EN[63:0]$1631 [0] $flatten\u_sq_engine.$0$memwr$\latch_w2$src/sq_engine.v:131$1526_EN[63:0]$1631 [0] $flatten\u_sq_engine.$0$memwr$\latch_w2$src/sq_engine.v:131$1526_EN[63:0]$1631 [0] $flatten\u_sq_engine.$0$memwr$\latch_w2$src/sq_engine.v:131$1526_EN[63:0]$1631 [0] $flatten\u_sq_engine.$0$memwr$\latch_w2$src/sq_engine.v:131$1526_EN[63:0]$1631 [0] $flatten\u_sq_engine.$0$memwr$\latch_w2$src/sq_engine.v:131$1526_EN[63:0]$1631 [0] $flatten\u_sq_engine.$0$memwr$\latch_w2$src/sq_engine.v:131$1526_EN[63:0]$1631 [0] $flatten\u_sq_engine.$0$memwr$\latch_w2$src/sq_engine.v:131$1526_EN[63:0]$1631 [0] $flatten\u_sq_engine.$0$memwr$\latch_w2$src/sq_engine.v:131$1526_EN[63:0]$1631 [0] $flatten\u_sq_engine.$0$memwr$\latch_w2$src/sq_engine.v:131$1526_EN[63:0]$1631 [0] $flatten\u_sq_engine.$0$memwr$\latch_w2$src/sq_engine.v:131$1526_EN[63:0]$1631 [0] $flatten\u_sq_engine.$0$memwr$\latch_w2$src/sq_engine.v:131$1526_EN[63:0]$1631 [0] $flatten\u_sq_engine.$0$memwr$\latch_w2$src/sq_engine.v:131$1526_EN[63:0]$1631 [0] $flatten\u_sq_engine.$0$memwr$\latch_w2$src/sq_engine.v:131$1526_EN[63:0]$1631 [0] $flatten\u_sq_engine.$0$memwr$\latch_w2$src/sq_engine.v:131$1526_EN[63:0]$1631 [0] $flatten\u_sq_engine.$0$memwr$\latch_w2$src/sq_engine.v:131$1526_EN[63:0]$1631 [0] $flatten\u_sq_engine.$0$memwr$\latch_w2$src/sq_engine.v:131$1526_EN[63:0]$1631 [0] $flatten\u_sq_engine.$0$memwr$\latch_w2$src/sq_engine.v:131$1526_EN[63:0]$1631 [0] $flatten\u_sq_engine.$0$memwr$\latch_w2$src/sq_engine.v:131$1526_EN[63:0]$1631 [0] $flatten\u_sq_engine.$0$memwr$\latch_w2$src/sq_engine.v:131$1526_EN[63:0]$1631 [0] $flatten\u_sq_engine.$0$memwr$\latch_w2$src/sq_engine.v:131$1526_EN[63:0]$1631 [0] $flatten\u_sq_engine.$0$memwr$\latch_w2$src/sq_engine.v:131$1526_EN[63:0]$1631 [0] $flatten\u_sq_engine.$0$memwr$\latch_w2$src/sq_engine.v:131$1526_EN[63:0]$1631 [0] $flatten\u_sq_engine.$0$memwr$\latch_w2$src/sq_engine.v:131$1526_EN[63:0]$1631 [0] $flatten\u_sq_engine.$0$memwr$\latch_w2$src/sq_engine.v:131$1526_EN[63:0]$1631 [0] $flatten\u_sq_engine.$0$memwr$\latch_w2$src/sq_engine.v:131$1526_EN[63:0]$1631 [0] $flatten\u_sq_engine.$0$memwr$\latch_w2$src/sq_engine.v:131$1526_EN[63:0]$1631 [0] $flatten\u_sq_engine.$0$memwr$\latch_w2$src/sq_engine.v:131$1526_EN[63:0]$1631 [0] $flatten\u_sq_engine.$0$memwr$\latch_w2$src/sq_engine.v:131$1526_EN[63:0]$1631 [0] $flatten\u_sq_engine.$0$memwr$\latch_w2$src/sq_engine.v:131$1526_EN[63:0]$1631 [0] $flatten\u_sq_engine.$0$memwr$\latch_w2$src/sq_engine.v:131$1526_EN[63:0]$1631 [0] $flatten\u_sq_engine.$0$memwr$\latch_w2$src/sq_engine.v:131$1526_EN[63:0]$1631 [0] $flatten\u_sq_engine.$0$memwr$\latch_w2$src/sq_engine.v:131$1526_EN[63:0]$1631 [0] $flatten\u_sq_engine.$0$memwr$\latch_w2$src/sq_engine.v:131$1526_EN[63:0]$1631 [0] }
    New ctrl vector for $pmux cell $flatten\u_sq_engine.$procmux$6820: { $flatten\u_sq_engine.$procmux$6813_CMP $flatten\u_sq_engine.$procmux$6229_CMP $flatten\u_sq_engine.$procmux$6164_CMP $flatten\u_sq_engine.$procmux$6690_CMP $flatten\u_sq_engine.$procmux$6610_CMP $auto$opt_reduce.cc:137:opt_pmux$7403 $flatten\u_sq_engine.$procmux$6657_CMP $flatten\u_sq_engine.$procmux$6502_CMP }
    Consolidated identical input bits for $mux cell $flatten\u_db_coalescer.$procmux$3808:
      Old ports: A=3'000, B=3'111, Y=$flatten\u_db_coalescer.$procmux$3808_Y
      New ports: A=1'0, B=1'1, Y=$flatten\u_db_coalescer.$procmux$3808_Y [0]
      New connections: $flatten\u_db_coalescer.$procmux$3808_Y [2:1] = { $flatten\u_db_coalescer.$procmux$3808_Y [0] $flatten\u_db_coalescer.$procmux$3808_Y [0] }
    Consolidated identical input bits for $mux cell $flatten\u_sq_engine.$procmux$6474:
      Old ports: A=64'1111111111111111111111111111111111111111111111111111111111111111, B=64'0000000000000000000000000000000000000000000000000000000000000000, Y=$flatten\u_sq_engine.$0$memwr$\latch_w0$src/sq_engine.v:131$1464_EN[63:0]$1569
      New ports: A=1'1, B=1'0, Y=$flatten\u_sq_engine.$0$memwr$\latch_w0$src/sq_engine.v:131$1464_EN[63:0]$1569 [0]
      New connections: $flatten\u_sq_engine.$0$memwr$\latch_w0$src/sq_engine.v:131$1464_EN[63:0]$1569 [63:1] = { $flatten\u_sq_engine.$0$memwr$\latch_w0$src/sq_engine.v:131$1464_EN[63:0]$1569 [0] $flatten\u_sq_engine.$0$memwr$\latch_w0$src/sq_engine.v:131$1464_EN[63:0]$1569 [0] $flatten\u_sq_engine.$0$memwr$\latch_w0$src/sq_engine.v:131$1464_EN[63:0]$1569 [0] $flatten\u_sq_engine.$0$memwr$\latch_w0$src/sq_engine.v:131$1464_EN[63:0]$1569 [0] $flatten\u_sq_engine.$0$memwr$\latch_w0$src/sq_engine.v:131$1464_EN[63:0]$1569 [0] $flatten\u_sq_engine.$0$memwr$\latch_w0$src/sq_engine.v:131$1464_EN[63:0]$1569 [0] $flatten\u_sq_engine.$0$memwr$\latch_w0$src/sq_engine.v:131$1464_EN[63:0]$1569 [0] $flatten\u_sq_engine.$0$memwr$\latch_w0$src/sq_engine.v:131$1464_EN[63:0]$1569 [0] $flatten\u_sq_engine.$0$memwr$\latch_w0$src/sq_engine.v:131$1464_EN[63:0]$1569 [0] $flatten\u_sq_engine.$0$memwr$\latch_w0$src/sq_engine.v:131$1464_EN[63:0]$1569 [0] $flatten\u_sq_engine.$0$memwr$\latch_w0$src/sq_engine.v:131$1464_EN[63:0]$1569 [0] $flatten\u_sq_engine.$0$memwr$\latch_w0$src/sq_engine.v:131$1464_EN[63:0]$1569 [0] $flatten\u_sq_engine.$0$memwr$\latch_w0$src/sq_engine.v:131$1464_EN[63:0]$1569 [0] $flatten\u_sq_engine.$0$memwr$\latch_w0$src/sq_engine.v:131$1464_EN[63:0]$1569 [0] $flatten\u_sq_engine.$0$memwr$\latch_w0$src/sq_engine.v:131$1464_EN[63:0]$1569 [0] $flatten\u_sq_engine.$0$memwr$\latch_w0$src/sq_engine.v:131$1464_EN[63:0]$1569 [0] $flatten\u_sq_engine.$0$memwr$\latch_w0$src/sq_engine.v:131$1464_EN[63:0]$1569 [0] $flatten\u_sq_engine.$0$memwr$\latch_w0$src/sq_engine.v:131$1464_EN[63:0]$1569 [0] $flatten\u_sq_engine.$0$memwr$\latch_w0$src/sq_engine.v:131$1464_EN[63:0]$1569 [0] $flatten\u_sq_engine.$0$memwr$\latch_w0$src/sq_engine.v:131$1464_EN[63:0]$1569 [0] $flatten\u_sq_engine.$0$memwr$\latch_w0$src/sq_engine.v:131$1464_EN[63:0]$1569 [0] $flatten\u_sq_engine.$0$memwr$\latch_w0$src/sq_engine.v:131$1464_EN[63:0]$1569 [0] $flatten\u_sq_engine.$0$memwr$\latch_w0$src/sq_engine.v:131$1464_EN[63:0]$1569 [0] $flatten\u_sq_engine.$0$memwr$\latch_w0$src/sq_engine.v:131$1464_EN[63:0]$1569 [0] $flatten\u_sq_engine.$0$memwr$\latch_w0$src/sq_engine.v:131$1464_EN[63:0]$1569 [0] $flatten\u_sq_engine.$0$memwr$\latch_w0$src/sq_engine.v:131$1464_EN[63:0]$1569 [0] $flatten\u_sq_engine.$0$memwr$\latch_w0$src/sq_engine.v:131$1464_EN[63:0]$1569 [0] $flatten\u_sq_engine.$0$memwr$\latch_w0$src/sq_engine.v:131$1464_EN[63:0]$1569 [0] $flatten\u_sq_engine.$0$memwr$\latch_w0$src/sq_engine.v:131$1464_EN[63:0]$1569 [0] $flatten\u_sq_engine.$0$memwr$\latch_w0$src/sq_engine.v:131$1464_EN[63:0]$1569 [0] $flatten\u_sq_engine.$0$memwr$\latch_w0$src/sq_engine.v:131$1464_EN[63:0]$1569 [0] $flatten\u_sq_engine.$0$memwr$\latch_w0$src/sq_engine.v:131$1464_EN[63:0]$1569 [0] $flatten\u_sq_engine.$0$memwr$\latch_w0$src/sq_engine.v:131$1464_EN[63:0]$1569 [0] $flatten\u_sq_engine.$0$memwr$\latch_w0$src/sq_engine.v:131$1464_EN[63:0]$1569 [0] $flatten\u_sq_engine.$0$memwr$\latch_w0$src/sq_engine.v:131$1464_EN[63:0]$1569 [0] $flatten\u_sq_engine.$0$memwr$\latch_w0$src/sq_engine.v:131$1464_EN[63:0]$1569 [0] $flatten\u_sq_engine.$0$memwr$\latch_w0$src/sq_engine.v:131$1464_EN[63:0]$1569 [0] $flatten\u_sq_engine.$0$memwr$\latch_w0$src/sq_engine.v:131$1464_EN[63:0]$1569 [0] $flatten\u_sq_engine.$0$memwr$\latch_w0$src/sq_engine.v:131$1464_EN[63:0]$1569 [0] $flatten\u_sq_engine.$0$memwr$\latch_w0$src/sq_engine.v:131$1464_EN[63:0]$1569 [0] $flatten\u_sq_engine.$0$memwr$\latch_w0$src/sq_engine.v:131$1464_EN[63:0]$1569 [0] $flatten\u_sq_engine.$0$memwr$\latch_w0$src/sq_engine.v:131$1464_EN[63:0]$1569 [0] $flatten\u_sq_engine.$0$memwr$\latch_w0$src/sq_engine.v:131$1464_EN[63:0]$1569 [0] $flatten\u_sq_engine.$0$memwr$\latch_w0$src/sq_engine.v:131$1464_EN[63:0]$1569 [0] $flatten\u_sq_engine.$0$memwr$\latch_w0$src/sq_engine.v:131$1464_EN[63:0]$1569 [0] $flatten\u_sq_engine.$0$memwr$\latch_w0$src/sq_engine.v:131$1464_EN[63:0]$1569 [0] $flatten\u_sq_engine.$0$memwr$\latch_w0$src/sq_engine.v:131$1464_EN[63:0]$1569 [0] $flatten\u_sq_engine.$0$memwr$\latch_w0$src/sq_engine.v:131$1464_EN[63:0]$1569 [0] $flatten\u_sq_engine.$0$memwr$\latch_w0$src/sq_engine.v:131$1464_EN[63:0]$1569 [0] $flatten\u_sq_engine.$0$memwr$\latch_w0$src/sq_engine.v:131$1464_EN[63:0]$1569 [0] $flatten\u_sq_engine.$0$memwr$\latch_w0$src/sq_engine.v:131$1464_EN[63:0]$1569 [0] $flatten\u_sq_engine.$0$memwr$\latch_w0$src/sq_engine.v:131$1464_EN[63:0]$1569 [0] $flatten\u_sq_engine.$0$memwr$\latch_w0$src/sq_engine.v:131$1464_EN[63:0]$1569 [0] $flatten\u_sq_engine.$0$memwr$\latch_w0$src/sq_engine.v:131$1464_EN[63:0]$1569 [0] $flatten\u_sq_engine.$0$memwr$\latch_w0$src/sq_engine.v:131$1464_EN[63:0]$1569 [0] $flatten\u_sq_engine.$0$memwr$\latch_w0$src/sq_engine.v:131$1464_EN[63:0]$1569 [0] $flatten\u_sq_engine.$0$memwr$\latch_w0$src/sq_engine.v:131$1464_EN[63:0]$1569 [0] $flatten\u_sq_engine.$0$memwr$\latch_w0$src/sq_engine.v:131$1464_EN[63:0]$1569 [0] $flatten\u_sq_engine.$0$memwr$\latch_w0$src/sq_engine.v:131$1464_EN[63:0]$1569 [0] $flatten\u_sq_engine.$0$memwr$\latch_w0$src/sq_engine.v:131$1464_EN[63:0]$1569 [0] $flatten\u_sq_engine.$0$memwr$\latch_w0$src/sq_engine.v:131$1464_EN[63:0]$1569 [0] $flatten\u_sq_engine.$0$memwr$\latch_w0$src/sq_engine.v:131$1464_EN[63:0]$1569 [0] $flatten\u_sq_engine.$0$memwr$\latch_w0$src/sq_engine.v:131$1464_EN[63:0]$1569 [0] }
    Consolidated identical input bits for $mux cell $flatten\u_sq_engine.$procmux$6471:
      Old ports: A=64'1111111111111111111111111111111111111111111111111111111111111111, B=64'0000000000000000000000000000000000000000000000000000000000000000, Y=$flatten\u_sq_engine.$0$memwr$\latch_w1$src/sq_engine.v:131$1465_EN[63:0]$1570
      New ports: A=1'1, B=1'0, Y=$flatten\u_sq_engine.$0$memwr$\latch_w1$src/sq_engine.v:131$1465_EN[63:0]$1570 [0]
      New connections: $flatten\u_sq_engine.$0$memwr$\latch_w1$src/sq_engine.v:131$1465_EN[63:0]$1570 [63:1] = { $flatten\u_sq_engine.$0$memwr$\latch_w1$src/sq_engine.v:131$1465_EN[63:0]$1570 [0] $flatten\u_sq_engine.$0$memwr$\latch_w1$src/sq_engine.v:131$1465_EN[63:0]$1570 [0] $flatten\u_sq_engine.$0$memwr$\latch_w1$src/sq_engine.v:131$1465_EN[63:0]$1570 [0] $flatten\u_sq_engine.$0$memwr$\latch_w1$src/sq_engine.v:131$1465_EN[63:0]$1570 [0] $flatten\u_sq_engine.$0$memwr$\latch_w1$src/sq_engine.v:131$1465_EN[63:0]$1570 [0] $flatten\u_sq_engine.$0$memwr$\latch_w1$src/sq_engine.v:131$1465_EN[63:0]$1570 [0] $flatten\u_sq_engine.$0$memwr$\latch_w1$src/sq_engine.v:131$1465_EN[63:0]$1570 [0] $flatten\u_sq_engine.$0$memwr$\latch_w1$src/sq_engine.v:131$1465_EN[63:0]$1570 [0] $flatten\u_sq_engine.$0$memwr$\latch_w1$src/sq_engine.v:131$1465_EN[63:0]$1570 [0] $flatten\u_sq_engine.$0$memwr$\latch_w1$src/sq_engine.v:131$1465_EN[63:0]$1570 [0] $flatten\u_sq_engine.$0$memwr$\latch_w1$src/sq_engine.v:131$1465_EN[63:0]$1570 [0] $flatten\u_sq_engine.$0$memwr$\latch_w1$src/sq_engine.v:131$1465_EN[63:0]$1570 [0] $flatten\u_sq_engine.$0$memwr$\latch_w1$src/sq_engine.v:131$1465_EN[63:0]$1570 [0] $flatten\u_sq_engine.$0$memwr$\latch_w1$src/sq_engine.v:131$1465_EN[63:0]$1570 [0] $flatten\u_sq_engine.$0$memwr$\latch_w1$src/sq_engine.v:131$1465_EN[63:0]$1570 [0] $flatten\u_sq_engine.$0$memwr$\latch_w1$src/sq_engine.v:131$1465_EN[63:0]$1570 [0] $flatten\u_sq_engine.$0$memwr$\latch_w1$src/sq_engine.v:131$1465_EN[63:0]$1570 [0] $flatten\u_sq_engine.$0$memwr$\latch_w1$src/sq_engine.v:131$1465_EN[63:0]$1570 [0] $flatten\u_sq_engine.$0$memwr$\latch_w1$src/sq_engine.v:131$1465_EN[63:0]$1570 [0] $flatten\u_sq_engine.$0$memwr$\latch_w1$src/sq_engine.v:131$1465_EN[63:0]$1570 [0] $flatten\u_sq_engine.$0$memwr$\latch_w1$src/sq_engine.v:131$1465_EN[63:0]$1570 [0] $flatten\u_sq_engine.$0$memwr$\latch_w1$src/sq_engine.v:131$1465_EN[63:0]$1570 [0] $flatten\u_sq_engine.$0$memwr$\latch_w1$src/sq_engine.v:131$1465_EN[63:0]$1570 [0] $flatten\u_sq_engine.$0$memwr$\latch_w1$src/sq_engine.v:131$1465_EN[63:0]$1570 [0] $flatten\u_sq_engine.$0$memwr$\latch_w1$src/sq_engine.v:131$1465_EN[63:0]$1570 [0] $flatten\u_sq_engine.$0$memwr$\latch_w1$src/sq_engine.v:131$1465_EN[63:0]$1570 [0] $flatten\u_sq_engine.$0$memwr$\latch_w1$src/sq_engine.v:131$1465_EN[63:0]$1570 [0] $flatten\u_sq_engine.$0$memwr$\latch_w1$src/sq_engine.v:131$1465_EN[63:0]$1570 [0] $flatten\u_sq_engine.$0$memwr$\latch_w1$src/sq_engine.v:131$1465_EN[63:0]$1570 [0] $flatten\u_sq_engine.$0$memwr$\latch_w1$src/sq_engine.v:131$1465_EN[63:0]$1570 [0] $flatten\u_sq_engine.$0$memwr$\latch_w1$src/sq_engine.v:131$1465_EN[63:0]$1570 [0] $flatten\u_sq_engine.$0$memwr$\latch_w1$src/sq_engine.v:131$1465_EN[63:0]$1570 [0] $flatten\u_sq_engine.$0$memwr$\latch_w1$src/sq_engine.v:131$1465_EN[63:0]$1570 [0] $flatten\u_sq_engine.$0$memwr$\latch_w1$src/sq_engine.v:131$1465_EN[63:0]$1570 [0] $flatten\u_sq_engine.$0$memwr$\latch_w1$src/sq_engine.v:131$1465_EN[63:0]$1570 [0] $flatten\u_sq_engine.$0$memwr$\latch_w1$src/sq_engine.v:131$1465_EN[63:0]$1570 [0] $flatten\u_sq_engine.$0$memwr$\latch_w1$src/sq_engine.v:131$1465_EN[63:0]$1570 [0] $flatten\u_sq_engine.$0$memwr$\latch_w1$src/sq_engine.v:131$1465_EN[63:0]$1570 [0] $flatten\u_sq_engine.$0$memwr$\latch_w1$src/sq_engine.v:131$1465_EN[63:0]$1570 [0] $flatten\u_sq_engine.$0$memwr$\latch_w1$src/sq_engine.v:131$1465_EN[63:0]$1570 [0] $flatten\u_sq_engine.$0$memwr$\latch_w1$src/sq_engine.v:131$1465_EN[63:0]$1570 [0] $flatten\u_sq_engine.$0$memwr$\latch_w1$src/sq_engine.v:131$1465_EN[63:0]$1570 [0] $flatten\u_sq_engine.$0$memwr$\latch_w1$src/sq_engine.v:131$1465_EN[63:0]$1570 [0] $flatten\u_sq_engine.$0$memwr$\latch_w1$src/sq_engine.v:131$1465_EN[63:0]$1570 [0] $flatten\u_sq_engine.$0$memwr$\latch_w1$src/sq_engine.v:131$1465_EN[63:0]$1570 [0] $flatten\u_sq_engine.$0$memwr$\latch_w1$src/sq_engine.v:131$1465_EN[63:0]$1570 [0] $flatten\u_sq_engine.$0$memwr$\latch_w1$src/sq_engine.v:131$1465_EN[63:0]$1570 [0] $flatten\u_sq_engine.$0$memwr$\latch_w1$src/sq_engine.v:131$1465_EN[63:0]$1570 [0] $flatten\u_sq_engine.$0$memwr$\latch_w1$src/sq_engine.v:131$1465_EN[63:0]$1570 [0] $flatten\u_sq_engine.$0$memwr$\latch_w1$src/sq_engine.v:131$1465_EN[63:0]$1570 [0] $flatten\u_sq_engine.$0$memwr$\latch_w1$src/sq_engine.v:131$1465_EN[63:0]$1570 [0] $flatten\u_sq_engine.$0$memwr$\latch_w1$src/sq_engine.v:131$1465_EN[63:0]$1570 [0] $flatten\u_sq_engine.$0$memwr$\latch_w1$src/sq_engine.v:131$1465_EN[63:0]$1570 [0] $flatten\u_sq_engine.$0$memwr$\latch_w1$src/sq_engine.v:131$1465_EN[63:0]$1570 [0] $flatten\u_sq_engine.$0$memwr$\latch_w1$src/sq_engine.v:131$1465_EN[63:0]$1570 [0] $flatten\u_sq_engine.$0$memwr$\latch_w1$src/sq_engine.v:131$1465_EN[63:0]$1570 [0] $flatten\u_sq_engine.$0$memwr$\latch_w1$src/sq_engine.v:131$1465_EN[63:0]$1570 [0] $flatten\u_sq_engine.$0$memwr$\latch_w1$src/sq_engine.v:131$1465_EN[63:0]$1570 [0] $flatten\u_sq_engine.$0$memwr$\latch_w1$src/sq_engine.v:131$1465_EN[63:0]$1570 [0] $flatten\u_sq_engine.$0$memwr$\latch_w1$src/sq_engine.v:131$1465_EN[63:0]$1570 [0] $flatten\u_sq_engine.$0$memwr$\latch_w1$src/sq_engine.v:131$1465_EN[63:0]$1570 [0] $flatten\u_sq_engine.$0$memwr$\latch_w1$src/sq_engine.v:131$1465_EN[63:0]$1570 [0] $flatten\u_sq_engine.$0$memwr$\latch_w1$src/sq_engine.v:131$1465_EN[63:0]$1570 [0] }
    Consolidated identical input bits for $mux cell $flatten\u_db_coalescer.$procmux$3874:
      Old ports: A=16'0000000000000000, B=16'1111111111111111, Y=$flatten\u_db_coalescer.$procmux$3874_Y
      New ports: A=1'0, B=1'1, Y=$flatten\u_db_coalescer.$procmux$3874_Y [0]
      New connections: $flatten\u_db_coalescer.$procmux$3874_Y [15:1] = { $flatten\u_db_coalescer.$procmux$3874_Y [0] $flatten\u_db_coalescer.$procmux$3874_Y [0] $flatten\u_db_coalescer.$procmux$3874_Y [0] $flatten\u_db_coalescer.$procmux$3874_Y [0] $flatten\u_db_coalescer.$procmux$3874_Y [0] $flatten\u_db_coalescer.$procmux$3874_Y [0] $flatten\u_db_coalescer.$procmux$3874_Y [0] $flatten\u_db_coalescer.$procmux$3874_Y [0] $flatten\u_db_coalescer.$procmux$3874_Y [0] $flatten\u_db_coalescer.$procmux$3874_Y [0] $flatten\u_db_coalescer.$procmux$3874_Y [0] $flatten\u_db_coalescer.$procmux$3874_Y [0] $flatten\u_db_coalescer.$procmux$3874_Y [0] $flatten\u_db_coalescer.$procmux$3874_Y [0] $flatten\u_db_coalescer.$procmux$3874_Y [0] }
    Consolidated identical input bits for $mux cell $flatten\u_sq_engine.$procmux$6468:
      Old ports: A=64'1111111111111111111111111111111111111111111111111111111111111111, B=64'0000000000000000000000000000000000000000000000000000000000000000, Y=$flatten\u_sq_engine.$0$memwr$\latch_w2$src/sq_engine.v:131$1466_EN[63:0]$1571
      New ports: A=1'1, B=1'0, Y=$flatten\u_sq_engine.$0$memwr$\latch_w2$src/sq_engine.v:131$1466_EN[63:0]$1571 [0]
      New connections: $flatten\u_sq_engine.$0$memwr$\latch_w2$src/sq_engine.v:131$1466_EN[63:0]$1571 [63:1] = { $flatten\u_sq_engine.$0$memwr$\latch_w2$src/sq_engine.v:131$1466_EN[63:0]$1571 [0] $flatten\u_sq_engine.$0$memwr$\latch_w2$src/sq_engine.v:131$1466_EN[63:0]$1571 [0] $flatten\u_sq_engine.$0$memwr$\latch_w2$src/sq_engine.v:131$1466_EN[63:0]$1571 [0] $flatten\u_sq_engine.$0$memwr$\latch_w2$src/sq_engine.v:131$1466_EN[63:0]$1571 [0] $flatten\u_sq_engine.$0$memwr$\latch_w2$src/sq_engine.v:131$1466_EN[63:0]$1571 [0] $flatten\u_sq_engine.$0$memwr$\latch_w2$src/sq_engine.v:131$1466_EN[63:0]$1571 [0] $flatten\u_sq_engine.$0$memwr$\latch_w2$src/sq_engine.v:131$1466_EN[63:0]$1571 [0] $flatten\u_sq_engine.$0$memwr$\latch_w2$src/sq_engine.v:131$1466_EN[63:0]$1571 [0] $flatten\u_sq_engine.$0$memwr$\latch_w2$src/sq_engine.v:131$1466_EN[63:0]$1571 [0] $flatten\u_sq_engine.$0$memwr$\latch_w2$src/sq_engine.v:131$1466_EN[63:0]$1571 [0] $flatten\u_sq_engine.$0$memwr$\latch_w2$src/sq_engine.v:131$1466_EN[63:0]$1571 [0] $flatten\u_sq_engine.$0$memwr$\latch_w2$src/sq_engine.v:131$1466_EN[63:0]$1571 [0] $flatten\u_sq_engine.$0$memwr$\latch_w2$src/sq_engine.v:131$1466_EN[63:0]$1571 [0] $flatten\u_sq_engine.$0$memwr$\latch_w2$src/sq_engine.v:131$1466_EN[63:0]$1571 [0] $flatten\u_sq_engine.$0$memwr$\latch_w2$src/sq_engine.v:131$1466_EN[63:0]$1571 [0] $flatten\u_sq_engine.$0$memwr$\latch_w2$src/sq_engine.v:131$1466_EN[63:0]$1571 [0] $flatten\u_sq_engine.$0$memwr$\latch_w2$src/sq_engine.v:131$1466_EN[63:0]$1571 [0] $flatten\u_sq_engine.$0$memwr$\latch_w2$src/sq_engine.v:131$1466_EN[63:0]$1571 [0] $flatten\u_sq_engine.$0$memwr$\latch_w2$src/sq_engine.v:131$1466_EN[63:0]$1571 [0] $flatten\u_sq_engine.$0$memwr$\latch_w2$src/sq_engine.v:131$1466_EN[63:0]$1571 [0] $flatten\u_sq_engine.$0$memwr$\latch_w2$src/sq_engine.v:131$1466_EN[63:0]$1571 [0] $flatten\u_sq_engine.$0$memwr$\latch_w2$src/sq_engine.v:131$1466_EN[63:0]$1571 [0] $flatten\u_sq_engine.$0$memwr$\latch_w2$src/sq_engine.v:131$1466_EN[63:0]$1571 [0] $flatten\u_sq_engine.$0$memwr$\latch_w2$src/sq_engine.v:131$1466_EN[63:0]$1571 [0] $flatten\u_sq_engine.$0$memwr$\latch_w2$src/sq_engine.v:131$1466_EN[63:0]$1571 [0] $flatten\u_sq_engine.$0$memwr$\latch_w2$src/sq_engine.v:131$1466_EN[63:0]$1571 [0] $flatten\u_sq_engine.$0$memwr$\latch_w2$src/sq_engine.v:131$1466_EN[63:0]$1571 [0] $flatten\u_sq_engine.$0$memwr$\latch_w2$src/sq_engine.v:131$1466_EN[63:0]$1571 [0] $flatten\u_sq_engine.$0$memwr$\latch_w2$src/sq_engine.v:131$1466_EN[63:0]$1571 [0] $flatten\u_sq_engine.$0$memwr$\latch_w2$src/sq_engine.v:131$1466_EN[63:0]$1571 [0] $flatten\u_sq_engine.$0$memwr$\latch_w2$src/sq_engine.v:131$1466_EN[63:0]$1571 [0] $flatten\u_sq_engine.$0$memwr$\latch_w2$src/sq_engine.v:131$1466_EN[63:0]$1571 [0] $flatten\u_sq_engine.$0$memwr$\latch_w2$src/sq_engine.v:131$1466_EN[63:0]$1571 [0] $flatten\u_sq_engine.$0$memwr$\latch_w2$src/sq_engine.v:131$1466_EN[63:0]$1571 [0] $flatten\u_sq_engine.$0$memwr$\latch_w2$src/sq_engine.v:131$1466_EN[63:0]$1571 [0] $flatten\u_sq_engine.$0$memwr$\latch_w2$src/sq_engine.v:131$1466_EN[63:0]$1571 [0] $flatten\u_sq_engine.$0$memwr$\latch_w2$src/sq_engine.v:131$1466_EN[63:0]$1571 [0] $flatten\u_sq_engine.$0$memwr$\latch_w2$src/sq_engine.v:131$1466_EN[63:0]$1571 [0] $flatten\u_sq_engine.$0$memwr$\latch_w2$src/sq_engine.v:131$1466_EN[63:0]$1571 [0] $flatten\u_sq_engine.$0$memwr$\latch_w2$src/sq_engine.v:131$1466_EN[63:0]$1571 [0] $flatten\u_sq_engine.$0$memwr$\latch_w2$src/sq_engine.v:131$1466_EN[63:0]$1571 [0] $flatten\u_sq_engine.$0$memwr$\latch_w2$src/sq_engine.v:131$1466_EN[63:0]$1571 [0] $flatten\u_sq_engine.$0$memwr$\latch_w2$src/sq_engine.v:131$1466_EN[63:0]$1571 [0] $flatten\u_sq_engine.$0$memwr$\latch_w2$src/sq_engine.v:131$1466_EN[63:0]$1571 [0] $flatten\u_sq_engine.$0$memwr$\latch_w2$src/sq_engine.v:131$1466_EN[63:0]$1571 [0] $flatten\u_sq_engine.$0$memwr$\latch_w2$src/sq_engine.v:131$1466_EN[63:0]$1571 [0] $flatten\u_sq_engine.$0$memwr$\latch_w2$src/sq_engine.v:131$1466_EN[63:0]$1571 [0] $flatten\u_sq_engine.$0$memwr$\latch_w2$src/sq_engine.v:131$1466_EN[63:0]$1571 [0] $flatten\u_sq_engine.$0$memwr$\latch_w2$src/sq_engine.v:131$1466_EN[63:0]$1571 [0] $flatten\u_sq_engine.$0$memwr$\latch_w2$src/sq_engine.v:131$1466_EN[63:0]$1571 [0] $flatten\u_sq_engine.$0$memwr$\latch_w2$src/sq_engine.v:131$1466_EN[63:0]$1571 [0] $flatten\u_sq_engine.$0$memwr$\latch_w2$src/sq_engine.v:131$1466_EN[63:0]$1571 [0] $flatten\u_sq_engine.$0$memwr$\latch_w2$src/sq_engine.v:131$1466_EN[63:0]$1571 [0] $flatten\u_sq_engine.$0$memwr$\latch_w2$src/sq_engine.v:131$1466_EN[63:0]$1571 [0] $flatten\u_sq_engine.$0$memwr$\latch_w2$src/sq_engine.v:131$1466_EN[63:0]$1571 [0] $flatten\u_sq_engine.$0$memwr$\latch_w2$src/sq_engine.v:131$1466_EN[63:0]$1571 [0] $flatten\u_sq_engine.$0$memwr$\latch_w2$src/sq_engine.v:131$1466_EN[63:0]$1571 [0] $flatten\u_sq_engine.$0$memwr$\latch_w2$src/sq_engine.v:131$1466_EN[63:0]$1571 [0] $flatten\u_sq_engine.$0$memwr$\latch_w2$src/sq_engine.v:131$1466_EN[63:0]$1571 [0] $flatten\u_sq_engine.$0$memwr$\latch_w2$src/sq_engine.v:131$1466_EN[63:0]$1571 [0] $flatten\u_sq_engine.$0$memwr$\latch_w2$src/sq_engine.v:131$1466_EN[63:0]$1571 [0] $flatten\u_sq_engine.$0$memwr$\latch_w2$src/sq_engine.v:131$1466_EN[63:0]$1571 [0] $flatten\u_sq_engine.$0$memwr$\latch_w2$src/sq_engine.v:131$1466_EN[63:0]$1571 [0] }
    Consolidated identical input bits for $mux cell $flatten\u_sq_engine.$procmux$6462:
      Old ports: A=6'111111, B=6'000000, Y=$flatten\u_sq_engine.$0$memwr$\cid_counter$src/sq_engine.v:133$1468_EN[5:0]$1573
      New ports: A=1'1, B=1'0, Y=$flatten\u_sq_engine.$0$memwr$\cid_counter$src/sq_engine.v:133$1468_EN[5:0]$1573 [0]
      New connections: $flatten\u_sq_engine.$0$memwr$\cid_counter$src/sq_engine.v:133$1468_EN[5:0]$1573 [5:1] = { $flatten\u_sq_engine.$0$memwr$\cid_counter$src/sq_engine.v:133$1468_EN[5:0]$1573 [0] $flatten\u_sq_engine.$0$memwr$\cid_counter$src/sq_engine.v:133$1468_EN[5:0]$1573 [0] $flatten\u_sq_engine.$0$memwr$\cid_counter$src/sq_engine.v:133$1468_EN[5:0]$1573 [0] $flatten\u_sq_engine.$0$memwr$\cid_counter$src/sq_engine.v:133$1468_EN[5:0]$1573 [0] $flatten\u_sq_engine.$0$memwr$\cid_counter$src/sq_engine.v:133$1468_EN[5:0]$1573 [0] }
    Consolidated identical input bits for $mux cell $flatten\u_sq_engine.$procmux$6004:
      Old ports: A=6'000000, B=6'111111, Y=$flatten\u_sq_engine.$procmux$6004_Y
      New ports: A=1'0, B=1'1, Y=$flatten\u_sq_engine.$procmux$6004_Y [0]
      New connections: $flatten\u_sq_engine.$procmux$6004_Y [5:1] = { $flatten\u_sq_engine.$procmux$6004_Y [0] $flatten\u_sq_engine.$procmux$6004_Y [0] $flatten\u_sq_engine.$procmux$6004_Y [0] $flatten\u_sq_engine.$procmux$6004_Y [0] $flatten\u_sq_engine.$procmux$6004_Y [0] }
    Consolidated identical input bits for $mux cell $flatten\u_sq_engine.$procmux$6459:
      Old ports: A=64'1111111111111111111111111111111111111111111111111111111111111111, B=64'0000000000000000000000000000000000000000000000000000000000000000, Y=$flatten\u_sq_engine.$0$memwr$\latch_w0$src/sq_engine.v:131$1469_EN[63:0]$1574
      New ports: A=1'1, B=1'0, Y=$flatten\u_sq_engine.$0$memwr$\latch_w0$src/sq_engine.v:131$1469_EN[63:0]$1574 [0]
      New connections: $flatten\u_sq_engine.$0$memwr$\latch_w0$src/sq_engine.v:131$1469_EN[63:0]$1574 [63:1] = { $flatten\u_sq_engine.$0$memwr$\latch_w0$src/sq_engine.v:131$1469_EN[63:0]$1574 [0] $flatten\u_sq_engine.$0$memwr$\latch_w0$src/sq_engine.v:131$1469_EN[63:0]$1574 [0] $flatten\u_sq_engine.$0$memwr$\latch_w0$src/sq_engine.v:131$1469_EN[63:0]$1574 [0] $flatten\u_sq_engine.$0$memwr$\latch_w0$src/sq_engine.v:131$1469_EN[63:0]$1574 [0] $flatten\u_sq_engine.$0$memwr$\latch_w0$src/sq_engine.v:131$1469_EN[63:0]$1574 [0] $flatten\u_sq_engine.$0$memwr$\latch_w0$src/sq_engine.v:131$1469_EN[63:0]$1574 [0] $flatten\u_sq_engine.$0$memwr$\latch_w0$src/sq_engine.v:131$1469_EN[63:0]$1574 [0] $flatten\u_sq_engine.$0$memwr$\latch_w0$src/sq_engine.v:131$1469_EN[63:0]$1574 [0] $flatten\u_sq_engine.$0$memwr$\latch_w0$src/sq_engine.v:131$1469_EN[63:0]$1574 [0] $flatten\u_sq_engine.$0$memwr$\latch_w0$src/sq_engine.v:131$1469_EN[63:0]$1574 [0] $flatten\u_sq_engine.$0$memwr$\latch_w0$src/sq_engine.v:131$1469_EN[63:0]$1574 [0] $flatten\u_sq_engine.$0$memwr$\latch_w0$src/sq_engine.v:131$1469_EN[63:0]$1574 [0] $flatten\u_sq_engine.$0$memwr$\latch_w0$src/sq_engine.v:131$1469_EN[63:0]$1574 [0] $flatten\u_sq_engine.$0$memwr$\latch_w0$src/sq_engine.v:131$1469_EN[63:0]$1574 [0] $flatten\u_sq_engine.$0$memwr$\latch_w0$src/sq_engine.v:131$1469_EN[63:0]$1574 [0] $flatten\u_sq_engine.$0$memwr$\latch_w0$src/sq_engine.v:131$1469_EN[63:0]$1574 [0] $flatten\u_sq_engine.$0$memwr$\latch_w0$src/sq_engine.v:131$1469_EN[63:0]$1574 [0] $flatten\u_sq_engine.$0$memwr$\latch_w0$src/sq_engine.v:131$1469_EN[63:0]$1574 [0] $flatten\u_sq_engine.$0$memwr$\latch_w0$src/sq_engine.v:131$1469_EN[63:0]$1574 [0] $flatten\u_sq_engine.$0$memwr$\latch_w0$src/sq_engine.v:131$1469_EN[63:0]$1574 [0] $flatten\u_sq_engine.$0$memwr$\latch_w0$src/sq_engine.v:131$1469_EN[63:0]$1574 [0] $flatten\u_sq_engine.$0$memwr$\latch_w0$src/sq_engine.v:131$1469_EN[63:0]$1574 [0] $flatten\u_sq_engine.$0$memwr$\latch_w0$src/sq_engine.v:131$1469_EN[63:0]$1574 [0] $flatten\u_sq_engine.$0$memwr$\latch_w0$src/sq_engine.v:131$1469_EN[63:0]$1574 [0] $flatten\u_sq_engine.$0$memwr$\latch_w0$src/sq_engine.v:131$1469_EN[63:0]$1574 [0] $flatten\u_sq_engine.$0$memwr$\latch_w0$src/sq_engine.v:131$1469_EN[63:0]$1574 [0] $flatten\u_sq_engine.$0$memwr$\latch_w0$src/sq_engine.v:131$1469_EN[63:0]$1574 [0] $flatten\u_sq_engine.$0$memwr$\latch_w0$src/sq_engine.v:131$1469_EN[63:0]$1574 [0] $flatten\u_sq_engine.$0$memwr$\latch_w0$src/sq_engine.v:131$1469_EN[63:0]$1574 [0] $flatten\u_sq_engine.$0$memwr$\latch_w0$src/sq_engine.v:131$1469_EN[63:0]$1574 [0] $flatten\u_sq_engine.$0$memwr$\latch_w0$src/sq_engine.v:131$1469_EN[63:0]$1574 [0] $flatten\u_sq_engine.$0$memwr$\latch_w0$src/sq_engine.v:131$1469_EN[63:0]$1574 [0] $flatten\u_sq_engine.$0$memwr$\latch_w0$src/sq_engine.v:131$1469_EN[63:0]$1574 [0] $flatten\u_sq_engine.$0$memwr$\latch_w0$src/sq_engine.v:131$1469_EN[63:0]$1574 [0] $flatten\u_sq_engine.$0$memwr$\latch_w0$src/sq_engine.v:131$1469_EN[63:0]$1574 [0] $flatten\u_sq_engine.$0$memwr$\latch_w0$src/sq_engine.v:131$1469_EN[63:0]$1574 [0] $flatten\u_sq_engine.$0$memwr$\latch_w0$src/sq_engine.v:131$1469_EN[63:0]$1574 [0] $flatten\u_sq_engine.$0$memwr$\latch_w0$src/sq_engine.v:131$1469_EN[63:0]$1574 [0] $flatten\u_sq_engine.$0$memwr$\latch_w0$src/sq_engine.v:131$1469_EN[63:0]$1574 [0] $flatten\u_sq_engine.$0$memwr$\latch_w0$src/sq_engine.v:131$1469_EN[63:0]$1574 [0] $flatten\u_sq_engine.$0$memwr$\latch_w0$src/sq_engine.v:131$1469_EN[63:0]$1574 [0] $flatten\u_sq_engine.$0$memwr$\latch_w0$src/sq_engine.v:131$1469_EN[63:0]$1574 [0] $flatten\u_sq_engine.$0$memwr$\latch_w0$src/sq_engine.v:131$1469_EN[63:0]$1574 [0] $flatten\u_sq_engine.$0$memwr$\latch_w0$src/sq_engine.v:131$1469_EN[63:0]$1574 [0] $flatten\u_sq_engine.$0$memwr$\latch_w0$src/sq_engine.v:131$1469_EN[63:0]$1574 [0] $flatten\u_sq_engine.$0$memwr$\latch_w0$src/sq_engine.v:131$1469_EN[63:0]$1574 [0] $flatten\u_sq_engine.$0$memwr$\latch_w0$src/sq_engine.v:131$1469_EN[63:0]$1574 [0] $flatten\u_sq_engine.$0$memwr$\latch_w0$src/sq_engine.v:131$1469_EN[63:0]$1574 [0] $flatten\u_sq_engine.$0$memwr$\latch_w0$src/sq_engine.v:131$1469_EN[63:0]$1574 [0] $flatten\u_sq_engine.$0$memwr$\latch_w0$src/sq_engine.v:131$1469_EN[63:0]$1574 [0] $flatten\u_sq_engine.$0$memwr$\latch_w0$src/sq_engine.v:131$1469_EN[63:0]$1574 [0] $flatten\u_sq_engine.$0$memwr$\latch_w0$src/sq_engine.v:131$1469_EN[63:0]$1574 [0] $flatten\u_sq_engine.$0$memwr$\latch_w0$src/sq_engine.v:131$1469_EN[63:0]$1574 [0] $flatten\u_sq_engine.$0$memwr$\latch_w0$src/sq_engine.v:131$1469_EN[63:0]$1574 [0] $flatten\u_sq_engine.$0$memwr$\latch_w0$src/sq_engine.v:131$1469_EN[63:0]$1574 [0] $flatten\u_sq_engine.$0$memwr$\latch_w0$src/sq_engine.v:131$1469_EN[63:0]$1574 [0] $flatten\u_sq_engine.$0$memwr$\latch_w0$src/sq_engine.v:131$1469_EN[63:0]$1574 [0] $flatten\u_sq_engine.$0$memwr$\latch_w0$src/sq_engine.v:131$1469_EN[63:0]$1574 [0] $flatten\u_sq_engine.$0$memwr$\latch_w0$src/sq_engine.v:131$1469_EN[63:0]$1574 [0] $flatten\u_sq_engine.$0$memwr$\latch_w0$src/sq_engine.v:131$1469_EN[63:0]$1574 [0] $flatten\u_sq_engine.$0$memwr$\latch_w0$src/sq_engine.v:131$1469_EN[63:0]$1574 [0] $flatten\u_sq_engine.$0$memwr$\latch_w0$src/sq_engine.v:131$1469_EN[63:0]$1574 [0] $flatten\u_sq_engine.$0$memwr$\latch_w0$src/sq_engine.v:131$1469_EN[63:0]$1574 [0] }
    Consolidated identical input bits for $mux cell $flatten\u_sq_engine.$procmux$6456:
      Old ports: A=64'1111111111111111111111111111111111111111111111111111111111111111, B=64'0000000000000000000000000000000000000000000000000000000000000000, Y=$flatten\u_sq_engine.$0$memwr$\latch_w1$src/sq_engine.v:131$1470_EN[63:0]$1575
      New ports: A=1'1, B=1'0, Y=$flatten\u_sq_engine.$0$memwr$\latch_w1$src/sq_engine.v:131$1470_EN[63:0]$1575 [0]
      New connections: $flatten\u_sq_engine.$0$memwr$\latch_w1$src/sq_engine.v:131$1470_EN[63:0]$1575 [63:1] = { $flatten\u_sq_engine.$0$memwr$\latch_w1$src/sq_engine.v:131$1470_EN[63:0]$1575 [0] $flatten\u_sq_engine.$0$memwr$\latch_w1$src/sq_engine.v:131$1470_EN[63:0]$1575 [0] $flatten\u_sq_engine.$0$memwr$\latch_w1$src/sq_engine.v:131$1470_EN[63:0]$1575 [0] $flatten\u_sq_engine.$0$memwr$\latch_w1$src/sq_engine.v:131$1470_EN[63:0]$1575 [0] $flatten\u_sq_engine.$0$memwr$\latch_w1$src/sq_engine.v:131$1470_EN[63:0]$1575 [0] $flatten\u_sq_engine.$0$memwr$\latch_w1$src/sq_engine.v:131$1470_EN[63:0]$1575 [0] $flatten\u_sq_engine.$0$memwr$\latch_w1$src/sq_engine.v:131$1470_EN[63:0]$1575 [0] $flatten\u_sq_engine.$0$memwr$\latch_w1$src/sq_engine.v:131$1470_EN[63:0]$1575 [0] $flatten\u_sq_engine.$0$memwr$\latch_w1$src/sq_engine.v:131$1470_EN[63:0]$1575 [0] $flatten\u_sq_engine.$0$memwr$\latch_w1$src/sq_engine.v:131$1470_EN[63:0]$1575 [0] $flatten\u_sq_engine.$0$memwr$\latch_w1$src/sq_engine.v:131$1470_EN[63:0]$1575 [0] $flatten\u_sq_engine.$0$memwr$\latch_w1$src/sq_engine.v:131$1470_EN[63:0]$1575 [0] $flatten\u_sq_engine.$0$memwr$\latch_w1$src/sq_engine.v:131$1470_EN[63:0]$1575 [0] $flatten\u_sq_engine.$0$memwr$\latch_w1$src/sq_engine.v:131$1470_EN[63:0]$1575 [0] $flatten\u_sq_engine.$0$memwr$\latch_w1$src/sq_engine.v:131$1470_EN[63:0]$1575 [0] $flatten\u_sq_engine.$0$memwr$\latch_w1$src/sq_engine.v:131$1470_EN[63:0]$1575 [0] $flatten\u_sq_engine.$0$memwr$\latch_w1$src/sq_engine.v:131$1470_EN[63:0]$1575 [0] $flatten\u_sq_engine.$0$memwr$\latch_w1$src/sq_engine.v:131$1470_EN[63:0]$1575 [0] $flatten\u_sq_engine.$0$memwr$\latch_w1$src/sq_engine.v:131$1470_EN[63:0]$1575 [0] $flatten\u_sq_engine.$0$memwr$\latch_w1$src/sq_engine.v:131$1470_EN[63:0]$1575 [0] $flatten\u_sq_engine.$0$memwr$\latch_w1$src/sq_engine.v:131$1470_EN[63:0]$1575 [0] $flatten\u_sq_engine.$0$memwr$\latch_w1$src/sq_engine.v:131$1470_EN[63:0]$1575 [0] $flatten\u_sq_engine.$0$memwr$\latch_w1$src/sq_engine.v:131$1470_EN[63:0]$1575 [0] $flatten\u_sq_engine.$0$memwr$\latch_w1$src/sq_engine.v:131$1470_EN[63:0]$1575 [0] $flatten\u_sq_engine.$0$memwr$\latch_w1$src/sq_engine.v:131$1470_EN[63:0]$1575 [0] $flatten\u_sq_engine.$0$memwr$\latch_w1$src/sq_engine.v:131$1470_EN[63:0]$1575 [0] $flatten\u_sq_engine.$0$memwr$\latch_w1$src/sq_engine.v:131$1470_EN[63:0]$1575 [0] $flatten\u_sq_engine.$0$memwr$\latch_w1$src/sq_engine.v:131$1470_EN[63:0]$1575 [0] $flatten\u_sq_engine.$0$memwr$\latch_w1$src/sq_engine.v:131$1470_EN[63:0]$1575 [0] $flatten\u_sq_engine.$0$memwr$\latch_w1$src/sq_engine.v:131$1470_EN[63:0]$1575 [0] $flatten\u_sq_engine.$0$memwr$\latch_w1$src/sq_engine.v:131$1470_EN[63:0]$1575 [0] $flatten\u_sq_engine.$0$memwr$\latch_w1$src/sq_engine.v:131$1470_EN[63:0]$1575 [0] $flatten\u_sq_engine.$0$memwr$\latch_w1$src/sq_engine.v:131$1470_EN[63:0]$1575 [0] $flatten\u_sq_engine.$0$memwr$\latch_w1$src/sq_engine.v:131$1470_EN[63:0]$1575 [0] $flatten\u_sq_engine.$0$memwr$\latch_w1$src/sq_engine.v:131$1470_EN[63:0]$1575 [0] $flatten\u_sq_engine.$0$memwr$\latch_w1$src/sq_engine.v:131$1470_EN[63:0]$1575 [0] $flatten\u_sq_engine.$0$memwr$\latch_w1$src/sq_engine.v:131$1470_EN[63:0]$1575 [0] $flatten\u_sq_engine.$0$memwr$\latch_w1$src/sq_engine.v:131$1470_EN[63:0]$1575 [0] $flatten\u_sq_engine.$0$memwr$\latch_w1$src/sq_engine.v:131$1470_EN[63:0]$1575 [0] $flatten\u_sq_engine.$0$memwr$\latch_w1$src/sq_engine.v:131$1470_EN[63:0]$1575 [0] $flatten\u_sq_engine.$0$memwr$\latch_w1$src/sq_engine.v:131$1470_EN[63:0]$1575 [0] $flatten\u_sq_engine.$0$memwr$\latch_w1$src/sq_engine.v:131$1470_EN[63:0]$1575 [0] $flatten\u_sq_engine.$0$memwr$\latch_w1$src/sq_engine.v:131$1470_EN[63:0]$1575 [0] $flatten\u_sq_engine.$0$memwr$\latch_w1$src/sq_engine.v:131$1470_EN[63:0]$1575 [0] $flatten\u_sq_engine.$0$memwr$\latch_w1$src/sq_engine.v:131$1470_EN[63:0]$1575 [0] $flatten\u_sq_engine.$0$memwr$\latch_w1$src/sq_engine.v:131$1470_EN[63:0]$1575 [0] $flatten\u_sq_engine.$0$memwr$\latch_w1$src/sq_engine.v:131$1470_EN[63:0]$1575 [0] $flatten\u_sq_engine.$0$memwr$\latch_w1$src/sq_engine.v:131$1470_EN[63:0]$1575 [0] $flatten\u_sq_engine.$0$memwr$\latch_w1$src/sq_engine.v:131$1470_EN[63:0]$1575 [0] $flatten\u_sq_engine.$0$memwr$\latch_w1$src/sq_engine.v:131$1470_EN[63:0]$1575 [0] $flatten\u_sq_engine.$0$memwr$\latch_w1$src/sq_engine.v:131$1470_EN[63:0]$1575 [0] $flatten\u_sq_engine.$0$memwr$\latch_w1$src/sq_engine.v:131$1470_EN[63:0]$1575 [0] $flatten\u_sq_engine.$0$memwr$\latch_w1$src/sq_engine.v:131$1470_EN[63:0]$1575 [0] $flatten\u_sq_engine.$0$memwr$\latch_w1$src/sq_engine.v:131$1470_EN[63:0]$1575 [0] $flatten\u_sq_engine.$0$memwr$\latch_w1$src/sq_engine.v:131$1470_EN[63:0]$1575 [0] $flatten\u_sq_engine.$0$memwr$\latch_w1$src/sq_engine.v:131$1470_EN[63:0]$1575 [0] $flatten\u_sq_engine.$0$memwr$\latch_w1$src/sq_engine.v:131$1470_EN[63:0]$1575 [0] $flatten\u_sq_engine.$0$memwr$\latch_w1$src/sq_engine.v:131$1470_EN[63:0]$1575 [0] $flatten\u_sq_engine.$0$memwr$\latch_w1$src/sq_engine.v:131$1470_EN[63:0]$1575 [0] $flatten\u_sq_engine.$0$memwr$\latch_w1$src/sq_engine.v:131$1470_EN[63:0]$1575 [0] $flatten\u_sq_engine.$0$memwr$\latch_w1$src/sq_engine.v:131$1470_EN[63:0]$1575 [0] $flatten\u_sq_engine.$0$memwr$\latch_w1$src/sq_engine.v:131$1470_EN[63:0]$1575 [0] $flatten\u_sq_engine.$0$memwr$\latch_w1$src/sq_engine.v:131$1470_EN[63:0]$1575 [0] }
    Consolidated identical input bits for $mux cell $flatten\u_sq_engine.$procmux$6453:
      Old ports: A=64'1111111111111111111111111111111111111111111111111111111111111111, B=64'0000000000000000000000000000000000000000000000000000000000000000, Y=$flatten\u_sq_engine.$0$memwr$\latch_w2$src/sq_engine.v:131$1471_EN[63:0]$1576
      New ports: A=1'1, B=1'0, Y=$flatten\u_sq_engine.$0$memwr$\latch_w2$src/sq_engine.v:131$1471_EN[63:0]$1576 [0]
      New connections: $flatten\u_sq_engine.$0$memwr$\latch_w2$src/sq_engine.v:131$1471_EN[63:0]$1576 [63:1] = { $flatten\u_sq_engine.$0$memwr$\latch_w2$src/sq_engine.v:131$1471_EN[63:0]$1576 [0] $flatten\u_sq_engine.$0$memwr$\latch_w2$src/sq_engine.v:131$1471_EN[63:0]$1576 [0] $flatten\u_sq_engine.$0$memwr$\latch_w2$src/sq_engine.v:131$1471_EN[63:0]$1576 [0] $flatten\u_sq_engine.$0$memwr$\latch_w2$src/sq_engine.v:131$1471_EN[63:0]$1576 [0] $flatten\u_sq_engine.$0$memwr$\latch_w2$src/sq_engine.v:131$1471_EN[63:0]$1576 [0] $flatten\u_sq_engine.$0$memwr$\latch_w2$src/sq_engine.v:131$1471_EN[63:0]$1576 [0] $flatten\u_sq_engine.$0$memwr$\latch_w2$src/sq_engine.v:131$1471_EN[63:0]$1576 [0] $flatten\u_sq_engine.$0$memwr$\latch_w2$src/sq_engine.v:131$1471_EN[63:0]$1576 [0] $flatten\u_sq_engine.$0$memwr$\latch_w2$src/sq_engine.v:131$1471_EN[63:0]$1576 [0] $flatten\u_sq_engine.$0$memwr$\latch_w2$src/sq_engine.v:131$1471_EN[63:0]$1576 [0] $flatten\u_sq_engine.$0$memwr$\latch_w2$src/sq_engine.v:131$1471_EN[63:0]$1576 [0] $flatten\u_sq_engine.$0$memwr$\latch_w2$src/sq_engine.v:131$1471_EN[63:0]$1576 [0] $flatten\u_sq_engine.$0$memwr$\latch_w2$src/sq_engine.v:131$1471_EN[63:0]$1576 [0] $flatten\u_sq_engine.$0$memwr$\latch_w2$src/sq_engine.v:131$1471_EN[63:0]$1576 [0] $flatten\u_sq_engine.$0$memwr$\latch_w2$src/sq_engine.v:131$1471_EN[63:0]$1576 [0] $flatten\u_sq_engine.$0$memwr$\latch_w2$src/sq_engine.v:131$1471_EN[63:0]$1576 [0] $flatten\u_sq_engine.$0$memwr$\latch_w2$src/sq_engine.v:131$1471_EN[63:0]$1576 [0] $flatten\u_sq_engine.$0$memwr$\latch_w2$src/sq_engine.v:131$1471_EN[63:0]$1576 [0] $flatten\u_sq_engine.$0$memwr$\latch_w2$src/sq_engine.v:131$1471_EN[63:0]$1576 [0] $flatten\u_sq_engine.$0$memwr$\latch_w2$src/sq_engine.v:131$1471_EN[63:0]$1576 [0] $flatten\u_sq_engine.$0$memwr$\latch_w2$src/sq_engine.v:131$1471_EN[63:0]$1576 [0] $flatten\u_sq_engine.$0$memwr$\latch_w2$src/sq_engine.v:131$1471_EN[63:0]$1576 [0] $flatten\u_sq_engine.$0$memwr$\latch_w2$src/sq_engine.v:131$1471_EN[63:0]$1576 [0] $flatten\u_sq_engine.$0$memwr$\latch_w2$src/sq_engine.v:131$1471_EN[63:0]$1576 [0] $flatten\u_sq_engine.$0$memwr$\latch_w2$src/sq_engine.v:131$1471_EN[63:0]$1576 [0] $flatten\u_sq_engine.$0$memwr$\latch_w2$src/sq_engine.v:131$1471_EN[63:0]$1576 [0] $flatten\u_sq_engine.$0$memwr$\latch_w2$src/sq_engine.v:131$1471_EN[63:0]$1576 [0] $flatten\u_sq_engine.$0$memwr$\latch_w2$src/sq_engine.v:131$1471_EN[63:0]$1576 [0] $flatten\u_sq_engine.$0$memwr$\latch_w2$src/sq_engine.v:131$1471_EN[63:0]$1576 [0] $flatten\u_sq_engine.$0$memwr$\latch_w2$src/sq_engine.v:131$1471_EN[63:0]$1576 [0] $flatten\u_sq_engine.$0$memwr$\latch_w2$src/sq_engine.v:131$1471_EN[63:0]$1576 [0] $flatten\u_sq_engine.$0$memwr$\latch_w2$src/sq_engine.v:131$1471_EN[63:0]$1576 [0] $flatten\u_sq_engine.$0$memwr$\latch_w2$src/sq_engine.v:131$1471_EN[63:0]$1576 [0] $flatten\u_sq_engine.$0$memwr$\latch_w2$src/sq_engine.v:131$1471_EN[63:0]$1576 [0] $flatten\u_sq_engine.$0$memwr$\latch_w2$src/sq_engine.v:131$1471_EN[63:0]$1576 [0] $flatten\u_sq_engine.$0$memwr$\latch_w2$src/sq_engine.v:131$1471_EN[63:0]$1576 [0] $flatten\u_sq_engine.$0$memwr$\latch_w2$src/sq_engine.v:131$1471_EN[63:0]$1576 [0] $flatten\u_sq_engine.$0$memwr$\latch_w2$src/sq_engine.v:131$1471_EN[63:0]$1576 [0] $flatten\u_sq_engine.$0$memwr$\latch_w2$src/sq_engine.v:131$1471_EN[63:0]$1576 [0] $flatten\u_sq_engine.$0$memwr$\latch_w2$src/sq_engine.v:131$1471_EN[63:0]$1576 [0] $flatten\u_sq_engine.$0$memwr$\latch_w2$src/sq_engine.v:131$1471_EN[63:0]$1576 [0] $flatten\u_sq_engine.$0$memwr$\latch_w2$src/sq_engine.v:131$1471_EN[63:0]$1576 [0] $flatten\u_sq_engine.$0$memwr$\latch_w2$src/sq_engine.v:131$1471_EN[63:0]$1576 [0] $flatten\u_sq_engine.$0$memwr$\latch_w2$src/sq_engine.v:131$1471_EN[63:0]$1576 [0] $flatten\u_sq_engine.$0$memwr$\latch_w2$src/sq_engine.v:131$1471_EN[63:0]$1576 [0] $flatten\u_sq_engine.$0$memwr$\latch_w2$src/sq_engine.v:131$1471_EN[63:0]$1576 [0] $flatten\u_sq_engine.$0$memwr$\latch_w2$src/sq_engine.v:131$1471_EN[63:0]$1576 [0] $flatten\u_sq_engine.$0$memwr$\latch_w2$src/sq_engine.v:131$1471_EN[63:0]$1576 [0] $flatten\u_sq_engine.$0$memwr$\latch_w2$src/sq_engine.v:131$1471_EN[63:0]$1576 [0] $flatten\u_sq_engine.$0$memwr$\latch_w2$src/sq_engine.v:131$1471_EN[63:0]$1576 [0] $flatten\u_sq_engine.$0$memwr$\latch_w2$src/sq_engine.v:131$1471_EN[63:0]$1576 [0] $flatten\u_sq_engine.$0$memwr$\latch_w2$src/sq_engine.v:131$1471_EN[63:0]$1576 [0] $flatten\u_sq_engine.$0$memwr$\latch_w2$src/sq_engine.v:131$1471_EN[63:0]$1576 [0] $flatten\u_sq_engine.$0$memwr$\latch_w2$src/sq_engine.v:131$1471_EN[63:0]$1576 [0] $flatten\u_sq_engine.$0$memwr$\latch_w2$src/sq_engine.v:131$1471_EN[63:0]$1576 [0] $flatten\u_sq_engine.$0$memwr$\latch_w2$src/sq_engine.v:131$1471_EN[63:0]$1576 [0] $flatten\u_sq_engine.$0$memwr$\latch_w2$src/sq_engine.v:131$1471_EN[63:0]$1576 [0] $flatten\u_sq_engine.$0$memwr$\latch_w2$src/sq_engine.v:131$1471_EN[63:0]$1576 [0] $flatten\u_sq_engine.$0$memwr$\latch_w2$src/sq_engine.v:131$1471_EN[63:0]$1576 [0] $flatten\u_sq_engine.$0$memwr$\latch_w2$src/sq_engine.v:131$1471_EN[63:0]$1576 [0] $flatten\u_sq_engine.$0$memwr$\latch_w2$src/sq_engine.v:131$1471_EN[63:0]$1576 [0] $flatten\u_sq_engine.$0$memwr$\latch_w2$src/sq_engine.v:131$1471_EN[63:0]$1576 [0] $flatten\u_sq_engine.$0$memwr$\latch_w2$src/sq_engine.v:131$1471_EN[63:0]$1576 [0] }
    Consolidated identical input bits for $mux cell $flatten\u_db_coalescer.$procmux$3995:
      Old ports: A=3'000, B=3'111, Y=$flatten\u_db_coalescer.$procmux$3995_Y
      New ports: A=1'0, B=1'1, Y=$flatten\u_db_coalescer.$procmux$3995_Y [0]
      New connections: $flatten\u_db_coalescer.$procmux$3995_Y [2:1] = { $flatten\u_db_coalescer.$procmux$3995_Y [0] $flatten\u_db_coalescer.$procmux$3995_Y [0] }
    Consolidated identical input bits for $mux cell $flatten\u_sq_engine.$procmux$6447:
      Old ports: A=6'111111, B=6'000000, Y=$flatten\u_sq_engine.$0$memwr$\cid_counter$src/sq_engine.v:133$1473_EN[5:0]$1578
      New ports: A=1'1, B=1'0, Y=$flatten\u_sq_engine.$0$memwr$\cid_counter$src/sq_engine.v:133$1473_EN[5:0]$1578 [0]
      New connections: $flatten\u_sq_engine.$0$memwr$\cid_counter$src/sq_engine.v:133$1473_EN[5:0]$1578 [5:1] = { $flatten\u_sq_engine.$0$memwr$\cid_counter$src/sq_engine.v:133$1473_EN[5:0]$1578 [0] $flatten\u_sq_engine.$0$memwr$\cid_counter$src/sq_engine.v:133$1473_EN[5:0]$1578 [0] $flatten\u_sq_engine.$0$memwr$\cid_counter$src/sq_engine.v:133$1473_EN[5:0]$1578 [0] $flatten\u_sq_engine.$0$memwr$\cid_counter$src/sq_engine.v:133$1473_EN[5:0]$1578 [0] $flatten\u_sq_engine.$0$memwr$\cid_counter$src/sq_engine.v:133$1473_EN[5:0]$1578 [0] }
    Consolidated identical input bits for $mux cell $flatten\u_db_coalescer.$procmux$4038:
      Old ports: A=3'111, B=3'000, Y=$flatten\u_db_coalescer.$0$memwr$\db_count$src/db_coalescer.v:94$2406_EN[2:0]$2611
      New ports: A=1'1, B=1'0, Y=$flatten\u_db_coalescer.$0$memwr$\db_count$src/db_coalescer.v:94$2406_EN[2:0]$2611 [0]
      New connections: $flatten\u_db_coalescer.$0$memwr$\db_count$src/db_coalescer.v:94$2406_EN[2:0]$2611 [2:1] = { $flatten\u_db_coalescer.$0$memwr$\db_count$src/db_coalescer.v:94$2406_EN[2:0]$2611 [0] $flatten\u_db_coalescer.$0$memwr$\db_count$src/db_coalescer.v:94$2406_EN[2:0]$2611 [0] }
    Consolidated identical input bits for $mux cell $flatten\u_db_coalescer.$procmux$4044:
      Old ports: A=16'1111111111111111, B=16'0000000000000000, Y=$flatten\u_db_coalescer.$0$memwr$\latest_tail$src/db_coalescer.v:92$2404_EN[15:0]$2609
      New ports: A=1'1, B=1'0, Y=$flatten\u_db_coalescer.$0$memwr$\latest_tail$src/db_coalescer.v:92$2404_EN[15:0]$2609 [0]
      New connections: $flatten\u_db_coalescer.$0$memwr$\latest_tail$src/db_coalescer.v:92$2404_EN[15:0]$2609 [15:1] = { $flatten\u_db_coalescer.$0$memwr$\latest_tail$src/db_coalescer.v:92$2404_EN[15:0]$2609 [0] $flatten\u_db_coalescer.$0$memwr$\latest_tail$src/db_coalescer.v:92$2404_EN[15:0]$2609 [0] $flatten\u_db_coalescer.$0$memwr$\latest_tail$src/db_coalescer.v:92$2404_EN[15:0]$2609 [0] $flatten\u_db_coalescer.$0$memwr$\latest_tail$src/db_coalescer.v:92$2404_EN[15:0]$2609 [0] $flatten\u_db_coalescer.$0$memwr$\latest_tail$src/db_coalescer.v:92$2404_EN[15:0]$2609 [0] $flatten\u_db_coalescer.$0$memwr$\latest_tail$src/db_coalescer.v:92$2404_EN[15:0]$2609 [0] $flatten\u_db_coalescer.$0$memwr$\latest_tail$src/db_coalescer.v:92$2404_EN[15:0]$2609 [0] $flatten\u_db_coalescer.$0$memwr$\latest_tail$src/db_coalescer.v:92$2404_EN[15:0]$2609 [0] $flatten\u_db_coalescer.$0$memwr$\latest_tail$src/db_coalescer.v:92$2404_EN[15:0]$2609 [0] $flatten\u_db_coalescer.$0$memwr$\latest_tail$src/db_coalescer.v:92$2404_EN[15:0]$2609 [0] $flatten\u_db_coalescer.$0$memwr$\latest_tail$src/db_coalescer.v:92$2404_EN[15:0]$2609 [0] $flatten\u_db_coalescer.$0$memwr$\latest_tail$src/db_coalescer.v:92$2404_EN[15:0]$2609 [0] $flatten\u_db_coalescer.$0$memwr$\latest_tail$src/db_coalescer.v:92$2404_EN[15:0]$2609 [0] $flatten\u_db_coalescer.$0$memwr$\latest_tail$src/db_coalescer.v:92$2404_EN[15:0]$2609 [0] $flatten\u_db_coalescer.$0$memwr$\latest_tail$src/db_coalescer.v:92$2404_EN[15:0]$2609 [0] }
    Consolidated identical input bits for $mux cell $flatten\u_db_coalescer.$procmux$4047:
      Old ports: A=3'111, B=3'000, Y=$flatten\u_db_coalescer.$0$memwr$\db_count$src/db_coalescer.v:94$2403_EN[2:0]$2608
      New ports: A=1'1, B=1'0, Y=$flatten\u_db_coalescer.$0$memwr$\db_count$src/db_coalescer.v:94$2403_EN[2:0]$2608 [0]
      New connections: $flatten\u_db_coalescer.$0$memwr$\db_count$src/db_coalescer.v:94$2403_EN[2:0]$2608 [2:1] = { $flatten\u_db_coalescer.$0$memwr$\db_count$src/db_coalescer.v:94$2403_EN[2:0]$2608 [0] $flatten\u_db_coalescer.$0$memwr$\db_count$src/db_coalescer.v:94$2403_EN[2:0]$2608 [0] }
    Consolidated identical input bits for $mux cell $flatten\u_db_coalescer.$procmux$4053:
      Old ports: A=16'1111111111111111, B=16'0000000000000000, Y=$flatten\u_db_coalescer.$0$memwr$\latest_tail$src/db_coalescer.v:92$2401_EN[15:0]$2606
      New ports: A=1'1, B=1'0, Y=$flatten\u_db_coalescer.$0$memwr$\latest_tail$src/db_coalescer.v:92$2401_EN[15:0]$2606 [0]
      New connections: $flatten\u_db_coalescer.$0$memwr$\latest_tail$src/db_coalescer.v:92$2401_EN[15:0]$2606 [15:1] = { $flatten\u_db_coalescer.$0$memwr$\latest_tail$src/db_coalescer.v:92$2401_EN[15:0]$2606 [0] $flatten\u_db_coalescer.$0$memwr$\latest_tail$src/db_coalescer.v:92$2401_EN[15:0]$2606 [0] $flatten\u_db_coalescer.$0$memwr$\latest_tail$src/db_coalescer.v:92$2401_EN[15:0]$2606 [0] $flatten\u_db_coalescer.$0$memwr$\latest_tail$src/db_coalescer.v:92$2401_EN[15:0]$2606 [0] $flatten\u_db_coalescer.$0$memwr$\latest_tail$src/db_coalescer.v:92$2401_EN[15:0]$2606 [0] $flatten\u_db_coalescer.$0$memwr$\latest_tail$src/db_coalescer.v:92$2401_EN[15:0]$2606 [0] $flatten\u_db_coalescer.$0$memwr$\latest_tail$src/db_coalescer.v:92$2401_EN[15:0]$2606 [0] $flatten\u_db_coalescer.$0$memwr$\latest_tail$src/db_coalescer.v:92$2401_EN[15:0]$2606 [0] $flatten\u_db_coalescer.$0$memwr$\latest_tail$src/db_coalescer.v:92$2401_EN[15:0]$2606 [0] $flatten\u_db_coalescer.$0$memwr$\latest_tail$src/db_coalescer.v:92$2401_EN[15:0]$2606 [0] $flatten\u_db_coalescer.$0$memwr$\latest_tail$src/db_coalescer.v:92$2401_EN[15:0]$2606 [0] $flatten\u_db_coalescer.$0$memwr$\latest_tail$src/db_coalescer.v:92$2401_EN[15:0]$2606 [0] $flatten\u_db_coalescer.$0$memwr$\latest_tail$src/db_coalescer.v:92$2401_EN[15:0]$2606 [0] $flatten\u_db_coalescer.$0$memwr$\latest_tail$src/db_coalescer.v:92$2401_EN[15:0]$2606 [0] $flatten\u_db_coalescer.$0$memwr$\latest_tail$src/db_coalescer.v:92$2401_EN[15:0]$2606 [0] }
    Consolidated identical input bits for $mux cell $flatten\u_db_coalescer.$procmux$4056:
      Old ports: A=3'111, B=3'000, Y=$flatten\u_db_coalescer.$0$memwr$\db_count$src/db_coalescer.v:94$2400_EN[2:0]$2605
      New ports: A=1'1, B=1'0, Y=$flatten\u_db_coalescer.$0$memwr$\db_count$src/db_coalescer.v:94$2400_EN[2:0]$2605 [0]
      New connections: $flatten\u_db_coalescer.$0$memwr$\db_count$src/db_coalescer.v:94$2400_EN[2:0]$2605 [2:1] = { $flatten\u_db_coalescer.$0$memwr$\db_count$src/db_coalescer.v:94$2400_EN[2:0]$2605 [0] $flatten\u_db_coalescer.$0$memwr$\db_count$src/db_coalescer.v:94$2400_EN[2:0]$2605 [0] }
    Consolidated identical input bits for $mux cell $flatten\u_db_coalescer.$procmux$4062:
      Old ports: A=16'1111111111111111, B=16'0000000000000000, Y=$flatten\u_db_coalescer.$0$memwr$\latest_tail$src/db_coalescer.v:92$2398_EN[15:0]$2603
      New ports: A=1'1, B=1'0, Y=$flatten\u_db_coalescer.$0$memwr$\latest_tail$src/db_coalescer.v:92$2398_EN[15:0]$2603 [0]
      New connections: $flatten\u_db_coalescer.$0$memwr$\latest_tail$src/db_coalescer.v:92$2398_EN[15:0]$2603 [15:1] = { $flatten\u_db_coalescer.$0$memwr$\latest_tail$src/db_coalescer.v:92$2398_EN[15:0]$2603 [0] $flatten\u_db_coalescer.$0$memwr$\latest_tail$src/db_coalescer.v:92$2398_EN[15:0]$2603 [0] $flatten\u_db_coalescer.$0$memwr$\latest_tail$src/db_coalescer.v:92$2398_EN[15:0]$2603 [0] $flatten\u_db_coalescer.$0$memwr$\latest_tail$src/db_coalescer.v:92$2398_EN[15:0]$2603 [0] $flatten\u_db_coalescer.$0$memwr$\latest_tail$src/db_coalescer.v:92$2398_EN[15:0]$2603 [0] $flatten\u_db_coalescer.$0$memwr$\latest_tail$src/db_coalescer.v:92$2398_EN[15:0]$2603 [0] $flatten\u_db_coalescer.$0$memwr$\latest_tail$src/db_coalescer.v:92$2398_EN[15:0]$2603 [0] $flatten\u_db_coalescer.$0$memwr$\latest_tail$src/db_coalescer.v:92$2398_EN[15:0]$2603 [0] $flatten\u_db_coalescer.$0$memwr$\latest_tail$src/db_coalescer.v:92$2398_EN[15:0]$2603 [0] $flatten\u_db_coalescer.$0$memwr$\latest_tail$src/db_coalescer.v:92$2398_EN[15:0]$2603 [0] $flatten\u_db_coalescer.$0$memwr$\latest_tail$src/db_coalescer.v:92$2398_EN[15:0]$2603 [0] $flatten\u_db_coalescer.$0$memwr$\latest_tail$src/db_coalescer.v:92$2398_EN[15:0]$2603 [0] $flatten\u_db_coalescer.$0$memwr$\latest_tail$src/db_coalescer.v:92$2398_EN[15:0]$2603 [0] $flatten\u_db_coalescer.$0$memwr$\latest_tail$src/db_coalescer.v:92$2398_EN[15:0]$2603 [0] $flatten\u_db_coalescer.$0$memwr$\latest_tail$src/db_coalescer.v:92$2398_EN[15:0]$2603 [0] }
    Consolidated identical input bits for $mux cell $flatten\u_db_coalescer.$procmux$4065:
      Old ports: A=3'111, B=3'000, Y=$flatten\u_db_coalescer.$0$memwr$\db_count$src/db_coalescer.v:94$2397_EN[2:0]$2602
      New ports: A=1'1, B=1'0, Y=$flatten\u_db_coalescer.$0$memwr$\db_count$src/db_coalescer.v:94$2397_EN[2:0]$2602 [0]
      New connections: $flatten\u_db_coalescer.$0$memwr$\db_count$src/db_coalescer.v:94$2397_EN[2:0]$2602 [2:1] = { $flatten\u_db_coalescer.$0$memwr$\db_count$src/db_coalescer.v:94$2397_EN[2:0]$2602 [0] $flatten\u_db_coalescer.$0$memwr$\db_count$src/db_coalescer.v:94$2397_EN[2:0]$2602 [0] }
    Consolidated identical input bits for $mux cell $flatten\u_db_coalescer.$procmux$4071:
      Old ports: A=16'1111111111111111, B=16'0000000000000000, Y=$flatten\u_db_coalescer.$0$memwr$\latest_tail$src/db_coalescer.v:92$2395_EN[15:0]$2600
      New ports: A=1'1, B=1'0, Y=$flatten\u_db_coalescer.$0$memwr$\latest_tail$src/db_coalescer.v:92$2395_EN[15:0]$2600 [0]
      New connections: $flatten\u_db_coalescer.$0$memwr$\latest_tail$src/db_coalescer.v:92$2395_EN[15:0]$2600 [15:1] = { $flatten\u_db_coalescer.$0$memwr$\latest_tail$src/db_coalescer.v:92$2395_EN[15:0]$2600 [0] $flatten\u_db_coalescer.$0$memwr$\latest_tail$src/db_coalescer.v:92$2395_EN[15:0]$2600 [0] $flatten\u_db_coalescer.$0$memwr$\latest_tail$src/db_coalescer.v:92$2395_EN[15:0]$2600 [0] $flatten\u_db_coalescer.$0$memwr$\latest_tail$src/db_coalescer.v:92$2395_EN[15:0]$2600 [0] $flatten\u_db_coalescer.$0$memwr$\latest_tail$src/db_coalescer.v:92$2395_EN[15:0]$2600 [0] $flatten\u_db_coalescer.$0$memwr$\latest_tail$src/db_coalescer.v:92$2395_EN[15:0]$2600 [0] $flatten\u_db_coalescer.$0$memwr$\latest_tail$src/db_coalescer.v:92$2395_EN[15:0]$2600 [0] $flatten\u_db_coalescer.$0$memwr$\latest_tail$src/db_coalescer.v:92$2395_EN[15:0]$2600 [0] $flatten\u_db_coalescer.$0$memwr$\latest_tail$src/db_coalescer.v:92$2395_EN[15:0]$2600 [0] $flatten\u_db_coalescer.$0$memwr$\latest_tail$src/db_coalescer.v:92$2395_EN[15:0]$2600 [0] $flatten\u_db_coalescer.$0$memwr$\latest_tail$src/db_coalescer.v:92$2395_EN[15:0]$2600 [0] $flatten\u_db_coalescer.$0$memwr$\latest_tail$src/db_coalescer.v:92$2395_EN[15:0]$2600 [0] $flatten\u_db_coalescer.$0$memwr$\latest_tail$src/db_coalescer.v:92$2395_EN[15:0]$2600 [0] $flatten\u_db_coalescer.$0$memwr$\latest_tail$src/db_coalescer.v:92$2395_EN[15:0]$2600 [0] $flatten\u_db_coalescer.$0$memwr$\latest_tail$src/db_coalescer.v:92$2395_EN[15:0]$2600 [0] }
    Consolidated identical input bits for $mux cell $flatten\u_db_coalescer.$procmux$4074:
      Old ports: A=3'111, B=3'000, Y=$flatten\u_db_coalescer.$0$memwr$\db_count$src/db_coalescer.v:94$2394_EN[2:0]$2599
      New ports: A=1'1, B=1'0, Y=$flatten\u_db_coalescer.$0$memwr$\db_count$src/db_coalescer.v:94$2394_EN[2:0]$2599 [0]
      New connections: $flatten\u_db_coalescer.$0$memwr$\db_count$src/db_coalescer.v:94$2394_EN[2:0]$2599 [2:1] = { $flatten\u_db_coalescer.$0$memwr$\db_count$src/db_coalescer.v:94$2394_EN[2:0]$2599 [0] $flatten\u_db_coalescer.$0$memwr$\db_count$src/db_coalescer.v:94$2394_EN[2:0]$2599 [0] }
    Consolidated identical input bits for $mux cell $flatten\u_db_coalescer.$procmux$4080:
      Old ports: A=16'1111111111111111, B=16'0000000000000000, Y=$flatten\u_db_coalescer.$0$memwr$\latest_tail$src/db_coalescer.v:92$2392_EN[15:0]$2597
      New ports: A=1'1, B=1'0, Y=$flatten\u_db_coalescer.$0$memwr$\latest_tail$src/db_coalescer.v:92$2392_EN[15:0]$2597 [0]
      New connections: $flatten\u_db_coalescer.$0$memwr$\latest_tail$src/db_coalescer.v:92$2392_EN[15:0]$2597 [15:1] = { $flatten\u_db_coalescer.$0$memwr$\latest_tail$src/db_coalescer.v:92$2392_EN[15:0]$2597 [0] $flatten\u_db_coalescer.$0$memwr$\latest_tail$src/db_coalescer.v:92$2392_EN[15:0]$2597 [0] $flatten\u_db_coalescer.$0$memwr$\latest_tail$src/db_coalescer.v:92$2392_EN[15:0]$2597 [0] $flatten\u_db_coalescer.$0$memwr$\latest_tail$src/db_coalescer.v:92$2392_EN[15:0]$2597 [0] $flatten\u_db_coalescer.$0$memwr$\latest_tail$src/db_coalescer.v:92$2392_EN[15:0]$2597 [0] $flatten\u_db_coalescer.$0$memwr$\latest_tail$src/db_coalescer.v:92$2392_EN[15:0]$2597 [0] $flatten\u_db_coalescer.$0$memwr$\latest_tail$src/db_coalescer.v:92$2392_EN[15:0]$2597 [0] $flatten\u_db_coalescer.$0$memwr$\latest_tail$src/db_coalescer.v:92$2392_EN[15:0]$2597 [0] $flatten\u_db_coalescer.$0$memwr$\latest_tail$src/db_coalescer.v:92$2392_EN[15:0]$2597 [0] $flatten\u_db_coalescer.$0$memwr$\latest_tail$src/db_coalescer.v:92$2392_EN[15:0]$2597 [0] $flatten\u_db_coalescer.$0$memwr$\latest_tail$src/db_coalescer.v:92$2392_EN[15:0]$2597 [0] $flatten\u_db_coalescer.$0$memwr$\latest_tail$src/db_coalescer.v:92$2392_EN[15:0]$2597 [0] $flatten\u_db_coalescer.$0$memwr$\latest_tail$src/db_coalescer.v:92$2392_EN[15:0]$2597 [0] $flatten\u_db_coalescer.$0$memwr$\latest_tail$src/db_coalescer.v:92$2392_EN[15:0]$2597 [0] $flatten\u_db_coalescer.$0$memwr$\latest_tail$src/db_coalescer.v:92$2392_EN[15:0]$2597 [0] }
    Consolidated identical input bits for $mux cell $flatten\u_db_coalescer.$procmux$4083:
      Old ports: A=3'111, B=3'000, Y=$flatten\u_db_coalescer.$0$memwr$\db_count$src/db_coalescer.v:94$2391_EN[2:0]$2596
      New ports: A=1'1, B=1'0, Y=$flatten\u_db_coalescer.$0$memwr$\db_count$src/db_coalescer.v:94$2391_EN[2:0]$2596 [0]
      New connections: $flatten\u_db_coalescer.$0$memwr$\db_count$src/db_coalescer.v:94$2391_EN[2:0]$2596 [2:1] = { $flatten\u_db_coalescer.$0$memwr$\db_count$src/db_coalescer.v:94$2391_EN[2:0]$2596 [0] $flatten\u_db_coalescer.$0$memwr$\db_count$src/db_coalescer.v:94$2391_EN[2:0]$2596 [0] }
    Consolidated identical input bits for $mux cell $flatten\u_db_coalescer.$procmux$4089:
      Old ports: A=16'1111111111111111, B=16'0000000000000000, Y=$flatten\u_db_coalescer.$0$memwr$\latest_tail$src/db_coalescer.v:92$2389_EN[15:0]$2594
      New ports: A=1'1, B=1'0, Y=$flatten\u_db_coalescer.$0$memwr$\latest_tail$src/db_coalescer.v:92$2389_EN[15:0]$2594 [0]
      New connections: $flatten\u_db_coalescer.$0$memwr$\latest_tail$src/db_coalescer.v:92$2389_EN[15:0]$2594 [15:1] = { $flatten\u_db_coalescer.$0$memwr$\latest_tail$src/db_coalescer.v:92$2389_EN[15:0]$2594 [0] $flatten\u_db_coalescer.$0$memwr$\latest_tail$src/db_coalescer.v:92$2389_EN[15:0]$2594 [0] $flatten\u_db_coalescer.$0$memwr$\latest_tail$src/db_coalescer.v:92$2389_EN[15:0]$2594 [0] $flatten\u_db_coalescer.$0$memwr$\latest_tail$src/db_coalescer.v:92$2389_EN[15:0]$2594 [0] $flatten\u_db_coalescer.$0$memwr$\latest_tail$src/db_coalescer.v:92$2389_EN[15:0]$2594 [0] $flatten\u_db_coalescer.$0$memwr$\latest_tail$src/db_coalescer.v:92$2389_EN[15:0]$2594 [0] $flatten\u_db_coalescer.$0$memwr$\latest_tail$src/db_coalescer.v:92$2389_EN[15:0]$2594 [0] $flatten\u_db_coalescer.$0$memwr$\latest_tail$src/db_coalescer.v:92$2389_EN[15:0]$2594 [0] $flatten\u_db_coalescer.$0$memwr$\latest_tail$src/db_coalescer.v:92$2389_EN[15:0]$2594 [0] $flatten\u_db_coalescer.$0$memwr$\latest_tail$src/db_coalescer.v:92$2389_EN[15:0]$2594 [0] $flatten\u_db_coalescer.$0$memwr$\latest_tail$src/db_coalescer.v:92$2389_EN[15:0]$2594 [0] $flatten\u_db_coalescer.$0$memwr$\latest_tail$src/db_coalescer.v:92$2389_EN[15:0]$2594 [0] $flatten\u_db_coalescer.$0$memwr$\latest_tail$src/db_coalescer.v:92$2389_EN[15:0]$2594 [0] $flatten\u_db_coalescer.$0$memwr$\latest_tail$src/db_coalescer.v:92$2389_EN[15:0]$2594 [0] $flatten\u_db_coalescer.$0$memwr$\latest_tail$src/db_coalescer.v:92$2389_EN[15:0]$2594 [0] }
    Consolidated identical input bits for $mux cell $flatten\u_db_coalescer.$procmux$4092:
      Old ports: A=3'111, B=3'000, Y=$flatten\u_db_coalescer.$0$memwr$\db_count$src/db_coalescer.v:94$2388_EN[2:0]$2593
      New ports: A=1'1, B=1'0, Y=$flatten\u_db_coalescer.$0$memwr$\db_count$src/db_coalescer.v:94$2388_EN[2:0]$2593 [0]
      New connections: $flatten\u_db_coalescer.$0$memwr$\db_count$src/db_coalescer.v:94$2388_EN[2:0]$2593 [2:1] = { $flatten\u_db_coalescer.$0$memwr$\db_count$src/db_coalescer.v:94$2388_EN[2:0]$2593 [0] $flatten\u_db_coalescer.$0$memwr$\db_count$src/db_coalescer.v:94$2388_EN[2:0]$2593 [0] }
    Consolidated identical input bits for $mux cell $flatten\u_db_coalescer.$procmux$4098:
      Old ports: A=16'1111111111111111, B=16'0000000000000000, Y=$flatten\u_db_coalescer.$0$memwr$\latest_tail$src/db_coalescer.v:92$2386_EN[15:0]$2591
      New ports: A=1'1, B=1'0, Y=$flatten\u_db_coalescer.$0$memwr$\latest_tail$src/db_coalescer.v:92$2386_EN[15:0]$2591 [0]
      New connections: $flatten\u_db_coalescer.$0$memwr$\latest_tail$src/db_coalescer.v:92$2386_EN[15:0]$2591 [15:1] = { $flatten\u_db_coalescer.$0$memwr$\latest_tail$src/db_coalescer.v:92$2386_EN[15:0]$2591 [0] $flatten\u_db_coalescer.$0$memwr$\latest_tail$src/db_coalescer.v:92$2386_EN[15:0]$2591 [0] $flatten\u_db_coalescer.$0$memwr$\latest_tail$src/db_coalescer.v:92$2386_EN[15:0]$2591 [0] $flatten\u_db_coalescer.$0$memwr$\latest_tail$src/db_coalescer.v:92$2386_EN[15:0]$2591 [0] $flatten\u_db_coalescer.$0$memwr$\latest_tail$src/db_coalescer.v:92$2386_EN[15:0]$2591 [0] $flatten\u_db_coalescer.$0$memwr$\latest_tail$src/db_coalescer.v:92$2386_EN[15:0]$2591 [0] $flatten\u_db_coalescer.$0$memwr$\latest_tail$src/db_coalescer.v:92$2386_EN[15:0]$2591 [0] $flatten\u_db_coalescer.$0$memwr$\latest_tail$src/db_coalescer.v:92$2386_EN[15:0]$2591 [0] $flatten\u_db_coalescer.$0$memwr$\latest_tail$src/db_coalescer.v:92$2386_EN[15:0]$2591 [0] $flatten\u_db_coalescer.$0$memwr$\latest_tail$src/db_coalescer.v:92$2386_EN[15:0]$2591 [0] $flatten\u_db_coalescer.$0$memwr$\latest_tail$src/db_coalescer.v:92$2386_EN[15:0]$2591 [0] $flatten\u_db_coalescer.$0$memwr$\latest_tail$src/db_coalescer.v:92$2386_EN[15:0]$2591 [0] $flatten\u_db_coalescer.$0$memwr$\latest_tail$src/db_coalescer.v:92$2386_EN[15:0]$2591 [0] $flatten\u_db_coalescer.$0$memwr$\latest_tail$src/db_coalescer.v:92$2386_EN[15:0]$2591 [0] $flatten\u_db_coalescer.$0$memwr$\latest_tail$src/db_coalescer.v:92$2386_EN[15:0]$2591 [0] }
    Consolidated identical input bits for $mux cell $flatten\u_db_coalescer.$procmux$4101:
      Old ports: A=3'111, B=3'000, Y=$flatten\u_db_coalescer.$0$memwr$\db_count$src/db_coalescer.v:94$2385_EN[2:0]$2590
      New ports: A=1'1, B=1'0, Y=$flatten\u_db_coalescer.$0$memwr$\db_count$src/db_coalescer.v:94$2385_EN[2:0]$2590 [0]
      New connections: $flatten\u_db_coalescer.$0$memwr$\db_count$src/db_coalescer.v:94$2385_EN[2:0]$2590 [2:1] = { $flatten\u_db_coalescer.$0$memwr$\db_count$src/db_coalescer.v:94$2385_EN[2:0]$2590 [0] $flatten\u_db_coalescer.$0$memwr$\db_count$src/db_coalescer.v:94$2385_EN[2:0]$2590 [0] }
    Consolidated identical input bits for $mux cell $flatten\u_db_coalescer.$procmux$4107:
      Old ports: A=16'1111111111111111, B=16'0000000000000000, Y=$flatten\u_db_coalescer.$0$memwr$\latest_tail$src/db_coalescer.v:92$2383_EN[15:0]$2588
      New ports: A=1'1, B=1'0, Y=$flatten\u_db_coalescer.$0$memwr$\latest_tail$src/db_coalescer.v:92$2383_EN[15:0]$2588 [0]
      New connections: $flatten\u_db_coalescer.$0$memwr$\latest_tail$src/db_coalescer.v:92$2383_EN[15:0]$2588 [15:1] = { $flatten\u_db_coalescer.$0$memwr$\latest_tail$src/db_coalescer.v:92$2383_EN[15:0]$2588 [0] $flatten\u_db_coalescer.$0$memwr$\latest_tail$src/db_coalescer.v:92$2383_EN[15:0]$2588 [0] $flatten\u_db_coalescer.$0$memwr$\latest_tail$src/db_coalescer.v:92$2383_EN[15:0]$2588 [0] $flatten\u_db_coalescer.$0$memwr$\latest_tail$src/db_coalescer.v:92$2383_EN[15:0]$2588 [0] $flatten\u_db_coalescer.$0$memwr$\latest_tail$src/db_coalescer.v:92$2383_EN[15:0]$2588 [0] $flatten\u_db_coalescer.$0$memwr$\latest_tail$src/db_coalescer.v:92$2383_EN[15:0]$2588 [0] $flatten\u_db_coalescer.$0$memwr$\latest_tail$src/db_coalescer.v:92$2383_EN[15:0]$2588 [0] $flatten\u_db_coalescer.$0$memwr$\latest_tail$src/db_coalescer.v:92$2383_EN[15:0]$2588 [0] $flatten\u_db_coalescer.$0$memwr$\latest_tail$src/db_coalescer.v:92$2383_EN[15:0]$2588 [0] $flatten\u_db_coalescer.$0$memwr$\latest_tail$src/db_coalescer.v:92$2383_EN[15:0]$2588 [0] $flatten\u_db_coalescer.$0$memwr$\latest_tail$src/db_coalescer.v:92$2383_EN[15:0]$2588 [0] $flatten\u_db_coalescer.$0$memwr$\latest_tail$src/db_coalescer.v:92$2383_EN[15:0]$2588 [0] $flatten\u_db_coalescer.$0$memwr$\latest_tail$src/db_coalescer.v:92$2383_EN[15:0]$2588 [0] $flatten\u_db_coalescer.$0$memwr$\latest_tail$src/db_coalescer.v:92$2383_EN[15:0]$2588 [0] $flatten\u_db_coalescer.$0$memwr$\latest_tail$src/db_coalescer.v:92$2383_EN[15:0]$2588 [0] }
    Consolidated identical input bits for $mux cell $flatten\u_db_coalescer.$procmux$4110:
      Old ports: A=3'111, B=3'000, Y=$flatten\u_db_coalescer.$0$memwr$\db_count$src/db_coalescer.v:94$2382_EN[2:0]$2587
      New ports: A=1'1, B=1'0, Y=$flatten\u_db_coalescer.$0$memwr$\db_count$src/db_coalescer.v:94$2382_EN[2:0]$2587 [0]
      New connections: $flatten\u_db_coalescer.$0$memwr$\db_count$src/db_coalescer.v:94$2382_EN[2:0]$2587 [2:1] = { $flatten\u_db_coalescer.$0$memwr$\db_count$src/db_coalescer.v:94$2382_EN[2:0]$2587 [0] $flatten\u_db_coalescer.$0$memwr$\db_count$src/db_coalescer.v:94$2382_EN[2:0]$2587 [0] }
    Consolidated identical input bits for $mux cell $flatten\u_db_coalescer.$procmux$4116:
      Old ports: A=16'1111111111111111, B=16'0000000000000000, Y=$flatten\u_db_coalescer.$0$memwr$\latest_tail$src/db_coalescer.v:92$2380_EN[15:0]$2585
      New ports: A=1'1, B=1'0, Y=$flatten\u_db_coalescer.$0$memwr$\latest_tail$src/db_coalescer.v:92$2380_EN[15:0]$2585 [0]
      New connections: $flatten\u_db_coalescer.$0$memwr$\latest_tail$src/db_coalescer.v:92$2380_EN[15:0]$2585 [15:1] = { $flatten\u_db_coalescer.$0$memwr$\latest_tail$src/db_coalescer.v:92$2380_EN[15:0]$2585 [0] $flatten\u_db_coalescer.$0$memwr$\latest_tail$src/db_coalescer.v:92$2380_EN[15:0]$2585 [0] $flatten\u_db_coalescer.$0$memwr$\latest_tail$src/db_coalescer.v:92$2380_EN[15:0]$2585 [0] $flatten\u_db_coalescer.$0$memwr$\latest_tail$src/db_coalescer.v:92$2380_EN[15:0]$2585 [0] $flatten\u_db_coalescer.$0$memwr$\latest_tail$src/db_coalescer.v:92$2380_EN[15:0]$2585 [0] $flatten\u_db_coalescer.$0$memwr$\latest_tail$src/db_coalescer.v:92$2380_EN[15:0]$2585 [0] $flatten\u_db_coalescer.$0$memwr$\latest_tail$src/db_coalescer.v:92$2380_EN[15:0]$2585 [0] $flatten\u_db_coalescer.$0$memwr$\latest_tail$src/db_coalescer.v:92$2380_EN[15:0]$2585 [0] $flatten\u_db_coalescer.$0$memwr$\latest_tail$src/db_coalescer.v:92$2380_EN[15:0]$2585 [0] $flatten\u_db_coalescer.$0$memwr$\latest_tail$src/db_coalescer.v:92$2380_EN[15:0]$2585 [0] $flatten\u_db_coalescer.$0$memwr$\latest_tail$src/db_coalescer.v:92$2380_EN[15:0]$2585 [0] $flatten\u_db_coalescer.$0$memwr$\latest_tail$src/db_coalescer.v:92$2380_EN[15:0]$2585 [0] $flatten\u_db_coalescer.$0$memwr$\latest_tail$src/db_coalescer.v:92$2380_EN[15:0]$2585 [0] $flatten\u_db_coalescer.$0$memwr$\latest_tail$src/db_coalescer.v:92$2380_EN[15:0]$2585 [0] $flatten\u_db_coalescer.$0$memwr$\latest_tail$src/db_coalescer.v:92$2380_EN[15:0]$2585 [0] }
    Consolidated identical input bits for $mux cell $flatten\u_db_coalescer.$procmux$4119:
      Old ports: A=3'111, B=3'000, Y=$flatten\u_db_coalescer.$0$memwr$\db_count$src/db_coalescer.v:94$2379_EN[2:0]$2584
      New ports: A=1'1, B=1'0, Y=$flatten\u_db_coalescer.$0$memwr$\db_count$src/db_coalescer.v:94$2379_EN[2:0]$2584 [0]
      New connections: $flatten\u_db_coalescer.$0$memwr$\db_count$src/db_coalescer.v:94$2379_EN[2:0]$2584 [2:1] = { $flatten\u_db_coalescer.$0$memwr$\db_count$src/db_coalescer.v:94$2379_EN[2:0]$2584 [0] $flatten\u_db_coalescer.$0$memwr$\db_count$src/db_coalescer.v:94$2379_EN[2:0]$2584 [0] }
    Consolidated identical input bits for $mux cell $flatten\u_db_coalescer.$procmux$4125:
      Old ports: A=16'1111111111111111, B=16'0000000000000000, Y=$flatten\u_db_coalescer.$0$memwr$\latest_tail$src/db_coalescer.v:92$2377_EN[15:0]$2582
      New ports: A=1'1, B=1'0, Y=$flatten\u_db_coalescer.$0$memwr$\latest_tail$src/db_coalescer.v:92$2377_EN[15:0]$2582 [0]
      New connections: $flatten\u_db_coalescer.$0$memwr$\latest_tail$src/db_coalescer.v:92$2377_EN[15:0]$2582 [15:1] = { $flatten\u_db_coalescer.$0$memwr$\latest_tail$src/db_coalescer.v:92$2377_EN[15:0]$2582 [0] $flatten\u_db_coalescer.$0$memwr$\latest_tail$src/db_coalescer.v:92$2377_EN[15:0]$2582 [0] $flatten\u_db_coalescer.$0$memwr$\latest_tail$src/db_coalescer.v:92$2377_EN[15:0]$2582 [0] $flatten\u_db_coalescer.$0$memwr$\latest_tail$src/db_coalescer.v:92$2377_EN[15:0]$2582 [0] $flatten\u_db_coalescer.$0$memwr$\latest_tail$src/db_coalescer.v:92$2377_EN[15:0]$2582 [0] $flatten\u_db_coalescer.$0$memwr$\latest_tail$src/db_coalescer.v:92$2377_EN[15:0]$2582 [0] $flatten\u_db_coalescer.$0$memwr$\latest_tail$src/db_coalescer.v:92$2377_EN[15:0]$2582 [0] $flatten\u_db_coalescer.$0$memwr$\latest_tail$src/db_coalescer.v:92$2377_EN[15:0]$2582 [0] $flatten\u_db_coalescer.$0$memwr$\latest_tail$src/db_coalescer.v:92$2377_EN[15:0]$2582 [0] $flatten\u_db_coalescer.$0$memwr$\latest_tail$src/db_coalescer.v:92$2377_EN[15:0]$2582 [0] $flatten\u_db_coalescer.$0$memwr$\latest_tail$src/db_coalescer.v:92$2377_EN[15:0]$2582 [0] $flatten\u_db_coalescer.$0$memwr$\latest_tail$src/db_coalescer.v:92$2377_EN[15:0]$2582 [0] $flatten\u_db_coalescer.$0$memwr$\latest_tail$src/db_coalescer.v:92$2377_EN[15:0]$2582 [0] $flatten\u_db_coalescer.$0$memwr$\latest_tail$src/db_coalescer.v:92$2377_EN[15:0]$2582 [0] $flatten\u_db_coalescer.$0$memwr$\latest_tail$src/db_coalescer.v:92$2377_EN[15:0]$2582 [0] }
    Consolidated identical input bits for $mux cell $flatten\u_db_coalescer.$procmux$4128:
      Old ports: A=3'111, B=3'000, Y=$flatten\u_db_coalescer.$0$memwr$\db_count$src/db_coalescer.v:94$2376_EN[2:0]$2581
      New ports: A=1'1, B=1'0, Y=$flatten\u_db_coalescer.$0$memwr$\db_count$src/db_coalescer.v:94$2376_EN[2:0]$2581 [0]
      New connections: $flatten\u_db_coalescer.$0$memwr$\db_count$src/db_coalescer.v:94$2376_EN[2:0]$2581 [2:1] = { $flatten\u_db_coalescer.$0$memwr$\db_count$src/db_coalescer.v:94$2376_EN[2:0]$2581 [0] $flatten\u_db_coalescer.$0$memwr$\db_count$src/db_coalescer.v:94$2376_EN[2:0]$2581 [0] }
    Consolidated identical input bits for $mux cell $flatten\u_db_coalescer.$procmux$4134:
      Old ports: A=16'1111111111111111, B=16'0000000000000000, Y=$flatten\u_db_coalescer.$0$memwr$\latest_tail$src/db_coalescer.v:92$2374_EN[15:0]$2579
      New ports: A=1'1, B=1'0, Y=$flatten\u_db_coalescer.$0$memwr$\latest_tail$src/db_coalescer.v:92$2374_EN[15:0]$2579 [0]
      New connections: $flatten\u_db_coalescer.$0$memwr$\latest_tail$src/db_coalescer.v:92$2374_EN[15:0]$2579 [15:1] = { $flatten\u_db_coalescer.$0$memwr$\latest_tail$src/db_coalescer.v:92$2374_EN[15:0]$2579 [0] $flatten\u_db_coalescer.$0$memwr$\latest_tail$src/db_coalescer.v:92$2374_EN[15:0]$2579 [0] $flatten\u_db_coalescer.$0$memwr$\latest_tail$src/db_coalescer.v:92$2374_EN[15:0]$2579 [0] $flatten\u_db_coalescer.$0$memwr$\latest_tail$src/db_coalescer.v:92$2374_EN[15:0]$2579 [0] $flatten\u_db_coalescer.$0$memwr$\latest_tail$src/db_coalescer.v:92$2374_EN[15:0]$2579 [0] $flatten\u_db_coalescer.$0$memwr$\latest_tail$src/db_coalescer.v:92$2374_EN[15:0]$2579 [0] $flatten\u_db_coalescer.$0$memwr$\latest_tail$src/db_coalescer.v:92$2374_EN[15:0]$2579 [0] $flatten\u_db_coalescer.$0$memwr$\latest_tail$src/db_coalescer.v:92$2374_EN[15:0]$2579 [0] $flatten\u_db_coalescer.$0$memwr$\latest_tail$src/db_coalescer.v:92$2374_EN[15:0]$2579 [0] $flatten\u_db_coalescer.$0$memwr$\latest_tail$src/db_coalescer.v:92$2374_EN[15:0]$2579 [0] $flatten\u_db_coalescer.$0$memwr$\latest_tail$src/db_coalescer.v:92$2374_EN[15:0]$2579 [0] $flatten\u_db_coalescer.$0$memwr$\latest_tail$src/db_coalescer.v:92$2374_EN[15:0]$2579 [0] $flatten\u_db_coalescer.$0$memwr$\latest_tail$src/db_coalescer.v:92$2374_EN[15:0]$2579 [0] $flatten\u_db_coalescer.$0$memwr$\latest_tail$src/db_coalescer.v:92$2374_EN[15:0]$2579 [0] $flatten\u_db_coalescer.$0$memwr$\latest_tail$src/db_coalescer.v:92$2374_EN[15:0]$2579 [0] }
    Consolidated identical input bits for $mux cell $flatten\u_db_coalescer.$procmux$4137:
      Old ports: A=3'111, B=3'000, Y=$flatten\u_db_coalescer.$0$memwr$\db_count$src/db_coalescer.v:94$2373_EN[2:0]$2578
      New ports: A=1'1, B=1'0, Y=$flatten\u_db_coalescer.$0$memwr$\db_count$src/db_coalescer.v:94$2373_EN[2:0]$2578 [0]
      New connections: $flatten\u_db_coalescer.$0$memwr$\db_count$src/db_coalescer.v:94$2373_EN[2:0]$2578 [2:1] = { $flatten\u_db_coalescer.$0$memwr$\db_count$src/db_coalescer.v:94$2373_EN[2:0]$2578 [0] $flatten\u_db_coalescer.$0$memwr$\db_count$src/db_coalescer.v:94$2373_EN[2:0]$2578 [0] }
    Consolidated identical input bits for $mux cell $flatten\u_db_coalescer.$procmux$4143:
      Old ports: A=16'1111111111111111, B=16'0000000000000000, Y=$flatten\u_db_coalescer.$0$memwr$\latest_tail$src/db_coalescer.v:92$2371_EN[15:0]$2576
      New ports: A=1'1, B=1'0, Y=$flatten\u_db_coalescer.$0$memwr$\latest_tail$src/db_coalescer.v:92$2371_EN[15:0]$2576 [0]
      New connections: $flatten\u_db_coalescer.$0$memwr$\latest_tail$src/db_coalescer.v:92$2371_EN[15:0]$2576 [15:1] = { $flatten\u_db_coalescer.$0$memwr$\latest_tail$src/db_coalescer.v:92$2371_EN[15:0]$2576 [0] $flatten\u_db_coalescer.$0$memwr$\latest_tail$src/db_coalescer.v:92$2371_EN[15:0]$2576 [0] $flatten\u_db_coalescer.$0$memwr$\latest_tail$src/db_coalescer.v:92$2371_EN[15:0]$2576 [0] $flatten\u_db_coalescer.$0$memwr$\latest_tail$src/db_coalescer.v:92$2371_EN[15:0]$2576 [0] $flatten\u_db_coalescer.$0$memwr$\latest_tail$src/db_coalescer.v:92$2371_EN[15:0]$2576 [0] $flatten\u_db_coalescer.$0$memwr$\latest_tail$src/db_coalescer.v:92$2371_EN[15:0]$2576 [0] $flatten\u_db_coalescer.$0$memwr$\latest_tail$src/db_coalescer.v:92$2371_EN[15:0]$2576 [0] $flatten\u_db_coalescer.$0$memwr$\latest_tail$src/db_coalescer.v:92$2371_EN[15:0]$2576 [0] $flatten\u_db_coalescer.$0$memwr$\latest_tail$src/db_coalescer.v:92$2371_EN[15:0]$2576 [0] $flatten\u_db_coalescer.$0$memwr$\latest_tail$src/db_coalescer.v:92$2371_EN[15:0]$2576 [0] $flatten\u_db_coalescer.$0$memwr$\latest_tail$src/db_coalescer.v:92$2371_EN[15:0]$2576 [0] $flatten\u_db_coalescer.$0$memwr$\latest_tail$src/db_coalescer.v:92$2371_EN[15:0]$2576 [0] $flatten\u_db_coalescer.$0$memwr$\latest_tail$src/db_coalescer.v:92$2371_EN[15:0]$2576 [0] $flatten\u_db_coalescer.$0$memwr$\latest_tail$src/db_coalescer.v:92$2371_EN[15:0]$2576 [0] $flatten\u_db_coalescer.$0$memwr$\latest_tail$src/db_coalescer.v:92$2371_EN[15:0]$2576 [0] }
    Consolidated identical input bits for $mux cell $flatten\u_db_coalescer.$procmux$4146:
      Old ports: A=3'111, B=3'000, Y=$flatten\u_db_coalescer.$0$memwr$\db_count$src/db_coalescer.v:94$2370_EN[2:0]$2575
      New ports: A=1'1, B=1'0, Y=$flatten\u_db_coalescer.$0$memwr$\db_count$src/db_coalescer.v:94$2370_EN[2:0]$2575 [0]
      New connections: $flatten\u_db_coalescer.$0$memwr$\db_count$src/db_coalescer.v:94$2370_EN[2:0]$2575 [2:1] = { $flatten\u_db_coalescer.$0$memwr$\db_count$src/db_coalescer.v:94$2370_EN[2:0]$2575 [0] $flatten\u_db_coalescer.$0$memwr$\db_count$src/db_coalescer.v:94$2370_EN[2:0]$2575 [0] }
    Consolidated identical input bits for $mux cell $flatten\u_db_coalescer.$procmux$4152:
      Old ports: A=16'1111111111111111, B=16'0000000000000000, Y=$flatten\u_db_coalescer.$0$memwr$\latest_tail$src/db_coalescer.v:92$2368_EN[15:0]$2573
      New ports: A=1'1, B=1'0, Y=$flatten\u_db_coalescer.$0$memwr$\latest_tail$src/db_coalescer.v:92$2368_EN[15:0]$2573 [0]
      New connections: $flatten\u_db_coalescer.$0$memwr$\latest_tail$src/db_coalescer.v:92$2368_EN[15:0]$2573 [15:1] = { $flatten\u_db_coalescer.$0$memwr$\latest_tail$src/db_coalescer.v:92$2368_EN[15:0]$2573 [0] $flatten\u_db_coalescer.$0$memwr$\latest_tail$src/db_coalescer.v:92$2368_EN[15:0]$2573 [0] $flatten\u_db_coalescer.$0$memwr$\latest_tail$src/db_coalescer.v:92$2368_EN[15:0]$2573 [0] $flatten\u_db_coalescer.$0$memwr$\latest_tail$src/db_coalescer.v:92$2368_EN[15:0]$2573 [0] $flatten\u_db_coalescer.$0$memwr$\latest_tail$src/db_coalescer.v:92$2368_EN[15:0]$2573 [0] $flatten\u_db_coalescer.$0$memwr$\latest_tail$src/db_coalescer.v:92$2368_EN[15:0]$2573 [0] $flatten\u_db_coalescer.$0$memwr$\latest_tail$src/db_coalescer.v:92$2368_EN[15:0]$2573 [0] $flatten\u_db_coalescer.$0$memwr$\latest_tail$src/db_coalescer.v:92$2368_EN[15:0]$2573 [0] $flatten\u_db_coalescer.$0$memwr$\latest_tail$src/db_coalescer.v:92$2368_EN[15:0]$2573 [0] $flatten\u_db_coalescer.$0$memwr$\latest_tail$src/db_coalescer.v:92$2368_EN[15:0]$2573 [0] $flatten\u_db_coalescer.$0$memwr$\latest_tail$src/db_coalescer.v:92$2368_EN[15:0]$2573 [0] $flatten\u_db_coalescer.$0$memwr$\latest_tail$src/db_coalescer.v:92$2368_EN[15:0]$2573 [0] $flatten\u_db_coalescer.$0$memwr$\latest_tail$src/db_coalescer.v:92$2368_EN[15:0]$2573 [0] $flatten\u_db_coalescer.$0$memwr$\latest_tail$src/db_coalescer.v:92$2368_EN[15:0]$2573 [0] $flatten\u_db_coalescer.$0$memwr$\latest_tail$src/db_coalescer.v:92$2368_EN[15:0]$2573 [0] }
    Consolidated identical input bits for $mux cell $flatten\u_db_coalescer.$procmux$4155:
      Old ports: A=3'111, B=3'000, Y=$flatten\u_db_coalescer.$0$memwr$\db_count$src/db_coalescer.v:94$2367_EN[2:0]$2572
      New ports: A=1'1, B=1'0, Y=$flatten\u_db_coalescer.$0$memwr$\db_count$src/db_coalescer.v:94$2367_EN[2:0]$2572 [0]
      New connections: $flatten\u_db_coalescer.$0$memwr$\db_count$src/db_coalescer.v:94$2367_EN[2:0]$2572 [2:1] = { $flatten\u_db_coalescer.$0$memwr$\db_count$src/db_coalescer.v:94$2367_EN[2:0]$2572 [0] $flatten\u_db_coalescer.$0$memwr$\db_count$src/db_coalescer.v:94$2367_EN[2:0]$2572 [0] }
    Consolidated identical input bits for $mux cell $flatten\u_db_coalescer.$procmux$4161:
      Old ports: A=16'1111111111111111, B=16'0000000000000000, Y=$flatten\u_db_coalescer.$0$memwr$\latest_tail$src/db_coalescer.v:92$2365_EN[15:0]$2570
      New ports: A=1'1, B=1'0, Y=$flatten\u_db_coalescer.$0$memwr$\latest_tail$src/db_coalescer.v:92$2365_EN[15:0]$2570 [0]
      New connections: $flatten\u_db_coalescer.$0$memwr$\latest_tail$src/db_coalescer.v:92$2365_EN[15:0]$2570 [15:1] = { $flatten\u_db_coalescer.$0$memwr$\latest_tail$src/db_coalescer.v:92$2365_EN[15:0]$2570 [0] $flatten\u_db_coalescer.$0$memwr$\latest_tail$src/db_coalescer.v:92$2365_EN[15:0]$2570 [0] $flatten\u_db_coalescer.$0$memwr$\latest_tail$src/db_coalescer.v:92$2365_EN[15:0]$2570 [0] $flatten\u_db_coalescer.$0$memwr$\latest_tail$src/db_coalescer.v:92$2365_EN[15:0]$2570 [0] $flatten\u_db_coalescer.$0$memwr$\latest_tail$src/db_coalescer.v:92$2365_EN[15:0]$2570 [0] $flatten\u_db_coalescer.$0$memwr$\latest_tail$src/db_coalescer.v:92$2365_EN[15:0]$2570 [0] $flatten\u_db_coalescer.$0$memwr$\latest_tail$src/db_coalescer.v:92$2365_EN[15:0]$2570 [0] $flatten\u_db_coalescer.$0$memwr$\latest_tail$src/db_coalescer.v:92$2365_EN[15:0]$2570 [0] $flatten\u_db_coalescer.$0$memwr$\latest_tail$src/db_coalescer.v:92$2365_EN[15:0]$2570 [0] $flatten\u_db_coalescer.$0$memwr$\latest_tail$src/db_coalescer.v:92$2365_EN[15:0]$2570 [0] $flatten\u_db_coalescer.$0$memwr$\latest_tail$src/db_coalescer.v:92$2365_EN[15:0]$2570 [0] $flatten\u_db_coalescer.$0$memwr$\latest_tail$src/db_coalescer.v:92$2365_EN[15:0]$2570 [0] $flatten\u_db_coalescer.$0$memwr$\latest_tail$src/db_coalescer.v:92$2365_EN[15:0]$2570 [0] $flatten\u_db_coalescer.$0$memwr$\latest_tail$src/db_coalescer.v:92$2365_EN[15:0]$2570 [0] $flatten\u_db_coalescer.$0$memwr$\latest_tail$src/db_coalescer.v:92$2365_EN[15:0]$2570 [0] }
    Consolidated identical input bits for $mux cell $flatten\u_db_coalescer.$procmux$4164:
      Old ports: A=3'111, B=3'000, Y=$flatten\u_db_coalescer.$0$memwr$\db_count$src/db_coalescer.v:94$2364_EN[2:0]$2569
      New ports: A=1'1, B=1'0, Y=$flatten\u_db_coalescer.$0$memwr$\db_count$src/db_coalescer.v:94$2364_EN[2:0]$2569 [0]
      New connections: $flatten\u_db_coalescer.$0$memwr$\db_count$src/db_coalescer.v:94$2364_EN[2:0]$2569 [2:1] = { $flatten\u_db_coalescer.$0$memwr$\db_count$src/db_coalescer.v:94$2364_EN[2:0]$2569 [0] $flatten\u_db_coalescer.$0$memwr$\db_count$src/db_coalescer.v:94$2364_EN[2:0]$2569 [0] }
    Consolidated identical input bits for $mux cell $flatten\u_db_coalescer.$procmux$4170:
      Old ports: A=16'1111111111111111, B=16'0000000000000000, Y=$flatten\u_db_coalescer.$0$memwr$\latest_tail$src/db_coalescer.v:92$2362_EN[15:0]$2567
      New ports: A=1'1, B=1'0, Y=$flatten\u_db_coalescer.$0$memwr$\latest_tail$src/db_coalescer.v:92$2362_EN[15:0]$2567 [0]
      New connections: $flatten\u_db_coalescer.$0$memwr$\latest_tail$src/db_coalescer.v:92$2362_EN[15:0]$2567 [15:1] = { $flatten\u_db_coalescer.$0$memwr$\latest_tail$src/db_coalescer.v:92$2362_EN[15:0]$2567 [0] $flatten\u_db_coalescer.$0$memwr$\latest_tail$src/db_coalescer.v:92$2362_EN[15:0]$2567 [0] $flatten\u_db_coalescer.$0$memwr$\latest_tail$src/db_coalescer.v:92$2362_EN[15:0]$2567 [0] $flatten\u_db_coalescer.$0$memwr$\latest_tail$src/db_coalescer.v:92$2362_EN[15:0]$2567 [0] $flatten\u_db_coalescer.$0$memwr$\latest_tail$src/db_coalescer.v:92$2362_EN[15:0]$2567 [0] $flatten\u_db_coalescer.$0$memwr$\latest_tail$src/db_coalescer.v:92$2362_EN[15:0]$2567 [0] $flatten\u_db_coalescer.$0$memwr$\latest_tail$src/db_coalescer.v:92$2362_EN[15:0]$2567 [0] $flatten\u_db_coalescer.$0$memwr$\latest_tail$src/db_coalescer.v:92$2362_EN[15:0]$2567 [0] $flatten\u_db_coalescer.$0$memwr$\latest_tail$src/db_coalescer.v:92$2362_EN[15:0]$2567 [0] $flatten\u_db_coalescer.$0$memwr$\latest_tail$src/db_coalescer.v:92$2362_EN[15:0]$2567 [0] $flatten\u_db_coalescer.$0$memwr$\latest_tail$src/db_coalescer.v:92$2362_EN[15:0]$2567 [0] $flatten\u_db_coalescer.$0$memwr$\latest_tail$src/db_coalescer.v:92$2362_EN[15:0]$2567 [0] $flatten\u_db_coalescer.$0$memwr$\latest_tail$src/db_coalescer.v:92$2362_EN[15:0]$2567 [0] $flatten\u_db_coalescer.$0$memwr$\latest_tail$src/db_coalescer.v:92$2362_EN[15:0]$2567 [0] $flatten\u_db_coalescer.$0$memwr$\latest_tail$src/db_coalescer.v:92$2362_EN[15:0]$2567 [0] }
    Consolidated identical input bits for $mux cell $flatten\u_db_coalescer.$procmux$4173:
      Old ports: A=3'111, B=3'000, Y=$flatten\u_db_coalescer.$0$memwr$\db_count$src/db_coalescer.v:94$2361_EN[2:0]$2566
      New ports: A=1'1, B=1'0, Y=$flatten\u_db_coalescer.$0$memwr$\db_count$src/db_coalescer.v:94$2361_EN[2:0]$2566 [0]
      New connections: $flatten\u_db_coalescer.$0$memwr$\db_count$src/db_coalescer.v:94$2361_EN[2:0]$2566 [2:1] = { $flatten\u_db_coalescer.$0$memwr$\db_count$src/db_coalescer.v:94$2361_EN[2:0]$2566 [0] $flatten\u_db_coalescer.$0$memwr$\db_count$src/db_coalescer.v:94$2361_EN[2:0]$2566 [0] }
    Consolidated identical input bits for $mux cell $flatten\u_db_coalescer.$procmux$4179:
      Old ports: A=16'1111111111111111, B=16'0000000000000000, Y=$flatten\u_db_coalescer.$0$memwr$\latest_tail$src/db_coalescer.v:92$2359_EN[15:0]$2564
      New ports: A=1'1, B=1'0, Y=$flatten\u_db_coalescer.$0$memwr$\latest_tail$src/db_coalescer.v:92$2359_EN[15:0]$2564 [0]
      New connections: $flatten\u_db_coalescer.$0$memwr$\latest_tail$src/db_coalescer.v:92$2359_EN[15:0]$2564 [15:1] = { $flatten\u_db_coalescer.$0$memwr$\latest_tail$src/db_coalescer.v:92$2359_EN[15:0]$2564 [0] $flatten\u_db_coalescer.$0$memwr$\latest_tail$src/db_coalescer.v:92$2359_EN[15:0]$2564 [0] $flatten\u_db_coalescer.$0$memwr$\latest_tail$src/db_coalescer.v:92$2359_EN[15:0]$2564 [0] $flatten\u_db_coalescer.$0$memwr$\latest_tail$src/db_coalescer.v:92$2359_EN[15:0]$2564 [0] $flatten\u_db_coalescer.$0$memwr$\latest_tail$src/db_coalescer.v:92$2359_EN[15:0]$2564 [0] $flatten\u_db_coalescer.$0$memwr$\latest_tail$src/db_coalescer.v:92$2359_EN[15:0]$2564 [0] $flatten\u_db_coalescer.$0$memwr$\latest_tail$src/db_coalescer.v:92$2359_EN[15:0]$2564 [0] $flatten\u_db_coalescer.$0$memwr$\latest_tail$src/db_coalescer.v:92$2359_EN[15:0]$2564 [0] $flatten\u_db_coalescer.$0$memwr$\latest_tail$src/db_coalescer.v:92$2359_EN[15:0]$2564 [0] $flatten\u_db_coalescer.$0$memwr$\latest_tail$src/db_coalescer.v:92$2359_EN[15:0]$2564 [0] $flatten\u_db_coalescer.$0$memwr$\latest_tail$src/db_coalescer.v:92$2359_EN[15:0]$2564 [0] $flatten\u_db_coalescer.$0$memwr$\latest_tail$src/db_coalescer.v:92$2359_EN[15:0]$2564 [0] $flatten\u_db_coalescer.$0$memwr$\latest_tail$src/db_coalescer.v:92$2359_EN[15:0]$2564 [0] $flatten\u_db_coalescer.$0$memwr$\latest_tail$src/db_coalescer.v:92$2359_EN[15:0]$2564 [0] $flatten\u_db_coalescer.$0$memwr$\latest_tail$src/db_coalescer.v:92$2359_EN[15:0]$2564 [0] }
    Consolidated identical input bits for $mux cell $flatten\u_sq_engine.$procmux$6444:
      Old ports: A=64'1111111111111111111111111111111111111111111111111111111111111111, B=64'0000000000000000000000000000000000000000000000000000000000000000, Y=$flatten\u_sq_engine.$0$memwr$\latch_w0$src/sq_engine.v:131$1474_EN[63:0]$1579
      New ports: A=1'1, B=1'0, Y=$flatten\u_sq_engine.$0$memwr$\latch_w0$src/sq_engine.v:131$1474_EN[63:0]$1579 [0]
      New connections: $flatten\u_sq_engine.$0$memwr$\latch_w0$src/sq_engine.v:131$1474_EN[63:0]$1579 [63:1] = { $flatten\u_sq_engine.$0$memwr$\latch_w0$src/sq_engine.v:131$1474_EN[63:0]$1579 [0] $flatten\u_sq_engine.$0$memwr$\latch_w0$src/sq_engine.v:131$1474_EN[63:0]$1579 [0] $flatten\u_sq_engine.$0$memwr$\latch_w0$src/sq_engine.v:131$1474_EN[63:0]$1579 [0] $flatten\u_sq_engine.$0$memwr$\latch_w0$src/sq_engine.v:131$1474_EN[63:0]$1579 [0] $flatten\u_sq_engine.$0$memwr$\latch_w0$src/sq_engine.v:131$1474_EN[63:0]$1579 [0] $flatten\u_sq_engine.$0$memwr$\latch_w0$src/sq_engine.v:131$1474_EN[63:0]$1579 [0] $flatten\u_sq_engine.$0$memwr$\latch_w0$src/sq_engine.v:131$1474_EN[63:0]$1579 [0] $flatten\u_sq_engine.$0$memwr$\latch_w0$src/sq_engine.v:131$1474_EN[63:0]$1579 [0] $flatten\u_sq_engine.$0$memwr$\latch_w0$src/sq_engine.v:131$1474_EN[63:0]$1579 [0] $flatten\u_sq_engine.$0$memwr$\latch_w0$src/sq_engine.v:131$1474_EN[63:0]$1579 [0] $flatten\u_sq_engine.$0$memwr$\latch_w0$src/sq_engine.v:131$1474_EN[63:0]$1579 [0] $flatten\u_sq_engine.$0$memwr$\latch_w0$src/sq_engine.v:131$1474_EN[63:0]$1579 [0] $flatten\u_sq_engine.$0$memwr$\latch_w0$src/sq_engine.v:131$1474_EN[63:0]$1579 [0] $flatten\u_sq_engine.$0$memwr$\latch_w0$src/sq_engine.v:131$1474_EN[63:0]$1579 [0] $flatten\u_sq_engine.$0$memwr$\latch_w0$src/sq_engine.v:131$1474_EN[63:0]$1579 [0] $flatten\u_sq_engine.$0$memwr$\latch_w0$src/sq_engine.v:131$1474_EN[63:0]$1579 [0] $flatten\u_sq_engine.$0$memwr$\latch_w0$src/sq_engine.v:131$1474_EN[63:0]$1579 [0] $flatten\u_sq_engine.$0$memwr$\latch_w0$src/sq_engine.v:131$1474_EN[63:0]$1579 [0] $flatten\u_sq_engine.$0$memwr$\latch_w0$src/sq_engine.v:131$1474_EN[63:0]$1579 [0] $flatten\u_sq_engine.$0$memwr$\latch_w0$src/sq_engine.v:131$1474_EN[63:0]$1579 [0] $flatten\u_sq_engine.$0$memwr$\latch_w0$src/sq_engine.v:131$1474_EN[63:0]$1579 [0] $flatten\u_sq_engine.$0$memwr$\latch_w0$src/sq_engine.v:131$1474_EN[63:0]$1579 [0] $flatten\u_sq_engine.$0$memwr$\latch_w0$src/sq_engine.v:131$1474_EN[63:0]$1579 [0] $flatten\u_sq_engine.$0$memwr$\latch_w0$src/sq_engine.v:131$1474_EN[63:0]$1579 [0] $flatten\u_sq_engine.$0$memwr$\latch_w0$src/sq_engine.v:131$1474_EN[63:0]$1579 [0] $flatten\u_sq_engine.$0$memwr$\latch_w0$src/sq_engine.v:131$1474_EN[63:0]$1579 [0] $flatten\u_sq_engine.$0$memwr$\latch_w0$src/sq_engine.v:131$1474_EN[63:0]$1579 [0] $flatten\u_sq_engine.$0$memwr$\latch_w0$src/sq_engine.v:131$1474_EN[63:0]$1579 [0] $flatten\u_sq_engine.$0$memwr$\latch_w0$src/sq_engine.v:131$1474_EN[63:0]$1579 [0] $flatten\u_sq_engine.$0$memwr$\latch_w0$src/sq_engine.v:131$1474_EN[63:0]$1579 [0] $flatten\u_sq_engine.$0$memwr$\latch_w0$src/sq_engine.v:131$1474_EN[63:0]$1579 [0] $flatten\u_sq_engine.$0$memwr$\latch_w0$src/sq_engine.v:131$1474_EN[63:0]$1579 [0] $flatten\u_sq_engine.$0$memwr$\latch_w0$src/sq_engine.v:131$1474_EN[63:0]$1579 [0] $flatten\u_sq_engine.$0$memwr$\latch_w0$src/sq_engine.v:131$1474_EN[63:0]$1579 [0] $flatten\u_sq_engine.$0$memwr$\latch_w0$src/sq_engine.v:131$1474_EN[63:0]$1579 [0] $flatten\u_sq_engine.$0$memwr$\latch_w0$src/sq_engine.v:131$1474_EN[63:0]$1579 [0] $flatten\u_sq_engine.$0$memwr$\latch_w0$src/sq_engine.v:131$1474_EN[63:0]$1579 [0] $flatten\u_sq_engine.$0$memwr$\latch_w0$src/sq_engine.v:131$1474_EN[63:0]$1579 [0] $flatten\u_sq_engine.$0$memwr$\latch_w0$src/sq_engine.v:131$1474_EN[63:0]$1579 [0] $flatten\u_sq_engine.$0$memwr$\latch_w0$src/sq_engine.v:131$1474_EN[63:0]$1579 [0] $flatten\u_sq_engine.$0$memwr$\latch_w0$src/sq_engine.v:131$1474_EN[63:0]$1579 [0] $flatten\u_sq_engine.$0$memwr$\latch_w0$src/sq_engine.v:131$1474_EN[63:0]$1579 [0] $flatten\u_sq_engine.$0$memwr$\latch_w0$src/sq_engine.v:131$1474_EN[63:0]$1579 [0] $flatten\u_sq_engine.$0$memwr$\latch_w0$src/sq_engine.v:131$1474_EN[63:0]$1579 [0] $flatten\u_sq_engine.$0$memwr$\latch_w0$src/sq_engine.v:131$1474_EN[63:0]$1579 [0] $flatten\u_sq_engine.$0$memwr$\latch_w0$src/sq_engine.v:131$1474_EN[63:0]$1579 [0] $flatten\u_sq_engine.$0$memwr$\latch_w0$src/sq_engine.v:131$1474_EN[63:0]$1579 [0] $flatten\u_sq_engine.$0$memwr$\latch_w0$src/sq_engine.v:131$1474_EN[63:0]$1579 [0] $flatten\u_sq_engine.$0$memwr$\latch_w0$src/sq_engine.v:131$1474_EN[63:0]$1579 [0] $flatten\u_sq_engine.$0$memwr$\latch_w0$src/sq_engine.v:131$1474_EN[63:0]$1579 [0] $flatten\u_sq_engine.$0$memwr$\latch_w0$src/sq_engine.v:131$1474_EN[63:0]$1579 [0] $flatten\u_sq_engine.$0$memwr$\latch_w0$src/sq_engine.v:131$1474_EN[63:0]$1579 [0] $flatten\u_sq_engine.$0$memwr$\latch_w0$src/sq_engine.v:131$1474_EN[63:0]$1579 [0] $flatten\u_sq_engine.$0$memwr$\latch_w0$src/sq_engine.v:131$1474_EN[63:0]$1579 [0] $flatten\u_sq_engine.$0$memwr$\latch_w0$src/sq_engine.v:131$1474_EN[63:0]$1579 [0] $flatten\u_sq_engine.$0$memwr$\latch_w0$src/sq_engine.v:131$1474_EN[63:0]$1579 [0] $flatten\u_sq_engine.$0$memwr$\latch_w0$src/sq_engine.v:131$1474_EN[63:0]$1579 [0] $flatten\u_sq_engine.$0$memwr$\latch_w0$src/sq_engine.v:131$1474_EN[63:0]$1579 [0] $flatten\u_sq_engine.$0$memwr$\latch_w0$src/sq_engine.v:131$1474_EN[63:0]$1579 [0] $flatten\u_sq_engine.$0$memwr$\latch_w0$src/sq_engine.v:131$1474_EN[63:0]$1579 [0] $flatten\u_sq_engine.$0$memwr$\latch_w0$src/sq_engine.v:131$1474_EN[63:0]$1579 [0] $flatten\u_sq_engine.$0$memwr$\latch_w0$src/sq_engine.v:131$1474_EN[63:0]$1579 [0] $flatten\u_sq_engine.$0$memwr$\latch_w0$src/sq_engine.v:131$1474_EN[63:0]$1579 [0] }
    Consolidated identical input bits for $mux cell $flatten\u_sq_engine.$procmux$6441:
      Old ports: A=64'1111111111111111111111111111111111111111111111111111111111111111, B=64'0000000000000000000000000000000000000000000000000000000000000000, Y=$flatten\u_sq_engine.$0$memwr$\latch_w1$src/sq_engine.v:131$1475_EN[63:0]$1580
      New ports: A=1'1, B=1'0, Y=$flatten\u_sq_engine.$0$memwr$\latch_w1$src/sq_engine.v:131$1475_EN[63:0]$1580 [0]
      New connections: $flatten\u_sq_engine.$0$memwr$\latch_w1$src/sq_engine.v:131$1475_EN[63:0]$1580 [63:1] = { $flatten\u_sq_engine.$0$memwr$\latch_w1$src/sq_engine.v:131$1475_EN[63:0]$1580 [0] $flatten\u_sq_engine.$0$memwr$\latch_w1$src/sq_engine.v:131$1475_EN[63:0]$1580 [0] $flatten\u_sq_engine.$0$memwr$\latch_w1$src/sq_engine.v:131$1475_EN[63:0]$1580 [0] $flatten\u_sq_engine.$0$memwr$\latch_w1$src/sq_engine.v:131$1475_EN[63:0]$1580 [0] $flatten\u_sq_engine.$0$memwr$\latch_w1$src/sq_engine.v:131$1475_EN[63:0]$1580 [0] $flatten\u_sq_engine.$0$memwr$\latch_w1$src/sq_engine.v:131$1475_EN[63:0]$1580 [0] $flatten\u_sq_engine.$0$memwr$\latch_w1$src/sq_engine.v:131$1475_EN[63:0]$1580 [0] $flatten\u_sq_engine.$0$memwr$\latch_w1$src/sq_engine.v:131$1475_EN[63:0]$1580 [0] $flatten\u_sq_engine.$0$memwr$\latch_w1$src/sq_engine.v:131$1475_EN[63:0]$1580 [0] $flatten\u_sq_engine.$0$memwr$\latch_w1$src/sq_engine.v:131$1475_EN[63:0]$1580 [0] $flatten\u_sq_engine.$0$memwr$\latch_w1$src/sq_engine.v:131$1475_EN[63:0]$1580 [0] $flatten\u_sq_engine.$0$memwr$\latch_w1$src/sq_engine.v:131$1475_EN[63:0]$1580 [0] $flatten\u_sq_engine.$0$memwr$\latch_w1$src/sq_engine.v:131$1475_EN[63:0]$1580 [0] $flatten\u_sq_engine.$0$memwr$\latch_w1$src/sq_engine.v:131$1475_EN[63:0]$1580 [0] $flatten\u_sq_engine.$0$memwr$\latch_w1$src/sq_engine.v:131$1475_EN[63:0]$1580 [0] $flatten\u_sq_engine.$0$memwr$\latch_w1$src/sq_engine.v:131$1475_EN[63:0]$1580 [0] $flatten\u_sq_engine.$0$memwr$\latch_w1$src/sq_engine.v:131$1475_EN[63:0]$1580 [0] $flatten\u_sq_engine.$0$memwr$\latch_w1$src/sq_engine.v:131$1475_EN[63:0]$1580 [0] $flatten\u_sq_engine.$0$memwr$\latch_w1$src/sq_engine.v:131$1475_EN[63:0]$1580 [0] $flatten\u_sq_engine.$0$memwr$\latch_w1$src/sq_engine.v:131$1475_EN[63:0]$1580 [0] $flatten\u_sq_engine.$0$memwr$\latch_w1$src/sq_engine.v:131$1475_EN[63:0]$1580 [0] $flatten\u_sq_engine.$0$memwr$\latch_w1$src/sq_engine.v:131$1475_EN[63:0]$1580 [0] $flatten\u_sq_engine.$0$memwr$\latch_w1$src/sq_engine.v:131$1475_EN[63:0]$1580 [0] $flatten\u_sq_engine.$0$memwr$\latch_w1$src/sq_engine.v:131$1475_EN[63:0]$1580 [0] $flatten\u_sq_engine.$0$memwr$\latch_w1$src/sq_engine.v:131$1475_EN[63:0]$1580 [0] $flatten\u_sq_engine.$0$memwr$\latch_w1$src/sq_engine.v:131$1475_EN[63:0]$1580 [0] $flatten\u_sq_engine.$0$memwr$\latch_w1$src/sq_engine.v:131$1475_EN[63:0]$1580 [0] $flatten\u_sq_engine.$0$memwr$\latch_w1$src/sq_engine.v:131$1475_EN[63:0]$1580 [0] $flatten\u_sq_engine.$0$memwr$\latch_w1$src/sq_engine.v:131$1475_EN[63:0]$1580 [0] $flatten\u_sq_engine.$0$memwr$\latch_w1$src/sq_engine.v:131$1475_EN[63:0]$1580 [0] $flatten\u_sq_engine.$0$memwr$\latch_w1$src/sq_engine.v:131$1475_EN[63:0]$1580 [0] $flatten\u_sq_engine.$0$memwr$\latch_w1$src/sq_engine.v:131$1475_EN[63:0]$1580 [0] $flatten\u_sq_engine.$0$memwr$\latch_w1$src/sq_engine.v:131$1475_EN[63:0]$1580 [0] $flatten\u_sq_engine.$0$memwr$\latch_w1$src/sq_engine.v:131$1475_EN[63:0]$1580 [0] $flatten\u_sq_engine.$0$memwr$\latch_w1$src/sq_engine.v:131$1475_EN[63:0]$1580 [0] $flatten\u_sq_engine.$0$memwr$\latch_w1$src/sq_engine.v:131$1475_EN[63:0]$1580 [0] $flatten\u_sq_engine.$0$memwr$\latch_w1$src/sq_engine.v:131$1475_EN[63:0]$1580 [0] $flatten\u_sq_engine.$0$memwr$\latch_w1$src/sq_engine.v:131$1475_EN[63:0]$1580 [0] $flatten\u_sq_engine.$0$memwr$\latch_w1$src/sq_engine.v:131$1475_EN[63:0]$1580 [0] $flatten\u_sq_engine.$0$memwr$\latch_w1$src/sq_engine.v:131$1475_EN[63:0]$1580 [0] $flatten\u_sq_engine.$0$memwr$\latch_w1$src/sq_engine.v:131$1475_EN[63:0]$1580 [0] $flatten\u_sq_engine.$0$memwr$\latch_w1$src/sq_engine.v:131$1475_EN[63:0]$1580 [0] $flatten\u_sq_engine.$0$memwr$\latch_w1$src/sq_engine.v:131$1475_EN[63:0]$1580 [0] $flatten\u_sq_engine.$0$memwr$\latch_w1$src/sq_engine.v:131$1475_EN[63:0]$1580 [0] $flatten\u_sq_engine.$0$memwr$\latch_w1$src/sq_engine.v:131$1475_EN[63:0]$1580 [0] $flatten\u_sq_engine.$0$memwr$\latch_w1$src/sq_engine.v:131$1475_EN[63:0]$1580 [0] $flatten\u_sq_engine.$0$memwr$\latch_w1$src/sq_engine.v:131$1475_EN[63:0]$1580 [0] $flatten\u_sq_engine.$0$memwr$\latch_w1$src/sq_engine.v:131$1475_EN[63:0]$1580 [0] $flatten\u_sq_engine.$0$memwr$\latch_w1$src/sq_engine.v:131$1475_EN[63:0]$1580 [0] $flatten\u_sq_engine.$0$memwr$\latch_w1$src/sq_engine.v:131$1475_EN[63:0]$1580 [0] $flatten\u_sq_engine.$0$memwr$\latch_w1$src/sq_engine.v:131$1475_EN[63:0]$1580 [0] $flatten\u_sq_engine.$0$memwr$\latch_w1$src/sq_engine.v:131$1475_EN[63:0]$1580 [0] $flatten\u_sq_engine.$0$memwr$\latch_w1$src/sq_engine.v:131$1475_EN[63:0]$1580 [0] $flatten\u_sq_engine.$0$memwr$\latch_w1$src/sq_engine.v:131$1475_EN[63:0]$1580 [0] $flatten\u_sq_engine.$0$memwr$\latch_w1$src/sq_engine.v:131$1475_EN[63:0]$1580 [0] $flatten\u_sq_engine.$0$memwr$\latch_w1$src/sq_engine.v:131$1475_EN[63:0]$1580 [0] $flatten\u_sq_engine.$0$memwr$\latch_w1$src/sq_engine.v:131$1475_EN[63:0]$1580 [0] $flatten\u_sq_engine.$0$memwr$\latch_w1$src/sq_engine.v:131$1475_EN[63:0]$1580 [0] $flatten\u_sq_engine.$0$memwr$\latch_w1$src/sq_engine.v:131$1475_EN[63:0]$1580 [0] $flatten\u_sq_engine.$0$memwr$\latch_w1$src/sq_engine.v:131$1475_EN[63:0]$1580 [0] $flatten\u_sq_engine.$0$memwr$\latch_w1$src/sq_engine.v:131$1475_EN[63:0]$1580 [0] $flatten\u_sq_engine.$0$memwr$\latch_w1$src/sq_engine.v:131$1475_EN[63:0]$1580 [0] $flatten\u_sq_engine.$0$memwr$\latch_w1$src/sq_engine.v:131$1475_EN[63:0]$1580 [0] }
    Consolidated identical input bits for $mux cell $flatten\u_sq_engine.$procmux$6438:
      Old ports: A=64'1111111111111111111111111111111111111111111111111111111111111111, B=64'0000000000000000000000000000000000000000000000000000000000000000, Y=$flatten\u_sq_engine.$0$memwr$\latch_w2$src/sq_engine.v:131$1476_EN[63:0]$1581
      New ports: A=1'1, B=1'0, Y=$flatten\u_sq_engine.$0$memwr$\latch_w2$src/sq_engine.v:131$1476_EN[63:0]$1581 [0]
      New connections: $flatten\u_sq_engine.$0$memwr$\latch_w2$src/sq_engine.v:131$1476_EN[63:0]$1581 [63:1] = { $flatten\u_sq_engine.$0$memwr$\latch_w2$src/sq_engine.v:131$1476_EN[63:0]$1581 [0] $flatten\u_sq_engine.$0$memwr$\latch_w2$src/sq_engine.v:131$1476_EN[63:0]$1581 [0] $flatten\u_sq_engine.$0$memwr$\latch_w2$src/sq_engine.v:131$1476_EN[63:0]$1581 [0] $flatten\u_sq_engine.$0$memwr$\latch_w2$src/sq_engine.v:131$1476_EN[63:0]$1581 [0] $flatten\u_sq_engine.$0$memwr$\latch_w2$src/sq_engine.v:131$1476_EN[63:0]$1581 [0] $flatten\u_sq_engine.$0$memwr$\latch_w2$src/sq_engine.v:131$1476_EN[63:0]$1581 [0] $flatten\u_sq_engine.$0$memwr$\latch_w2$src/sq_engine.v:131$1476_EN[63:0]$1581 [0] $flatten\u_sq_engine.$0$memwr$\latch_w2$src/sq_engine.v:131$1476_EN[63:0]$1581 [0] $flatten\u_sq_engine.$0$memwr$\latch_w2$src/sq_engine.v:131$1476_EN[63:0]$1581 [0] $flatten\u_sq_engine.$0$memwr$\latch_w2$src/sq_engine.v:131$1476_EN[63:0]$1581 [0] $flatten\u_sq_engine.$0$memwr$\latch_w2$src/sq_engine.v:131$1476_EN[63:0]$1581 [0] $flatten\u_sq_engine.$0$memwr$\latch_w2$src/sq_engine.v:131$1476_EN[63:0]$1581 [0] $flatten\u_sq_engine.$0$memwr$\latch_w2$src/sq_engine.v:131$1476_EN[63:0]$1581 [0] $flatten\u_sq_engine.$0$memwr$\latch_w2$src/sq_engine.v:131$1476_EN[63:0]$1581 [0] $flatten\u_sq_engine.$0$memwr$\latch_w2$src/sq_engine.v:131$1476_EN[63:0]$1581 [0] $flatten\u_sq_engine.$0$memwr$\latch_w2$src/sq_engine.v:131$1476_EN[63:0]$1581 [0] $flatten\u_sq_engine.$0$memwr$\latch_w2$src/sq_engine.v:131$1476_EN[63:0]$1581 [0] $flatten\u_sq_engine.$0$memwr$\latch_w2$src/sq_engine.v:131$1476_EN[63:0]$1581 [0] $flatten\u_sq_engine.$0$memwr$\latch_w2$src/sq_engine.v:131$1476_EN[63:0]$1581 [0] $flatten\u_sq_engine.$0$memwr$\latch_w2$src/sq_engine.v:131$1476_EN[63:0]$1581 [0] $flatten\u_sq_engine.$0$memwr$\latch_w2$src/sq_engine.v:131$1476_EN[63:0]$1581 [0] $flatten\u_sq_engine.$0$memwr$\latch_w2$src/sq_engine.v:131$1476_EN[63:0]$1581 [0] $flatten\u_sq_engine.$0$memwr$\latch_w2$src/sq_engine.v:131$1476_EN[63:0]$1581 [0] $flatten\u_sq_engine.$0$memwr$\latch_w2$src/sq_engine.v:131$1476_EN[63:0]$1581 [0] $flatten\u_sq_engine.$0$memwr$\latch_w2$src/sq_engine.v:131$1476_EN[63:0]$1581 [0] $flatten\u_sq_engine.$0$memwr$\latch_w2$src/sq_engine.v:131$1476_EN[63:0]$1581 [0] $flatten\u_sq_engine.$0$memwr$\latch_w2$src/sq_engine.v:131$1476_EN[63:0]$1581 [0] $flatten\u_sq_engine.$0$memwr$\latch_w2$src/sq_engine.v:131$1476_EN[63:0]$1581 [0] $flatten\u_sq_engine.$0$memwr$\latch_w2$src/sq_engine.v:131$1476_EN[63:0]$1581 [0] $flatten\u_sq_engine.$0$memwr$\latch_w2$src/sq_engine.v:131$1476_EN[63:0]$1581 [0] $flatten\u_sq_engine.$0$memwr$\latch_w2$src/sq_engine.v:131$1476_EN[63:0]$1581 [0] $flatten\u_sq_engine.$0$memwr$\latch_w2$src/sq_engine.v:131$1476_EN[63:0]$1581 [0] $flatten\u_sq_engine.$0$memwr$\latch_w2$src/sq_engine.v:131$1476_EN[63:0]$1581 [0] $flatten\u_sq_engine.$0$memwr$\latch_w2$src/sq_engine.v:131$1476_EN[63:0]$1581 [0] $flatten\u_sq_engine.$0$memwr$\latch_w2$src/sq_engine.v:131$1476_EN[63:0]$1581 [0] $flatten\u_sq_engine.$0$memwr$\latch_w2$src/sq_engine.v:131$1476_EN[63:0]$1581 [0] $flatten\u_sq_engine.$0$memwr$\latch_w2$src/sq_engine.v:131$1476_EN[63:0]$1581 [0] $flatten\u_sq_engine.$0$memwr$\latch_w2$src/sq_engine.v:131$1476_EN[63:0]$1581 [0] $flatten\u_sq_engine.$0$memwr$\latch_w2$src/sq_engine.v:131$1476_EN[63:0]$1581 [0] $flatten\u_sq_engine.$0$memwr$\latch_w2$src/sq_engine.v:131$1476_EN[63:0]$1581 [0] $flatten\u_sq_engine.$0$memwr$\latch_w2$src/sq_engine.v:131$1476_EN[63:0]$1581 [0] $flatten\u_sq_engine.$0$memwr$\latch_w2$src/sq_engine.v:131$1476_EN[63:0]$1581 [0] $flatten\u_sq_engine.$0$memwr$\latch_w2$src/sq_engine.v:131$1476_EN[63:0]$1581 [0] $flatten\u_sq_engine.$0$memwr$\latch_w2$src/sq_engine.v:131$1476_EN[63:0]$1581 [0] $flatten\u_sq_engine.$0$memwr$\latch_w2$src/sq_engine.v:131$1476_EN[63:0]$1581 [0] $flatten\u_sq_engine.$0$memwr$\latch_w2$src/sq_engine.v:131$1476_EN[63:0]$1581 [0] $flatten\u_sq_engine.$0$memwr$\latch_w2$src/sq_engine.v:131$1476_EN[63:0]$1581 [0] $flatten\u_sq_engine.$0$memwr$\latch_w2$src/sq_engine.v:131$1476_EN[63:0]$1581 [0] $flatten\u_sq_engine.$0$memwr$\latch_w2$src/sq_engine.v:131$1476_EN[63:0]$1581 [0] $flatten\u_sq_engine.$0$memwr$\latch_w2$src/sq_engine.v:131$1476_EN[63:0]$1581 [0] $flatten\u_sq_engine.$0$memwr$\latch_w2$src/sq_engine.v:131$1476_EN[63:0]$1581 [0] $flatten\u_sq_engine.$0$memwr$\latch_w2$src/sq_engine.v:131$1476_EN[63:0]$1581 [0] $flatten\u_sq_engine.$0$memwr$\latch_w2$src/sq_engine.v:131$1476_EN[63:0]$1581 [0] $flatten\u_sq_engine.$0$memwr$\latch_w2$src/sq_engine.v:131$1476_EN[63:0]$1581 [0] $flatten\u_sq_engine.$0$memwr$\latch_w2$src/sq_engine.v:131$1476_EN[63:0]$1581 [0] $flatten\u_sq_engine.$0$memwr$\latch_w2$src/sq_engine.v:131$1476_EN[63:0]$1581 [0] $flatten\u_sq_engine.$0$memwr$\latch_w2$src/sq_engine.v:131$1476_EN[63:0]$1581 [0] $flatten\u_sq_engine.$0$memwr$\latch_w2$src/sq_engine.v:131$1476_EN[63:0]$1581 [0] $flatten\u_sq_engine.$0$memwr$\latch_w2$src/sq_engine.v:131$1476_EN[63:0]$1581 [0] $flatten\u_sq_engine.$0$memwr$\latch_w2$src/sq_engine.v:131$1476_EN[63:0]$1581 [0] $flatten\u_sq_engine.$0$memwr$\latch_w2$src/sq_engine.v:131$1476_EN[63:0]$1581 [0] $flatten\u_sq_engine.$0$memwr$\latch_w2$src/sq_engine.v:131$1476_EN[63:0]$1581 [0] $flatten\u_sq_engine.$0$memwr$\latch_w2$src/sq_engine.v:131$1476_EN[63:0]$1581 [0] }
    Consolidated identical input bits for $mux cell $flatten\u_sq_engine.$procmux$5794:
      Old ports: A=64'0000000000000000000000000000000000000000000000000000000000000000, B=64'1111111111111111111111111111111111111111111111111111111111111111, Y=$flatten\u_sq_engine.$procmux$5794_Y
      New ports: A=1'0, B=1'1, Y=$flatten\u_sq_engine.$procmux$5794_Y [0]
      New connections: $flatten\u_sq_engine.$procmux$5794_Y [63:1] = { $flatten\u_sq_engine.$procmux$5794_Y [0] $flatten\u_sq_engine.$procmux$5794_Y [0] $flatten\u_sq_engine.$procmux$5794_Y [0] $flatten\u_sq_engine.$procmux$5794_Y [0] $flatten\u_sq_engine.$procmux$5794_Y [0] $flatten\u_sq_engine.$procmux$5794_Y [0] $flatten\u_sq_engine.$procmux$5794_Y [0] $flatten\u_sq_engine.$procmux$5794_Y [0] $flatten\u_sq_engine.$procmux$5794_Y [0] $flatten\u_sq_engine.$procmux$5794_Y [0] $flatten\u_sq_engine.$procmux$5794_Y [0] $flatten\u_sq_engine.$procmux$5794_Y [0] $flatten\u_sq_engine.$procmux$5794_Y [0] $flatten\u_sq_engine.$procmux$5794_Y [0] $flatten\u_sq_engine.$procmux$5794_Y [0] $flatten\u_sq_engine.$procmux$5794_Y [0] $flatten\u_sq_engine.$procmux$5794_Y [0] $flatten\u_sq_engine.$procmux$5794_Y [0] $flatten\u_sq_engine.$procmux$5794_Y [0] $flatten\u_sq_engine.$procmux$5794_Y [0] $flatten\u_sq_engine.$procmux$5794_Y [0] $flatten\u_sq_engine.$procmux$5794_Y [0] $flatten\u_sq_engine.$procmux$5794_Y [0] $flatten\u_sq_engine.$procmux$5794_Y [0] $flatten\u_sq_engine.$procmux$5794_Y [0] $flatten\u_sq_engine.$procmux$5794_Y [0] $flatten\u_sq_engine.$procmux$5794_Y [0] $flatten\u_sq_engine.$procmux$5794_Y [0] $flatten\u_sq_engine.$procmux$5794_Y [0] $flatten\u_sq_engine.$procmux$5794_Y [0] $flatten\u_sq_engine.$procmux$5794_Y [0] $flatten\u_sq_engine.$procmux$5794_Y [0] $flatten\u_sq_engine.$procmux$5794_Y [0] $flatten\u_sq_engine.$procmux$5794_Y [0] $flatten\u_sq_engine.$procmux$5794_Y [0] $flatten\u_sq_engine.$procmux$5794_Y [0] $flatten\u_sq_engine.$procmux$5794_Y [0] $flatten\u_sq_engine.$procmux$5794_Y [0] $flatten\u_sq_engine.$procmux$5794_Y [0] $flatten\u_sq_engine.$procmux$5794_Y [0] $flatten\u_sq_engine.$procmux$5794_Y [0] $flatten\u_sq_engine.$procmux$5794_Y [0] $flatten\u_sq_engine.$procmux$5794_Y [0] $flatten\u_sq_engine.$procmux$5794_Y [0] $flatten\u_sq_engine.$procmux$5794_Y [0] $flatten\u_sq_engine.$procmux$5794_Y [0] $flatten\u_sq_engine.$procmux$5794_Y [0] $flatten\u_sq_engine.$procmux$5794_Y [0] $flatten\u_sq_engine.$procmux$5794_Y [0] $flatten\u_sq_engine.$procmux$5794_Y [0] $flatten\u_sq_engine.$procmux$5794_Y [0] $flatten\u_sq_engine.$procmux$5794_Y [0] $flatten\u_sq_engine.$procmux$5794_Y [0] $flatten\u_sq_engine.$procmux$5794_Y [0] $flatten\u_sq_engine.$procmux$5794_Y [0] $flatten\u_sq_engine.$procmux$5794_Y [0] $flatten\u_sq_engine.$procmux$5794_Y [0] $flatten\u_sq_engine.$procmux$5794_Y [0] $flatten\u_sq_engine.$procmux$5794_Y [0] $flatten\u_sq_engine.$procmux$5794_Y [0] $flatten\u_sq_engine.$procmux$5794_Y [0] $flatten\u_sq_engine.$procmux$5794_Y [0] $flatten\u_sq_engine.$procmux$5794_Y [0] }
    Consolidated identical input bits for $mux cell $flatten\u_sq_engine.$procmux$6432:
      Old ports: A=6'111111, B=6'000000, Y=$flatten\u_sq_engine.$0$memwr$\cid_counter$src/sq_engine.v:133$1478_EN[5:0]$1583
      New ports: A=1'1, B=1'0, Y=$flatten\u_sq_engine.$0$memwr$\cid_counter$src/sq_engine.v:133$1478_EN[5:0]$1583 [0]
      New connections: $flatten\u_sq_engine.$0$memwr$\cid_counter$src/sq_engine.v:133$1478_EN[5:0]$1583 [5:1] = { $flatten\u_sq_engine.$0$memwr$\cid_counter$src/sq_engine.v:133$1478_EN[5:0]$1583 [0] $flatten\u_sq_engine.$0$memwr$\cid_counter$src/sq_engine.v:133$1478_EN[5:0]$1583 [0] $flatten\u_sq_engine.$0$memwr$\cid_counter$src/sq_engine.v:133$1478_EN[5:0]$1583 [0] $flatten\u_sq_engine.$0$memwr$\cid_counter$src/sq_engine.v:133$1478_EN[5:0]$1583 [0] $flatten\u_sq_engine.$0$memwr$\cid_counter$src/sq_engine.v:133$1478_EN[5:0]$1583 [0] }
    Consolidated identical input bits for $mux cell $flatten\u_sq_engine.$procmux$5704:
      Old ports: A=64'0000000000000000000000000000000000000000000000000000000000000000, B=64'1111111111111111111111111111111111111111111111111111111111111111, Y=$flatten\u_sq_engine.$procmux$5704_Y
      New ports: A=1'0, B=1'1, Y=$flatten\u_sq_engine.$procmux$5704_Y [0]
      New connections: $flatten\u_sq_engine.$procmux$5704_Y [63:1] = { $flatten\u_sq_engine.$procmux$5704_Y [0] $flatten\u_sq_engine.$procmux$5704_Y [0] $flatten\u_sq_engine.$procmux$5704_Y [0] $flatten\u_sq_engine.$procmux$5704_Y [0] $flatten\u_sq_engine.$procmux$5704_Y [0] $flatten\u_sq_engine.$procmux$5704_Y [0] $flatten\u_sq_engine.$procmux$5704_Y [0] $flatten\u_sq_engine.$procmux$5704_Y [0] $flatten\u_sq_engine.$procmux$5704_Y [0] $flatten\u_sq_engine.$procmux$5704_Y [0] $flatten\u_sq_engine.$procmux$5704_Y [0] $flatten\u_sq_engine.$procmux$5704_Y [0] $flatten\u_sq_engine.$procmux$5704_Y [0] $flatten\u_sq_engine.$procmux$5704_Y [0] $flatten\u_sq_engine.$procmux$5704_Y [0] $flatten\u_sq_engine.$procmux$5704_Y [0] $flatten\u_sq_engine.$procmux$5704_Y [0] $flatten\u_sq_engine.$procmux$5704_Y [0] $flatten\u_sq_engine.$procmux$5704_Y [0] $flatten\u_sq_engine.$procmux$5704_Y [0] $flatten\u_sq_engine.$procmux$5704_Y [0] $flatten\u_sq_engine.$procmux$5704_Y [0] $flatten\u_sq_engine.$procmux$5704_Y [0] $flatten\u_sq_engine.$procmux$5704_Y [0] $flatten\u_sq_engine.$procmux$5704_Y [0] $flatten\u_sq_engine.$procmux$5704_Y [0] $flatten\u_sq_engine.$procmux$5704_Y [0] $flatten\u_sq_engine.$procmux$5704_Y [0] $flatten\u_sq_engine.$procmux$5704_Y [0] $flatten\u_sq_engine.$procmux$5704_Y [0] $flatten\u_sq_engine.$procmux$5704_Y [0] $flatten\u_sq_engine.$procmux$5704_Y [0] $flatten\u_sq_engine.$procmux$5704_Y [0] $flatten\u_sq_engine.$procmux$5704_Y [0] $flatten\u_sq_engine.$procmux$5704_Y [0] $flatten\u_sq_engine.$procmux$5704_Y [0] $flatten\u_sq_engine.$procmux$5704_Y [0] $flatten\u_sq_engine.$procmux$5704_Y [0] $flatten\u_sq_engine.$procmux$5704_Y [0] $flatten\u_sq_engine.$procmux$5704_Y [0] $flatten\u_sq_engine.$procmux$5704_Y [0] $flatten\u_sq_engine.$procmux$5704_Y [0] $flatten\u_sq_engine.$procmux$5704_Y [0] $flatten\u_sq_engine.$procmux$5704_Y [0] $flatten\u_sq_engine.$procmux$5704_Y [0] $flatten\u_sq_engine.$procmux$5704_Y [0] $flatten\u_sq_engine.$procmux$5704_Y [0] $flatten\u_sq_engine.$procmux$5704_Y [0] $flatten\u_sq_engine.$procmux$5704_Y [0] $flatten\u_sq_engine.$procmux$5704_Y [0] $flatten\u_sq_engine.$procmux$5704_Y [0] $flatten\u_sq_engine.$procmux$5704_Y [0] $flatten\u_sq_engine.$procmux$5704_Y [0] $flatten\u_sq_engine.$procmux$5704_Y [0] $flatten\u_sq_engine.$procmux$5704_Y [0] $flatten\u_sq_engine.$procmux$5704_Y [0] $flatten\u_sq_engine.$procmux$5704_Y [0] $flatten\u_sq_engine.$procmux$5704_Y [0] $flatten\u_sq_engine.$procmux$5704_Y [0] $flatten\u_sq_engine.$procmux$5704_Y [0] $flatten\u_sq_engine.$procmux$5704_Y [0] $flatten\u_sq_engine.$procmux$5704_Y [0] $flatten\u_sq_engine.$procmux$5704_Y [0] }
    Consolidated identical input bits for $mux cell $flatten\u_sq_engine.$procmux$6429:
      Old ports: A=64'1111111111111111111111111111111111111111111111111111111111111111, B=64'0000000000000000000000000000000000000000000000000000000000000000, Y=$flatten\u_sq_engine.$0$memwr$\latch_w0$src/sq_engine.v:131$1479_EN[63:0]$1584
      New ports: A=1'1, B=1'0, Y=$flatten\u_sq_engine.$0$memwr$\latch_w0$src/sq_engine.v:131$1479_EN[63:0]$1584 [0]
      New connections: $flatten\u_sq_engine.$0$memwr$\latch_w0$src/sq_engine.v:131$1479_EN[63:0]$1584 [63:1] = { $flatten\u_sq_engine.$0$memwr$\latch_w0$src/sq_engine.v:131$1479_EN[63:0]$1584 [0] $flatten\u_sq_engine.$0$memwr$\latch_w0$src/sq_engine.v:131$1479_EN[63:0]$1584 [0] $flatten\u_sq_engine.$0$memwr$\latch_w0$src/sq_engine.v:131$1479_EN[63:0]$1584 [0] $flatten\u_sq_engine.$0$memwr$\latch_w0$src/sq_engine.v:131$1479_EN[63:0]$1584 [0] $flatten\u_sq_engine.$0$memwr$\latch_w0$src/sq_engine.v:131$1479_EN[63:0]$1584 [0] $flatten\u_sq_engine.$0$memwr$\latch_w0$src/sq_engine.v:131$1479_EN[63:0]$1584 [0] $flatten\u_sq_engine.$0$memwr$\latch_w0$src/sq_engine.v:131$1479_EN[63:0]$1584 [0] $flatten\u_sq_engine.$0$memwr$\latch_w0$src/sq_engine.v:131$1479_EN[63:0]$1584 [0] $flatten\u_sq_engine.$0$memwr$\latch_w0$src/sq_engine.v:131$1479_EN[63:0]$1584 [0] $flatten\u_sq_engine.$0$memwr$\latch_w0$src/sq_engine.v:131$1479_EN[63:0]$1584 [0] $flatten\u_sq_engine.$0$memwr$\latch_w0$src/sq_engine.v:131$1479_EN[63:0]$1584 [0] $flatten\u_sq_engine.$0$memwr$\latch_w0$src/sq_engine.v:131$1479_EN[63:0]$1584 [0] $flatten\u_sq_engine.$0$memwr$\latch_w0$src/sq_engine.v:131$1479_EN[63:0]$1584 [0] $flatten\u_sq_engine.$0$memwr$\latch_w0$src/sq_engine.v:131$1479_EN[63:0]$1584 [0] $flatten\u_sq_engine.$0$memwr$\latch_w0$src/sq_engine.v:131$1479_EN[63:0]$1584 [0] $flatten\u_sq_engine.$0$memwr$\latch_w0$src/sq_engine.v:131$1479_EN[63:0]$1584 [0] $flatten\u_sq_engine.$0$memwr$\latch_w0$src/sq_engine.v:131$1479_EN[63:0]$1584 [0] $flatten\u_sq_engine.$0$memwr$\latch_w0$src/sq_engine.v:131$1479_EN[63:0]$1584 [0] $flatten\u_sq_engine.$0$memwr$\latch_w0$src/sq_engine.v:131$1479_EN[63:0]$1584 [0] $flatten\u_sq_engine.$0$memwr$\latch_w0$src/sq_engine.v:131$1479_EN[63:0]$1584 [0] $flatten\u_sq_engine.$0$memwr$\latch_w0$src/sq_engine.v:131$1479_EN[63:0]$1584 [0] $flatten\u_sq_engine.$0$memwr$\latch_w0$src/sq_engine.v:131$1479_EN[63:0]$1584 [0] $flatten\u_sq_engine.$0$memwr$\latch_w0$src/sq_engine.v:131$1479_EN[63:0]$1584 [0] $flatten\u_sq_engine.$0$memwr$\latch_w0$src/sq_engine.v:131$1479_EN[63:0]$1584 [0] $flatten\u_sq_engine.$0$memwr$\latch_w0$src/sq_engine.v:131$1479_EN[63:0]$1584 [0] $flatten\u_sq_engine.$0$memwr$\latch_w0$src/sq_engine.v:131$1479_EN[63:0]$1584 [0] $flatten\u_sq_engine.$0$memwr$\latch_w0$src/sq_engine.v:131$1479_EN[63:0]$1584 [0] $flatten\u_sq_engine.$0$memwr$\latch_w0$src/sq_engine.v:131$1479_EN[63:0]$1584 [0] $flatten\u_sq_engine.$0$memwr$\latch_w0$src/sq_engine.v:131$1479_EN[63:0]$1584 [0] $flatten\u_sq_engine.$0$memwr$\latch_w0$src/sq_engine.v:131$1479_EN[63:0]$1584 [0] $flatten\u_sq_engine.$0$memwr$\latch_w0$src/sq_engine.v:131$1479_EN[63:0]$1584 [0] $flatten\u_sq_engine.$0$memwr$\latch_w0$src/sq_engine.v:131$1479_EN[63:0]$1584 [0] $flatten\u_sq_engine.$0$memwr$\latch_w0$src/sq_engine.v:131$1479_EN[63:0]$1584 [0] $flatten\u_sq_engine.$0$memwr$\latch_w0$src/sq_engine.v:131$1479_EN[63:0]$1584 [0] $flatten\u_sq_engine.$0$memwr$\latch_w0$src/sq_engine.v:131$1479_EN[63:0]$1584 [0] $flatten\u_sq_engine.$0$memwr$\latch_w0$src/sq_engine.v:131$1479_EN[63:0]$1584 [0] $flatten\u_sq_engine.$0$memwr$\latch_w0$src/sq_engine.v:131$1479_EN[63:0]$1584 [0] $flatten\u_sq_engine.$0$memwr$\latch_w0$src/sq_engine.v:131$1479_EN[63:0]$1584 [0] $flatten\u_sq_engine.$0$memwr$\latch_w0$src/sq_engine.v:131$1479_EN[63:0]$1584 [0] $flatten\u_sq_engine.$0$memwr$\latch_w0$src/sq_engine.v:131$1479_EN[63:0]$1584 [0] $flatten\u_sq_engine.$0$memwr$\latch_w0$src/sq_engine.v:131$1479_EN[63:0]$1584 [0] $flatten\u_sq_engine.$0$memwr$\latch_w0$src/sq_engine.v:131$1479_EN[63:0]$1584 [0] $flatten\u_sq_engine.$0$memwr$\latch_w0$src/sq_engine.v:131$1479_EN[63:0]$1584 [0] $flatten\u_sq_engine.$0$memwr$\latch_w0$src/sq_engine.v:131$1479_EN[63:0]$1584 [0] $flatten\u_sq_engine.$0$memwr$\latch_w0$src/sq_engine.v:131$1479_EN[63:0]$1584 [0] $flatten\u_sq_engine.$0$memwr$\latch_w0$src/sq_engine.v:131$1479_EN[63:0]$1584 [0] $flatten\u_sq_engine.$0$memwr$\latch_w0$src/sq_engine.v:131$1479_EN[63:0]$1584 [0] $flatten\u_sq_engine.$0$memwr$\latch_w0$src/sq_engine.v:131$1479_EN[63:0]$1584 [0] $flatten\u_sq_engine.$0$memwr$\latch_w0$src/sq_engine.v:131$1479_EN[63:0]$1584 [0] $flatten\u_sq_engine.$0$memwr$\latch_w0$src/sq_engine.v:131$1479_EN[63:0]$1584 [0] $flatten\u_sq_engine.$0$memwr$\latch_w0$src/sq_engine.v:131$1479_EN[63:0]$1584 [0] $flatten\u_sq_engine.$0$memwr$\latch_w0$src/sq_engine.v:131$1479_EN[63:0]$1584 [0] $flatten\u_sq_engine.$0$memwr$\latch_w0$src/sq_engine.v:131$1479_EN[63:0]$1584 [0] $flatten\u_sq_engine.$0$memwr$\latch_w0$src/sq_engine.v:131$1479_EN[63:0]$1584 [0] $flatten\u_sq_engine.$0$memwr$\latch_w0$src/sq_engine.v:131$1479_EN[63:0]$1584 [0] $flatten\u_sq_engine.$0$memwr$\latch_w0$src/sq_engine.v:131$1479_EN[63:0]$1584 [0] $flatten\u_sq_engine.$0$memwr$\latch_w0$src/sq_engine.v:131$1479_EN[63:0]$1584 [0] $flatten\u_sq_engine.$0$memwr$\latch_w0$src/sq_engine.v:131$1479_EN[63:0]$1584 [0] $flatten\u_sq_engine.$0$memwr$\latch_w0$src/sq_engine.v:131$1479_EN[63:0]$1584 [0] $flatten\u_sq_engine.$0$memwr$\latch_w0$src/sq_engine.v:131$1479_EN[63:0]$1584 [0] $flatten\u_sq_engine.$0$memwr$\latch_w0$src/sq_engine.v:131$1479_EN[63:0]$1584 [0] $flatten\u_sq_engine.$0$memwr$\latch_w0$src/sq_engine.v:131$1479_EN[63:0]$1584 [0] $flatten\u_sq_engine.$0$memwr$\latch_w0$src/sq_engine.v:131$1479_EN[63:0]$1584 [0] }
    New ctrl vector for $pmux cell $flatten\u_sq_engine.$procmux$6501: $auto$opt_reduce.cc:137:opt_pmux$7405
    Consolidated identical input bits for $mux cell $flatten\u_sq_engine.$procmux$6426:
      Old ports: A=64'1111111111111111111111111111111111111111111111111111111111111111, B=64'0000000000000000000000000000000000000000000000000000000000000000, Y=$flatten\u_sq_engine.$0$memwr$\latch_w1$src/sq_engine.v:131$1480_EN[63:0]$1585
      New ports: A=1'1, B=1'0, Y=$flatten\u_sq_engine.$0$memwr$\latch_w1$src/sq_engine.v:131$1480_EN[63:0]$1585 [0]
      New connections: $flatten\u_sq_engine.$0$memwr$\latch_w1$src/sq_engine.v:131$1480_EN[63:0]$1585 [63:1] = { $flatten\u_sq_engine.$0$memwr$\latch_w1$src/sq_engine.v:131$1480_EN[63:0]$1585 [0] $flatten\u_sq_engine.$0$memwr$\latch_w1$src/sq_engine.v:131$1480_EN[63:0]$1585 [0] $flatten\u_sq_engine.$0$memwr$\latch_w1$src/sq_engine.v:131$1480_EN[63:0]$1585 [0] $flatten\u_sq_engine.$0$memwr$\latch_w1$src/sq_engine.v:131$1480_EN[63:0]$1585 [0] $flatten\u_sq_engine.$0$memwr$\latch_w1$src/sq_engine.v:131$1480_EN[63:0]$1585 [0] $flatten\u_sq_engine.$0$memwr$\latch_w1$src/sq_engine.v:131$1480_EN[63:0]$1585 [0] $flatten\u_sq_engine.$0$memwr$\latch_w1$src/sq_engine.v:131$1480_EN[63:0]$1585 [0] $flatten\u_sq_engine.$0$memwr$\latch_w1$src/sq_engine.v:131$1480_EN[63:0]$1585 [0] $flatten\u_sq_engine.$0$memwr$\latch_w1$src/sq_engine.v:131$1480_EN[63:0]$1585 [0] $flatten\u_sq_engine.$0$memwr$\latch_w1$src/sq_engine.v:131$1480_EN[63:0]$1585 [0] $flatten\u_sq_engine.$0$memwr$\latch_w1$src/sq_engine.v:131$1480_EN[63:0]$1585 [0] $flatten\u_sq_engine.$0$memwr$\latch_w1$src/sq_engine.v:131$1480_EN[63:0]$1585 [0] $flatten\u_sq_engine.$0$memwr$\latch_w1$src/sq_engine.v:131$1480_EN[63:0]$1585 [0] $flatten\u_sq_engine.$0$memwr$\latch_w1$src/sq_engine.v:131$1480_EN[63:0]$1585 [0] $flatten\u_sq_engine.$0$memwr$\latch_w1$src/sq_engine.v:131$1480_EN[63:0]$1585 [0] $flatten\u_sq_engine.$0$memwr$\latch_w1$src/sq_engine.v:131$1480_EN[63:0]$1585 [0] $flatten\u_sq_engine.$0$memwr$\latch_w1$src/sq_engine.v:131$1480_EN[63:0]$1585 [0] $flatten\u_sq_engine.$0$memwr$\latch_w1$src/sq_engine.v:131$1480_EN[63:0]$1585 [0] $flatten\u_sq_engine.$0$memwr$\latch_w1$src/sq_engine.v:131$1480_EN[63:0]$1585 [0] $flatten\u_sq_engine.$0$memwr$\latch_w1$src/sq_engine.v:131$1480_EN[63:0]$1585 [0] $flatten\u_sq_engine.$0$memwr$\latch_w1$src/sq_engine.v:131$1480_EN[63:0]$1585 [0] $flatten\u_sq_engine.$0$memwr$\latch_w1$src/sq_engine.v:131$1480_EN[63:0]$1585 [0] $flatten\u_sq_engine.$0$memwr$\latch_w1$src/sq_engine.v:131$1480_EN[63:0]$1585 [0] $flatten\u_sq_engine.$0$memwr$\latch_w1$src/sq_engine.v:131$1480_EN[63:0]$1585 [0] $flatten\u_sq_engine.$0$memwr$\latch_w1$src/sq_engine.v:131$1480_EN[63:0]$1585 [0] $flatten\u_sq_engine.$0$memwr$\latch_w1$src/sq_engine.v:131$1480_EN[63:0]$1585 [0] $flatten\u_sq_engine.$0$memwr$\latch_w1$src/sq_engine.v:131$1480_EN[63:0]$1585 [0] $flatten\u_sq_engine.$0$memwr$\latch_w1$src/sq_engine.v:131$1480_EN[63:0]$1585 [0] $flatten\u_sq_engine.$0$memwr$\latch_w1$src/sq_engine.v:131$1480_EN[63:0]$1585 [0] $flatten\u_sq_engine.$0$memwr$\latch_w1$src/sq_engine.v:131$1480_EN[63:0]$1585 [0] $flatten\u_sq_engine.$0$memwr$\latch_w1$src/sq_engine.v:131$1480_EN[63:0]$1585 [0] $flatten\u_sq_engine.$0$memwr$\latch_w1$src/sq_engine.v:131$1480_EN[63:0]$1585 [0] $flatten\u_sq_engine.$0$memwr$\latch_w1$src/sq_engine.v:131$1480_EN[63:0]$1585 [0] $flatten\u_sq_engine.$0$memwr$\latch_w1$src/sq_engine.v:131$1480_EN[63:0]$1585 [0] $flatten\u_sq_engine.$0$memwr$\latch_w1$src/sq_engine.v:131$1480_EN[63:0]$1585 [0] $flatten\u_sq_engine.$0$memwr$\latch_w1$src/sq_engine.v:131$1480_EN[63:0]$1585 [0] $flatten\u_sq_engine.$0$memwr$\latch_w1$src/sq_engine.v:131$1480_EN[63:0]$1585 [0] $flatten\u_sq_engine.$0$memwr$\latch_w1$src/sq_engine.v:131$1480_EN[63:0]$1585 [0] $flatten\u_sq_engine.$0$memwr$\latch_w1$src/sq_engine.v:131$1480_EN[63:0]$1585 [0] $flatten\u_sq_engine.$0$memwr$\latch_w1$src/sq_engine.v:131$1480_EN[63:0]$1585 [0] $flatten\u_sq_engine.$0$memwr$\latch_w1$src/sq_engine.v:131$1480_EN[63:0]$1585 [0] $flatten\u_sq_engine.$0$memwr$\latch_w1$src/sq_engine.v:131$1480_EN[63:0]$1585 [0] $flatten\u_sq_engine.$0$memwr$\latch_w1$src/sq_engine.v:131$1480_EN[63:0]$1585 [0] $flatten\u_sq_engine.$0$memwr$\latch_w1$src/sq_engine.v:131$1480_EN[63:0]$1585 [0] $flatten\u_sq_engine.$0$memwr$\latch_w1$src/sq_engine.v:131$1480_EN[63:0]$1585 [0] $flatten\u_sq_engine.$0$memwr$\latch_w1$src/sq_engine.v:131$1480_EN[63:0]$1585 [0] $flatten\u_sq_engine.$0$memwr$\latch_w1$src/sq_engine.v:131$1480_EN[63:0]$1585 [0] $flatten\u_sq_engine.$0$memwr$\latch_w1$src/sq_engine.v:131$1480_EN[63:0]$1585 [0] $flatten\u_sq_engine.$0$memwr$\latch_w1$src/sq_engine.v:131$1480_EN[63:0]$1585 [0] $flatten\u_sq_engine.$0$memwr$\latch_w1$src/sq_engine.v:131$1480_EN[63:0]$1585 [0] $flatten\u_sq_engine.$0$memwr$\latch_w1$src/sq_engine.v:131$1480_EN[63:0]$1585 [0] $flatten\u_sq_engine.$0$memwr$\latch_w1$src/sq_engine.v:131$1480_EN[63:0]$1585 [0] $flatten\u_sq_engine.$0$memwr$\latch_w1$src/sq_engine.v:131$1480_EN[63:0]$1585 [0] $flatten\u_sq_engine.$0$memwr$\latch_w1$src/sq_engine.v:131$1480_EN[63:0]$1585 [0] $flatten\u_sq_engine.$0$memwr$\latch_w1$src/sq_engine.v:131$1480_EN[63:0]$1585 [0] $flatten\u_sq_engine.$0$memwr$\latch_w1$src/sq_engine.v:131$1480_EN[63:0]$1585 [0] $flatten\u_sq_engine.$0$memwr$\latch_w1$src/sq_engine.v:131$1480_EN[63:0]$1585 [0] $flatten\u_sq_engine.$0$memwr$\latch_w1$src/sq_engine.v:131$1480_EN[63:0]$1585 [0] $flatten\u_sq_engine.$0$memwr$\latch_w1$src/sq_engine.v:131$1480_EN[63:0]$1585 [0] $flatten\u_sq_engine.$0$memwr$\latch_w1$src/sq_engine.v:131$1480_EN[63:0]$1585 [0] $flatten\u_sq_engine.$0$memwr$\latch_w1$src/sq_engine.v:131$1480_EN[63:0]$1585 [0] $flatten\u_sq_engine.$0$memwr$\latch_w1$src/sq_engine.v:131$1480_EN[63:0]$1585 [0] $flatten\u_sq_engine.$0$memwr$\latch_w1$src/sq_engine.v:131$1480_EN[63:0]$1585 [0] }
    Consolidated identical input bits for $mux cell $flatten\u_sq_engine.$procmux$6423:
      Old ports: A=64'1111111111111111111111111111111111111111111111111111111111111111, B=64'0000000000000000000000000000000000000000000000000000000000000000, Y=$flatten\u_sq_engine.$0$memwr$\latch_w2$src/sq_engine.v:131$1481_EN[63:0]$1586
      New ports: A=1'1, B=1'0, Y=$flatten\u_sq_engine.$0$memwr$\latch_w2$src/sq_engine.v:131$1481_EN[63:0]$1586 [0]
      New connections: $flatten\u_sq_engine.$0$memwr$\latch_w2$src/sq_engine.v:131$1481_EN[63:0]$1586 [63:1] = { $flatten\u_sq_engine.$0$memwr$\latch_w2$src/sq_engine.v:131$1481_EN[63:0]$1586 [0] $flatten\u_sq_engine.$0$memwr$\latch_w2$src/sq_engine.v:131$1481_EN[63:0]$1586 [0] $flatten\u_sq_engine.$0$memwr$\latch_w2$src/sq_engine.v:131$1481_EN[63:0]$1586 [0] $flatten\u_sq_engine.$0$memwr$\latch_w2$src/sq_engine.v:131$1481_EN[63:0]$1586 [0] $flatten\u_sq_engine.$0$memwr$\latch_w2$src/sq_engine.v:131$1481_EN[63:0]$1586 [0] $flatten\u_sq_engine.$0$memwr$\latch_w2$src/sq_engine.v:131$1481_EN[63:0]$1586 [0] $flatten\u_sq_engine.$0$memwr$\latch_w2$src/sq_engine.v:131$1481_EN[63:0]$1586 [0] $flatten\u_sq_engine.$0$memwr$\latch_w2$src/sq_engine.v:131$1481_EN[63:0]$1586 [0] $flatten\u_sq_engine.$0$memwr$\latch_w2$src/sq_engine.v:131$1481_EN[63:0]$1586 [0] $flatten\u_sq_engine.$0$memwr$\latch_w2$src/sq_engine.v:131$1481_EN[63:0]$1586 [0] $flatten\u_sq_engine.$0$memwr$\latch_w2$src/sq_engine.v:131$1481_EN[63:0]$1586 [0] $flatten\u_sq_engine.$0$memwr$\latch_w2$src/sq_engine.v:131$1481_EN[63:0]$1586 [0] $flatten\u_sq_engine.$0$memwr$\latch_w2$src/sq_engine.v:131$1481_EN[63:0]$1586 [0] $flatten\u_sq_engine.$0$memwr$\latch_w2$src/sq_engine.v:131$1481_EN[63:0]$1586 [0] $flatten\u_sq_engine.$0$memwr$\latch_w2$src/sq_engine.v:131$1481_EN[63:0]$1586 [0] $flatten\u_sq_engine.$0$memwr$\latch_w2$src/sq_engine.v:131$1481_EN[63:0]$1586 [0] $flatten\u_sq_engine.$0$memwr$\latch_w2$src/sq_engine.v:131$1481_EN[63:0]$1586 [0] $flatten\u_sq_engine.$0$memwr$\latch_w2$src/sq_engine.v:131$1481_EN[63:0]$1586 [0] $flatten\u_sq_engine.$0$memwr$\latch_w2$src/sq_engine.v:131$1481_EN[63:0]$1586 [0] $flatten\u_sq_engine.$0$memwr$\latch_w2$src/sq_engine.v:131$1481_EN[63:0]$1586 [0] $flatten\u_sq_engine.$0$memwr$\latch_w2$src/sq_engine.v:131$1481_EN[63:0]$1586 [0] $flatten\u_sq_engine.$0$memwr$\latch_w2$src/sq_engine.v:131$1481_EN[63:0]$1586 [0] $flatten\u_sq_engine.$0$memwr$\latch_w2$src/sq_engine.v:131$1481_EN[63:0]$1586 [0] $flatten\u_sq_engine.$0$memwr$\latch_w2$src/sq_engine.v:131$1481_EN[63:0]$1586 [0] $flatten\u_sq_engine.$0$memwr$\latch_w2$src/sq_engine.v:131$1481_EN[63:0]$1586 [0] $flatten\u_sq_engine.$0$memwr$\latch_w2$src/sq_engine.v:131$1481_EN[63:0]$1586 [0] $flatten\u_sq_engine.$0$memwr$\latch_w2$src/sq_engine.v:131$1481_EN[63:0]$1586 [0] $flatten\u_sq_engine.$0$memwr$\latch_w2$src/sq_engine.v:131$1481_EN[63:0]$1586 [0] $flatten\u_sq_engine.$0$memwr$\latch_w2$src/sq_engine.v:131$1481_EN[63:0]$1586 [0] $flatten\u_sq_engine.$0$memwr$\latch_w2$src/sq_engine.v:131$1481_EN[63:0]$1586 [0] $flatten\u_sq_engine.$0$memwr$\latch_w2$src/sq_engine.v:131$1481_EN[63:0]$1586 [0] $flatten\u_sq_engine.$0$memwr$\latch_w2$src/sq_engine.v:131$1481_EN[63:0]$1586 [0] $flatten\u_sq_engine.$0$memwr$\latch_w2$src/sq_engine.v:131$1481_EN[63:0]$1586 [0] $flatten\u_sq_engine.$0$memwr$\latch_w2$src/sq_engine.v:131$1481_EN[63:0]$1586 [0] $flatten\u_sq_engine.$0$memwr$\latch_w2$src/sq_engine.v:131$1481_EN[63:0]$1586 [0] $flatten\u_sq_engine.$0$memwr$\latch_w2$src/sq_engine.v:131$1481_EN[63:0]$1586 [0] $flatten\u_sq_engine.$0$memwr$\latch_w2$src/sq_engine.v:131$1481_EN[63:0]$1586 [0] $flatten\u_sq_engine.$0$memwr$\latch_w2$src/sq_engine.v:131$1481_EN[63:0]$1586 [0] $flatten\u_sq_engine.$0$memwr$\latch_w2$src/sq_engine.v:131$1481_EN[63:0]$1586 [0] $flatten\u_sq_engine.$0$memwr$\latch_w2$src/sq_engine.v:131$1481_EN[63:0]$1586 [0] $flatten\u_sq_engine.$0$memwr$\latch_w2$src/sq_engine.v:131$1481_EN[63:0]$1586 [0] $flatten\u_sq_engine.$0$memwr$\latch_w2$src/sq_engine.v:131$1481_EN[63:0]$1586 [0] $flatten\u_sq_engine.$0$memwr$\latch_w2$src/sq_engine.v:131$1481_EN[63:0]$1586 [0] $flatten\u_sq_engine.$0$memwr$\latch_w2$src/sq_engine.v:131$1481_EN[63:0]$1586 [0] $flatten\u_sq_engine.$0$memwr$\latch_w2$src/sq_engine.v:131$1481_EN[63:0]$1586 [0] $flatten\u_sq_engine.$0$memwr$\latch_w2$src/sq_engine.v:131$1481_EN[63:0]$1586 [0] $flatten\u_sq_engine.$0$memwr$\latch_w2$src/sq_engine.v:131$1481_EN[63:0]$1586 [0] $flatten\u_sq_engine.$0$memwr$\latch_w2$src/sq_engine.v:131$1481_EN[63:0]$1586 [0] $flatten\u_sq_engine.$0$memwr$\latch_w2$src/sq_engine.v:131$1481_EN[63:0]$1586 [0] $flatten\u_sq_engine.$0$memwr$\latch_w2$src/sq_engine.v:131$1481_EN[63:0]$1586 [0] $flatten\u_sq_engine.$0$memwr$\latch_w2$src/sq_engine.v:131$1481_EN[63:0]$1586 [0] $flatten\u_sq_engine.$0$memwr$\latch_w2$src/sq_engine.v:131$1481_EN[63:0]$1586 [0] $flatten\u_sq_engine.$0$memwr$\latch_w2$src/sq_engine.v:131$1481_EN[63:0]$1586 [0] $flatten\u_sq_engine.$0$memwr$\latch_w2$src/sq_engine.v:131$1481_EN[63:0]$1586 [0] $flatten\u_sq_engine.$0$memwr$\latch_w2$src/sq_engine.v:131$1481_EN[63:0]$1586 [0] $flatten\u_sq_engine.$0$memwr$\latch_w2$src/sq_engine.v:131$1481_EN[63:0]$1586 [0] $flatten\u_sq_engine.$0$memwr$\latch_w2$src/sq_engine.v:131$1481_EN[63:0]$1586 [0] $flatten\u_sq_engine.$0$memwr$\latch_w2$src/sq_engine.v:131$1481_EN[63:0]$1586 [0] $flatten\u_sq_engine.$0$memwr$\latch_w2$src/sq_engine.v:131$1481_EN[63:0]$1586 [0] $flatten\u_sq_engine.$0$memwr$\latch_w2$src/sq_engine.v:131$1481_EN[63:0]$1586 [0] $flatten\u_sq_engine.$0$memwr$\latch_w2$src/sq_engine.v:131$1481_EN[63:0]$1586 [0] $flatten\u_sq_engine.$0$memwr$\latch_w2$src/sq_engine.v:131$1481_EN[63:0]$1586 [0] $flatten\u_sq_engine.$0$memwr$\latch_w2$src/sq_engine.v:131$1481_EN[63:0]$1586 [0] }
    Consolidated identical input bits for $mux cell $flatten\u_sq_engine.$procmux$6417:
      Old ports: A=6'111111, B=6'000000, Y=$flatten\u_sq_engine.$0$memwr$\cid_counter$src/sq_engine.v:133$1483_EN[5:0]$1588
      New ports: A=1'1, B=1'0, Y=$flatten\u_sq_engine.$0$memwr$\cid_counter$src/sq_engine.v:133$1483_EN[5:0]$1588 [0]
      New connections: $flatten\u_sq_engine.$0$memwr$\cid_counter$src/sq_engine.v:133$1483_EN[5:0]$1588 [5:1] = { $flatten\u_sq_engine.$0$memwr$\cid_counter$src/sq_engine.v:133$1483_EN[5:0]$1588 [0] $flatten\u_sq_engine.$0$memwr$\cid_counter$src/sq_engine.v:133$1483_EN[5:0]$1588 [0] $flatten\u_sq_engine.$0$memwr$\cid_counter$src/sq_engine.v:133$1483_EN[5:0]$1588 [0] $flatten\u_sq_engine.$0$memwr$\cid_counter$src/sq_engine.v:133$1483_EN[5:0]$1588 [0] $flatten\u_sq_engine.$0$memwr$\cid_counter$src/sq_engine.v:133$1483_EN[5:0]$1588 [0] }
    Consolidated identical input bits for $mux cell $flatten\u_sq_engine.$procmux$6414:
      Old ports: A=64'1111111111111111111111111111111111111111111111111111111111111111, B=64'0000000000000000000000000000000000000000000000000000000000000000, Y=$flatten\u_sq_engine.$0$memwr$\latch_w0$src/sq_engine.v:131$1484_EN[63:0]$1589
      New ports: A=1'1, B=1'0, Y=$flatten\u_sq_engine.$0$memwr$\latch_w0$src/sq_engine.v:131$1484_EN[63:0]$1589 [0]
      New connections: $flatten\u_sq_engine.$0$memwr$\latch_w0$src/sq_engine.v:131$1484_EN[63:0]$1589 [63:1] = { $flatten\u_sq_engine.$0$memwr$\latch_w0$src/sq_engine.v:131$1484_EN[63:0]$1589 [0] $flatten\u_sq_engine.$0$memwr$\latch_w0$src/sq_engine.v:131$1484_EN[63:0]$1589 [0] $flatten\u_sq_engine.$0$memwr$\latch_w0$src/sq_engine.v:131$1484_EN[63:0]$1589 [0] $flatten\u_sq_engine.$0$memwr$\latch_w0$src/sq_engine.v:131$1484_EN[63:0]$1589 [0] $flatten\u_sq_engine.$0$memwr$\latch_w0$src/sq_engine.v:131$1484_EN[63:0]$1589 [0] $flatten\u_sq_engine.$0$memwr$\latch_w0$src/sq_engine.v:131$1484_EN[63:0]$1589 [0] $flatten\u_sq_engine.$0$memwr$\latch_w0$src/sq_engine.v:131$1484_EN[63:0]$1589 [0] $flatten\u_sq_engine.$0$memwr$\latch_w0$src/sq_engine.v:131$1484_EN[63:0]$1589 [0] $flatten\u_sq_engine.$0$memwr$\latch_w0$src/sq_engine.v:131$1484_EN[63:0]$1589 [0] $flatten\u_sq_engine.$0$memwr$\latch_w0$src/sq_engine.v:131$1484_EN[63:0]$1589 [0] $flatten\u_sq_engine.$0$memwr$\latch_w0$src/sq_engine.v:131$1484_EN[63:0]$1589 [0] $flatten\u_sq_engine.$0$memwr$\latch_w0$src/sq_engine.v:131$1484_EN[63:0]$1589 [0] $flatten\u_sq_engine.$0$memwr$\latch_w0$src/sq_engine.v:131$1484_EN[63:0]$1589 [0] $flatten\u_sq_engine.$0$memwr$\latch_w0$src/sq_engine.v:131$1484_EN[63:0]$1589 [0] $flatten\u_sq_engine.$0$memwr$\latch_w0$src/sq_engine.v:131$1484_EN[63:0]$1589 [0] $flatten\u_sq_engine.$0$memwr$\latch_w0$src/sq_engine.v:131$1484_EN[63:0]$1589 [0] $flatten\u_sq_engine.$0$memwr$\latch_w0$src/sq_engine.v:131$1484_EN[63:0]$1589 [0] $flatten\u_sq_engine.$0$memwr$\latch_w0$src/sq_engine.v:131$1484_EN[63:0]$1589 [0] $flatten\u_sq_engine.$0$memwr$\latch_w0$src/sq_engine.v:131$1484_EN[63:0]$1589 [0] $flatten\u_sq_engine.$0$memwr$\latch_w0$src/sq_engine.v:131$1484_EN[63:0]$1589 [0] $flatten\u_sq_engine.$0$memwr$\latch_w0$src/sq_engine.v:131$1484_EN[63:0]$1589 [0] $flatten\u_sq_engine.$0$memwr$\latch_w0$src/sq_engine.v:131$1484_EN[63:0]$1589 [0] $flatten\u_sq_engine.$0$memwr$\latch_w0$src/sq_engine.v:131$1484_EN[63:0]$1589 [0] $flatten\u_sq_engine.$0$memwr$\latch_w0$src/sq_engine.v:131$1484_EN[63:0]$1589 [0] $flatten\u_sq_engine.$0$memwr$\latch_w0$src/sq_engine.v:131$1484_EN[63:0]$1589 [0] $flatten\u_sq_engine.$0$memwr$\latch_w0$src/sq_engine.v:131$1484_EN[63:0]$1589 [0] $flatten\u_sq_engine.$0$memwr$\latch_w0$src/sq_engine.v:131$1484_EN[63:0]$1589 [0] $flatten\u_sq_engine.$0$memwr$\latch_w0$src/sq_engine.v:131$1484_EN[63:0]$1589 [0] $flatten\u_sq_engine.$0$memwr$\latch_w0$src/sq_engine.v:131$1484_EN[63:0]$1589 [0] $flatten\u_sq_engine.$0$memwr$\latch_w0$src/sq_engine.v:131$1484_EN[63:0]$1589 [0] $flatten\u_sq_engine.$0$memwr$\latch_w0$src/sq_engine.v:131$1484_EN[63:0]$1589 [0] $flatten\u_sq_engine.$0$memwr$\latch_w0$src/sq_engine.v:131$1484_EN[63:0]$1589 [0] $flatten\u_sq_engine.$0$memwr$\latch_w0$src/sq_engine.v:131$1484_EN[63:0]$1589 [0] $flatten\u_sq_engine.$0$memwr$\latch_w0$src/sq_engine.v:131$1484_EN[63:0]$1589 [0] $flatten\u_sq_engine.$0$memwr$\latch_w0$src/sq_engine.v:131$1484_EN[63:0]$1589 [0] $flatten\u_sq_engine.$0$memwr$\latch_w0$src/sq_engine.v:131$1484_EN[63:0]$1589 [0] $flatten\u_sq_engine.$0$memwr$\latch_w0$src/sq_engine.v:131$1484_EN[63:0]$1589 [0] $flatten\u_sq_engine.$0$memwr$\latch_w0$src/sq_engine.v:131$1484_EN[63:0]$1589 [0] $flatten\u_sq_engine.$0$memwr$\latch_w0$src/sq_engine.v:131$1484_EN[63:0]$1589 [0] $flatten\u_sq_engine.$0$memwr$\latch_w0$src/sq_engine.v:131$1484_EN[63:0]$1589 [0] $flatten\u_sq_engine.$0$memwr$\latch_w0$src/sq_engine.v:131$1484_EN[63:0]$1589 [0] $flatten\u_sq_engine.$0$memwr$\latch_w0$src/sq_engine.v:131$1484_EN[63:0]$1589 [0] $flatten\u_sq_engine.$0$memwr$\latch_w0$src/sq_engine.v:131$1484_EN[63:0]$1589 [0] $flatten\u_sq_engine.$0$memwr$\latch_w0$src/sq_engine.v:131$1484_EN[63:0]$1589 [0] $flatten\u_sq_engine.$0$memwr$\latch_w0$src/sq_engine.v:131$1484_EN[63:0]$1589 [0] $flatten\u_sq_engine.$0$memwr$\latch_w0$src/sq_engine.v:131$1484_EN[63:0]$1589 [0] $flatten\u_sq_engine.$0$memwr$\latch_w0$src/sq_engine.v:131$1484_EN[63:0]$1589 [0] $flatten\u_sq_engine.$0$memwr$\latch_w0$src/sq_engine.v:131$1484_EN[63:0]$1589 [0] $flatten\u_sq_engine.$0$memwr$\latch_w0$src/sq_engine.v:131$1484_EN[63:0]$1589 [0] $flatten\u_sq_engine.$0$memwr$\latch_w0$src/sq_engine.v:131$1484_EN[63:0]$1589 [0] $flatten\u_sq_engine.$0$memwr$\latch_w0$src/sq_engine.v:131$1484_EN[63:0]$1589 [0] $flatten\u_sq_engine.$0$memwr$\latch_w0$src/sq_engine.v:131$1484_EN[63:0]$1589 [0] $flatten\u_sq_engine.$0$memwr$\latch_w0$src/sq_engine.v:131$1484_EN[63:0]$1589 [0] $flatten\u_sq_engine.$0$memwr$\latch_w0$src/sq_engine.v:131$1484_EN[63:0]$1589 [0] $flatten\u_sq_engine.$0$memwr$\latch_w0$src/sq_engine.v:131$1484_EN[63:0]$1589 [0] $flatten\u_sq_engine.$0$memwr$\latch_w0$src/sq_engine.v:131$1484_EN[63:0]$1589 [0] $flatten\u_sq_engine.$0$memwr$\latch_w0$src/sq_engine.v:131$1484_EN[63:0]$1589 [0] $flatten\u_sq_engine.$0$memwr$\latch_w0$src/sq_engine.v:131$1484_EN[63:0]$1589 [0] $flatten\u_sq_engine.$0$memwr$\latch_w0$src/sq_engine.v:131$1484_EN[63:0]$1589 [0] $flatten\u_sq_engine.$0$memwr$\latch_w0$src/sq_engine.v:131$1484_EN[63:0]$1589 [0] $flatten\u_sq_engine.$0$memwr$\latch_w0$src/sq_engine.v:131$1484_EN[63:0]$1589 [0] $flatten\u_sq_engine.$0$memwr$\latch_w0$src/sq_engine.v:131$1484_EN[63:0]$1589 [0] $flatten\u_sq_engine.$0$memwr$\latch_w0$src/sq_engine.v:131$1484_EN[63:0]$1589 [0] }
    Consolidated identical input bits for $mux cell $flatten\u_sq_engine.$procmux$6411:
      Old ports: A=64'1111111111111111111111111111111111111111111111111111111111111111, B=64'0000000000000000000000000000000000000000000000000000000000000000, Y=$flatten\u_sq_engine.$0$memwr$\latch_w1$src/sq_engine.v:131$1485_EN[63:0]$1590
      New ports: A=1'1, B=1'0, Y=$flatten\u_sq_engine.$0$memwr$\latch_w1$src/sq_engine.v:131$1485_EN[63:0]$1590 [0]
      New connections: $flatten\u_sq_engine.$0$memwr$\latch_w1$src/sq_engine.v:131$1485_EN[63:0]$1590 [63:1] = { $flatten\u_sq_engine.$0$memwr$\latch_w1$src/sq_engine.v:131$1485_EN[63:0]$1590 [0] $flatten\u_sq_engine.$0$memwr$\latch_w1$src/sq_engine.v:131$1485_EN[63:0]$1590 [0] $flatten\u_sq_engine.$0$memwr$\latch_w1$src/sq_engine.v:131$1485_EN[63:0]$1590 [0] $flatten\u_sq_engine.$0$memwr$\latch_w1$src/sq_engine.v:131$1485_EN[63:0]$1590 [0] $flatten\u_sq_engine.$0$memwr$\latch_w1$src/sq_engine.v:131$1485_EN[63:0]$1590 [0] $flatten\u_sq_engine.$0$memwr$\latch_w1$src/sq_engine.v:131$1485_EN[63:0]$1590 [0] $flatten\u_sq_engine.$0$memwr$\latch_w1$src/sq_engine.v:131$1485_EN[63:0]$1590 [0] $flatten\u_sq_engine.$0$memwr$\latch_w1$src/sq_engine.v:131$1485_EN[63:0]$1590 [0] $flatten\u_sq_engine.$0$memwr$\latch_w1$src/sq_engine.v:131$1485_EN[63:0]$1590 [0] $flatten\u_sq_engine.$0$memwr$\latch_w1$src/sq_engine.v:131$1485_EN[63:0]$1590 [0] $flatten\u_sq_engine.$0$memwr$\latch_w1$src/sq_engine.v:131$1485_EN[63:0]$1590 [0] $flatten\u_sq_engine.$0$memwr$\latch_w1$src/sq_engine.v:131$1485_EN[63:0]$1590 [0] $flatten\u_sq_engine.$0$memwr$\latch_w1$src/sq_engine.v:131$1485_EN[63:0]$1590 [0] $flatten\u_sq_engine.$0$memwr$\latch_w1$src/sq_engine.v:131$1485_EN[63:0]$1590 [0] $flatten\u_sq_engine.$0$memwr$\latch_w1$src/sq_engine.v:131$1485_EN[63:0]$1590 [0] $flatten\u_sq_engine.$0$memwr$\latch_w1$src/sq_engine.v:131$1485_EN[63:0]$1590 [0] $flatten\u_sq_engine.$0$memwr$\latch_w1$src/sq_engine.v:131$1485_EN[63:0]$1590 [0] $flatten\u_sq_engine.$0$memwr$\latch_w1$src/sq_engine.v:131$1485_EN[63:0]$1590 [0] $flatten\u_sq_engine.$0$memwr$\latch_w1$src/sq_engine.v:131$1485_EN[63:0]$1590 [0] $flatten\u_sq_engine.$0$memwr$\latch_w1$src/sq_engine.v:131$1485_EN[63:0]$1590 [0] $flatten\u_sq_engine.$0$memwr$\latch_w1$src/sq_engine.v:131$1485_EN[63:0]$1590 [0] $flatten\u_sq_engine.$0$memwr$\latch_w1$src/sq_engine.v:131$1485_EN[63:0]$1590 [0] $flatten\u_sq_engine.$0$memwr$\latch_w1$src/sq_engine.v:131$1485_EN[63:0]$1590 [0] $flatten\u_sq_engine.$0$memwr$\latch_w1$src/sq_engine.v:131$1485_EN[63:0]$1590 [0] $flatten\u_sq_engine.$0$memwr$\latch_w1$src/sq_engine.v:131$1485_EN[63:0]$1590 [0] $flatten\u_sq_engine.$0$memwr$\latch_w1$src/sq_engine.v:131$1485_EN[63:0]$1590 [0] $flatten\u_sq_engine.$0$memwr$\latch_w1$src/sq_engine.v:131$1485_EN[63:0]$1590 [0] $flatten\u_sq_engine.$0$memwr$\latch_w1$src/sq_engine.v:131$1485_EN[63:0]$1590 [0] $flatten\u_sq_engine.$0$memwr$\latch_w1$src/sq_engine.v:131$1485_EN[63:0]$1590 [0] $flatten\u_sq_engine.$0$memwr$\latch_w1$src/sq_engine.v:131$1485_EN[63:0]$1590 [0] $flatten\u_sq_engine.$0$memwr$\latch_w1$src/sq_engine.v:131$1485_EN[63:0]$1590 [0] $flatten\u_sq_engine.$0$memwr$\latch_w1$src/sq_engine.v:131$1485_EN[63:0]$1590 [0] $flatten\u_sq_engine.$0$memwr$\latch_w1$src/sq_engine.v:131$1485_EN[63:0]$1590 [0] $flatten\u_sq_engine.$0$memwr$\latch_w1$src/sq_engine.v:131$1485_EN[63:0]$1590 [0] $flatten\u_sq_engine.$0$memwr$\latch_w1$src/sq_engine.v:131$1485_EN[63:0]$1590 [0] $flatten\u_sq_engine.$0$memwr$\latch_w1$src/sq_engine.v:131$1485_EN[63:0]$1590 [0] $flatten\u_sq_engine.$0$memwr$\latch_w1$src/sq_engine.v:131$1485_EN[63:0]$1590 [0] $flatten\u_sq_engine.$0$memwr$\latch_w1$src/sq_engine.v:131$1485_EN[63:0]$1590 [0] $flatten\u_sq_engine.$0$memwr$\latch_w1$src/sq_engine.v:131$1485_EN[63:0]$1590 [0] $flatten\u_sq_engine.$0$memwr$\latch_w1$src/sq_engine.v:131$1485_EN[63:0]$1590 [0] $flatten\u_sq_engine.$0$memwr$\latch_w1$src/sq_engine.v:131$1485_EN[63:0]$1590 [0] $flatten\u_sq_engine.$0$memwr$\latch_w1$src/sq_engine.v:131$1485_EN[63:0]$1590 [0] $flatten\u_sq_engine.$0$memwr$\latch_w1$src/sq_engine.v:131$1485_EN[63:0]$1590 [0] $flatten\u_sq_engine.$0$memwr$\latch_w1$src/sq_engine.v:131$1485_EN[63:0]$1590 [0] $flatten\u_sq_engine.$0$memwr$\latch_w1$src/sq_engine.v:131$1485_EN[63:0]$1590 [0] $flatten\u_sq_engine.$0$memwr$\latch_w1$src/sq_engine.v:131$1485_EN[63:0]$1590 [0] $flatten\u_sq_engine.$0$memwr$\latch_w1$src/sq_engine.v:131$1485_EN[63:0]$1590 [0] $flatten\u_sq_engine.$0$memwr$\latch_w1$src/sq_engine.v:131$1485_EN[63:0]$1590 [0] $flatten\u_sq_engine.$0$memwr$\latch_w1$src/sq_engine.v:131$1485_EN[63:0]$1590 [0] $flatten\u_sq_engine.$0$memwr$\latch_w1$src/sq_engine.v:131$1485_EN[63:0]$1590 [0] $flatten\u_sq_engine.$0$memwr$\latch_w1$src/sq_engine.v:131$1485_EN[63:0]$1590 [0] $flatten\u_sq_engine.$0$memwr$\latch_w1$src/sq_engine.v:131$1485_EN[63:0]$1590 [0] $flatten\u_sq_engine.$0$memwr$\latch_w1$src/sq_engine.v:131$1485_EN[63:0]$1590 [0] $flatten\u_sq_engine.$0$memwr$\latch_w1$src/sq_engine.v:131$1485_EN[63:0]$1590 [0] $flatten\u_sq_engine.$0$memwr$\latch_w1$src/sq_engine.v:131$1485_EN[63:0]$1590 [0] $flatten\u_sq_engine.$0$memwr$\latch_w1$src/sq_engine.v:131$1485_EN[63:0]$1590 [0] $flatten\u_sq_engine.$0$memwr$\latch_w1$src/sq_engine.v:131$1485_EN[63:0]$1590 [0] $flatten\u_sq_engine.$0$memwr$\latch_w1$src/sq_engine.v:131$1485_EN[63:0]$1590 [0] $flatten\u_sq_engine.$0$memwr$\latch_w1$src/sq_engine.v:131$1485_EN[63:0]$1590 [0] $flatten\u_sq_engine.$0$memwr$\latch_w1$src/sq_engine.v:131$1485_EN[63:0]$1590 [0] $flatten\u_sq_engine.$0$memwr$\latch_w1$src/sq_engine.v:131$1485_EN[63:0]$1590 [0] $flatten\u_sq_engine.$0$memwr$\latch_w1$src/sq_engine.v:131$1485_EN[63:0]$1590 [0] $flatten\u_sq_engine.$0$memwr$\latch_w1$src/sq_engine.v:131$1485_EN[63:0]$1590 [0] }
    Consolidated identical input bits for $mux cell $flatten\u_sq_engine.$procmux$6282:
      Old ports: A=6'111111, B=6'000000, Y=$flatten\u_sq_engine.$0$memwr$\cid_counter$src/sq_engine.v:133$1528_EN[5:0]$1633
      New ports: A=1'1, B=1'0, Y=$flatten\u_sq_engine.$0$memwr$\cid_counter$src/sq_engine.v:133$1528_EN[5:0]$1633 [0]
      New connections: $flatten\u_sq_engine.$0$memwr$\cid_counter$src/sq_engine.v:133$1528_EN[5:0]$1633 [5:1] = { $flatten\u_sq_engine.$0$memwr$\cid_counter$src/sq_engine.v:133$1528_EN[5:0]$1633 [0] $flatten\u_sq_engine.$0$memwr$\cid_counter$src/sq_engine.v:133$1528_EN[5:0]$1633 [0] $flatten\u_sq_engine.$0$memwr$\cid_counter$src/sq_engine.v:133$1528_EN[5:0]$1633 [0] $flatten\u_sq_engine.$0$memwr$\cid_counter$src/sq_engine.v:133$1528_EN[5:0]$1633 [0] $flatten\u_sq_engine.$0$memwr$\cid_counter$src/sq_engine.v:133$1528_EN[5:0]$1633 [0] }
    Consolidated identical input bits for $mux cell $flatten\u_sq_engine.$procmux$6408:
      Old ports: A=64'1111111111111111111111111111111111111111111111111111111111111111, B=64'0000000000000000000000000000000000000000000000000000000000000000, Y=$flatten\u_sq_engine.$0$memwr$\latch_w2$src/sq_engine.v:131$1486_EN[63:0]$1591
      New ports: A=1'1, B=1'0, Y=$flatten\u_sq_engine.$0$memwr$\latch_w2$src/sq_engine.v:131$1486_EN[63:0]$1591 [0]
      New connections: $flatten\u_sq_engine.$0$memwr$\latch_w2$src/sq_engine.v:131$1486_EN[63:0]$1591 [63:1] = { $flatten\u_sq_engine.$0$memwr$\latch_w2$src/sq_engine.v:131$1486_EN[63:0]$1591 [0] $flatten\u_sq_engine.$0$memwr$\latch_w2$src/sq_engine.v:131$1486_EN[63:0]$1591 [0] $flatten\u_sq_engine.$0$memwr$\latch_w2$src/sq_engine.v:131$1486_EN[63:0]$1591 [0] $flatten\u_sq_engine.$0$memwr$\latch_w2$src/sq_engine.v:131$1486_EN[63:0]$1591 [0] $flatten\u_sq_engine.$0$memwr$\latch_w2$src/sq_engine.v:131$1486_EN[63:0]$1591 [0] $flatten\u_sq_engine.$0$memwr$\latch_w2$src/sq_engine.v:131$1486_EN[63:0]$1591 [0] $flatten\u_sq_engine.$0$memwr$\latch_w2$src/sq_engine.v:131$1486_EN[63:0]$1591 [0] $flatten\u_sq_engine.$0$memwr$\latch_w2$src/sq_engine.v:131$1486_EN[63:0]$1591 [0] $flatten\u_sq_engine.$0$memwr$\latch_w2$src/sq_engine.v:131$1486_EN[63:0]$1591 [0] $flatten\u_sq_engine.$0$memwr$\latch_w2$src/sq_engine.v:131$1486_EN[63:0]$1591 [0] $flatten\u_sq_engine.$0$memwr$\latch_w2$src/sq_engine.v:131$1486_EN[63:0]$1591 [0] $flatten\u_sq_engine.$0$memwr$\latch_w2$src/sq_engine.v:131$1486_EN[63:0]$1591 [0] $flatten\u_sq_engine.$0$memwr$\latch_w2$src/sq_engine.v:131$1486_EN[63:0]$1591 [0] $flatten\u_sq_engine.$0$memwr$\latch_w2$src/sq_engine.v:131$1486_EN[63:0]$1591 [0] $flatten\u_sq_engine.$0$memwr$\latch_w2$src/sq_engine.v:131$1486_EN[63:0]$1591 [0] $flatten\u_sq_engine.$0$memwr$\latch_w2$src/sq_engine.v:131$1486_EN[63:0]$1591 [0] $flatten\u_sq_engine.$0$memwr$\latch_w2$src/sq_engine.v:131$1486_EN[63:0]$1591 [0] $flatten\u_sq_engine.$0$memwr$\latch_w2$src/sq_engine.v:131$1486_EN[63:0]$1591 [0] $flatten\u_sq_engine.$0$memwr$\latch_w2$src/sq_engine.v:131$1486_EN[63:0]$1591 [0] $flatten\u_sq_engine.$0$memwr$\latch_w2$src/sq_engine.v:131$1486_EN[63:0]$1591 [0] $flatten\u_sq_engine.$0$memwr$\latch_w2$src/sq_engine.v:131$1486_EN[63:0]$1591 [0] $flatten\u_sq_engine.$0$memwr$\latch_w2$src/sq_engine.v:131$1486_EN[63:0]$1591 [0] $flatten\u_sq_engine.$0$memwr$\latch_w2$src/sq_engine.v:131$1486_EN[63:0]$1591 [0] $flatten\u_sq_engine.$0$memwr$\latch_w2$src/sq_engine.v:131$1486_EN[63:0]$1591 [0] $flatten\u_sq_engine.$0$memwr$\latch_w2$src/sq_engine.v:131$1486_EN[63:0]$1591 [0] $flatten\u_sq_engine.$0$memwr$\latch_w2$src/sq_engine.v:131$1486_EN[63:0]$1591 [0] $flatten\u_sq_engine.$0$memwr$\latch_w2$src/sq_engine.v:131$1486_EN[63:0]$1591 [0] $flatten\u_sq_engine.$0$memwr$\latch_w2$src/sq_engine.v:131$1486_EN[63:0]$1591 [0] $flatten\u_sq_engine.$0$memwr$\latch_w2$src/sq_engine.v:131$1486_EN[63:0]$1591 [0] $flatten\u_sq_engine.$0$memwr$\latch_w2$src/sq_engine.v:131$1486_EN[63:0]$1591 [0] $flatten\u_sq_engine.$0$memwr$\latch_w2$src/sq_engine.v:131$1486_EN[63:0]$1591 [0] $flatten\u_sq_engine.$0$memwr$\latch_w2$src/sq_engine.v:131$1486_EN[63:0]$1591 [0] $flatten\u_sq_engine.$0$memwr$\latch_w2$src/sq_engine.v:131$1486_EN[63:0]$1591 [0] $flatten\u_sq_engine.$0$memwr$\latch_w2$src/sq_engine.v:131$1486_EN[63:0]$1591 [0] $flatten\u_sq_engine.$0$memwr$\latch_w2$src/sq_engine.v:131$1486_EN[63:0]$1591 [0] $flatten\u_sq_engine.$0$memwr$\latch_w2$src/sq_engine.v:131$1486_EN[63:0]$1591 [0] $flatten\u_sq_engine.$0$memwr$\latch_w2$src/sq_engine.v:131$1486_EN[63:0]$1591 [0] $flatten\u_sq_engine.$0$memwr$\latch_w2$src/sq_engine.v:131$1486_EN[63:0]$1591 [0] $flatten\u_sq_engine.$0$memwr$\latch_w2$src/sq_engine.v:131$1486_EN[63:0]$1591 [0] $flatten\u_sq_engine.$0$memwr$\latch_w2$src/sq_engine.v:131$1486_EN[63:0]$1591 [0] $flatten\u_sq_engine.$0$memwr$\latch_w2$src/sq_engine.v:131$1486_EN[63:0]$1591 [0] $flatten\u_sq_engine.$0$memwr$\latch_w2$src/sq_engine.v:131$1486_EN[63:0]$1591 [0] $flatten\u_sq_engine.$0$memwr$\latch_w2$src/sq_engine.v:131$1486_EN[63:0]$1591 [0] $flatten\u_sq_engine.$0$memwr$\latch_w2$src/sq_engine.v:131$1486_EN[63:0]$1591 [0] $flatten\u_sq_engine.$0$memwr$\latch_w2$src/sq_engine.v:131$1486_EN[63:0]$1591 [0] $flatten\u_sq_engine.$0$memwr$\latch_w2$src/sq_engine.v:131$1486_EN[63:0]$1591 [0] $flatten\u_sq_engine.$0$memwr$\latch_w2$src/sq_engine.v:131$1486_EN[63:0]$1591 [0] $flatten\u_sq_engine.$0$memwr$\latch_w2$src/sq_engine.v:131$1486_EN[63:0]$1591 [0] $flatten\u_sq_engine.$0$memwr$\latch_w2$src/sq_engine.v:131$1486_EN[63:0]$1591 [0] $flatten\u_sq_engine.$0$memwr$\latch_w2$src/sq_engine.v:131$1486_EN[63:0]$1591 [0] $flatten\u_sq_engine.$0$memwr$\latch_w2$src/sq_engine.v:131$1486_EN[63:0]$1591 [0] $flatten\u_sq_engine.$0$memwr$\latch_w2$src/sq_engine.v:131$1486_EN[63:0]$1591 [0] $flatten\u_sq_engine.$0$memwr$\latch_w2$src/sq_engine.v:131$1486_EN[63:0]$1591 [0] $flatten\u_sq_engine.$0$memwr$\latch_w2$src/sq_engine.v:131$1486_EN[63:0]$1591 [0] $flatten\u_sq_engine.$0$memwr$\latch_w2$src/sq_engine.v:131$1486_EN[63:0]$1591 [0] $flatten\u_sq_engine.$0$memwr$\latch_w2$src/sq_engine.v:131$1486_EN[63:0]$1591 [0] $flatten\u_sq_engine.$0$memwr$\latch_w2$src/sq_engine.v:131$1486_EN[63:0]$1591 [0] $flatten\u_sq_engine.$0$memwr$\latch_w2$src/sq_engine.v:131$1486_EN[63:0]$1591 [0] $flatten\u_sq_engine.$0$memwr$\latch_w2$src/sq_engine.v:131$1486_EN[63:0]$1591 [0] $flatten\u_sq_engine.$0$memwr$\latch_w2$src/sq_engine.v:131$1486_EN[63:0]$1591 [0] $flatten\u_sq_engine.$0$memwr$\latch_w2$src/sq_engine.v:131$1486_EN[63:0]$1591 [0] $flatten\u_sq_engine.$0$memwr$\latch_w2$src/sq_engine.v:131$1486_EN[63:0]$1591 [0] $flatten\u_sq_engine.$0$memwr$\latch_w2$src/sq_engine.v:131$1486_EN[63:0]$1591 [0] }
    Consolidated identical input bits for $mux cell $flatten\u_sq_engine.$procmux$6402:
      Old ports: A=6'111111, B=6'000000, Y=$flatten\u_sq_engine.$0$memwr$\cid_counter$src/sq_engine.v:133$1488_EN[5:0]$1593
      New ports: A=1'1, B=1'0, Y=$flatten\u_sq_engine.$0$memwr$\cid_counter$src/sq_engine.v:133$1488_EN[5:0]$1593 [0]
      New connections: $flatten\u_sq_engine.$0$memwr$\cid_counter$src/sq_engine.v:133$1488_EN[5:0]$1593 [5:1] = { $flatten\u_sq_engine.$0$memwr$\cid_counter$src/sq_engine.v:133$1488_EN[5:0]$1593 [0] $flatten\u_sq_engine.$0$memwr$\cid_counter$src/sq_engine.v:133$1488_EN[5:0]$1593 [0] $flatten\u_sq_engine.$0$memwr$\cid_counter$src/sq_engine.v:133$1488_EN[5:0]$1593 [0] $flatten\u_sq_engine.$0$memwr$\cid_counter$src/sq_engine.v:133$1488_EN[5:0]$1593 [0] $flatten\u_sq_engine.$0$memwr$\cid_counter$src/sq_engine.v:133$1488_EN[5:0]$1593 [0] }
    Consolidated identical input bits for $mux cell $flatten\u_sq_engine.$procmux$6399:
      Old ports: A=64'1111111111111111111111111111111111111111111111111111111111111111, B=64'0000000000000000000000000000000000000000000000000000000000000000, Y=$flatten\u_sq_engine.$0$memwr$\latch_w0$src/sq_engine.v:131$1489_EN[63:0]$1594
      New ports: A=1'1, B=1'0, Y=$flatten\u_sq_engine.$0$memwr$\latch_w0$src/sq_engine.v:131$1489_EN[63:0]$1594 [0]
      New connections: $flatten\u_sq_engine.$0$memwr$\latch_w0$src/sq_engine.v:131$1489_EN[63:0]$1594 [63:1] = { $flatten\u_sq_engine.$0$memwr$\latch_w0$src/sq_engine.v:131$1489_EN[63:0]$1594 [0] $flatten\u_sq_engine.$0$memwr$\latch_w0$src/sq_engine.v:131$1489_EN[63:0]$1594 [0] $flatten\u_sq_engine.$0$memwr$\latch_w0$src/sq_engine.v:131$1489_EN[63:0]$1594 [0] $flatten\u_sq_engine.$0$memwr$\latch_w0$src/sq_engine.v:131$1489_EN[63:0]$1594 [0] $flatten\u_sq_engine.$0$memwr$\latch_w0$src/sq_engine.v:131$1489_EN[63:0]$1594 [0] $flatten\u_sq_engine.$0$memwr$\latch_w0$src/sq_engine.v:131$1489_EN[63:0]$1594 [0] $flatten\u_sq_engine.$0$memwr$\latch_w0$src/sq_engine.v:131$1489_EN[63:0]$1594 [0] $flatten\u_sq_engine.$0$memwr$\latch_w0$src/sq_engine.v:131$1489_EN[63:0]$1594 [0] $flatten\u_sq_engine.$0$memwr$\latch_w0$src/sq_engine.v:131$1489_EN[63:0]$1594 [0] $flatten\u_sq_engine.$0$memwr$\latch_w0$src/sq_engine.v:131$1489_EN[63:0]$1594 [0] $flatten\u_sq_engine.$0$memwr$\latch_w0$src/sq_engine.v:131$1489_EN[63:0]$1594 [0] $flatten\u_sq_engine.$0$memwr$\latch_w0$src/sq_engine.v:131$1489_EN[63:0]$1594 [0] $flatten\u_sq_engine.$0$memwr$\latch_w0$src/sq_engine.v:131$1489_EN[63:0]$1594 [0] $flatten\u_sq_engine.$0$memwr$\latch_w0$src/sq_engine.v:131$1489_EN[63:0]$1594 [0] $flatten\u_sq_engine.$0$memwr$\latch_w0$src/sq_engine.v:131$1489_EN[63:0]$1594 [0] $flatten\u_sq_engine.$0$memwr$\latch_w0$src/sq_engine.v:131$1489_EN[63:0]$1594 [0] $flatten\u_sq_engine.$0$memwr$\latch_w0$src/sq_engine.v:131$1489_EN[63:0]$1594 [0] $flatten\u_sq_engine.$0$memwr$\latch_w0$src/sq_engine.v:131$1489_EN[63:0]$1594 [0] $flatten\u_sq_engine.$0$memwr$\latch_w0$src/sq_engine.v:131$1489_EN[63:0]$1594 [0] $flatten\u_sq_engine.$0$memwr$\latch_w0$src/sq_engine.v:131$1489_EN[63:0]$1594 [0] $flatten\u_sq_engine.$0$memwr$\latch_w0$src/sq_engine.v:131$1489_EN[63:0]$1594 [0] $flatten\u_sq_engine.$0$memwr$\latch_w0$src/sq_engine.v:131$1489_EN[63:0]$1594 [0] $flatten\u_sq_engine.$0$memwr$\latch_w0$src/sq_engine.v:131$1489_EN[63:0]$1594 [0] $flatten\u_sq_engine.$0$memwr$\latch_w0$src/sq_engine.v:131$1489_EN[63:0]$1594 [0] $flatten\u_sq_engine.$0$memwr$\latch_w0$src/sq_engine.v:131$1489_EN[63:0]$1594 [0] $flatten\u_sq_engine.$0$memwr$\latch_w0$src/sq_engine.v:131$1489_EN[63:0]$1594 [0] $flatten\u_sq_engine.$0$memwr$\latch_w0$src/sq_engine.v:131$1489_EN[63:0]$1594 [0] $flatten\u_sq_engine.$0$memwr$\latch_w0$src/sq_engine.v:131$1489_EN[63:0]$1594 [0] $flatten\u_sq_engine.$0$memwr$\latch_w0$src/sq_engine.v:131$1489_EN[63:0]$1594 [0] $flatten\u_sq_engine.$0$memwr$\latch_w0$src/sq_engine.v:131$1489_EN[63:0]$1594 [0] $flatten\u_sq_engine.$0$memwr$\latch_w0$src/sq_engine.v:131$1489_EN[63:0]$1594 [0] $flatten\u_sq_engine.$0$memwr$\latch_w0$src/sq_engine.v:131$1489_EN[63:0]$1594 [0] $flatten\u_sq_engine.$0$memwr$\latch_w0$src/sq_engine.v:131$1489_EN[63:0]$1594 [0] $flatten\u_sq_engine.$0$memwr$\latch_w0$src/sq_engine.v:131$1489_EN[63:0]$1594 [0] $flatten\u_sq_engine.$0$memwr$\latch_w0$src/sq_engine.v:131$1489_EN[63:0]$1594 [0] $flatten\u_sq_engine.$0$memwr$\latch_w0$src/sq_engine.v:131$1489_EN[63:0]$1594 [0] $flatten\u_sq_engine.$0$memwr$\latch_w0$src/sq_engine.v:131$1489_EN[63:0]$1594 [0] $flatten\u_sq_engine.$0$memwr$\latch_w0$src/sq_engine.v:131$1489_EN[63:0]$1594 [0] $flatten\u_sq_engine.$0$memwr$\latch_w0$src/sq_engine.v:131$1489_EN[63:0]$1594 [0] $flatten\u_sq_engine.$0$memwr$\latch_w0$src/sq_engine.v:131$1489_EN[63:0]$1594 [0] $flatten\u_sq_engine.$0$memwr$\latch_w0$src/sq_engine.v:131$1489_EN[63:0]$1594 [0] $flatten\u_sq_engine.$0$memwr$\latch_w0$src/sq_engine.v:131$1489_EN[63:0]$1594 [0] $flatten\u_sq_engine.$0$memwr$\latch_w0$src/sq_engine.v:131$1489_EN[63:0]$1594 [0] $flatten\u_sq_engine.$0$memwr$\latch_w0$src/sq_engine.v:131$1489_EN[63:0]$1594 [0] $flatten\u_sq_engine.$0$memwr$\latch_w0$src/sq_engine.v:131$1489_EN[63:0]$1594 [0] $flatten\u_sq_engine.$0$memwr$\latch_w0$src/sq_engine.v:131$1489_EN[63:0]$1594 [0] $flatten\u_sq_engine.$0$memwr$\latch_w0$src/sq_engine.v:131$1489_EN[63:0]$1594 [0] $flatten\u_sq_engine.$0$memwr$\latch_w0$src/sq_engine.v:131$1489_EN[63:0]$1594 [0] $flatten\u_sq_engine.$0$memwr$\latch_w0$src/sq_engine.v:131$1489_EN[63:0]$1594 [0] $flatten\u_sq_engine.$0$memwr$\latch_w0$src/sq_engine.v:131$1489_EN[63:0]$1594 [0] $flatten\u_sq_engine.$0$memwr$\latch_w0$src/sq_engine.v:131$1489_EN[63:0]$1594 [0] $flatten\u_sq_engine.$0$memwr$\latch_w0$src/sq_engine.v:131$1489_EN[63:0]$1594 [0] $flatten\u_sq_engine.$0$memwr$\latch_w0$src/sq_engine.v:131$1489_EN[63:0]$1594 [0] $flatten\u_sq_engine.$0$memwr$\latch_w0$src/sq_engine.v:131$1489_EN[63:0]$1594 [0] $flatten\u_sq_engine.$0$memwr$\latch_w0$src/sq_engine.v:131$1489_EN[63:0]$1594 [0] $flatten\u_sq_engine.$0$memwr$\latch_w0$src/sq_engine.v:131$1489_EN[63:0]$1594 [0] $flatten\u_sq_engine.$0$memwr$\latch_w0$src/sq_engine.v:131$1489_EN[63:0]$1594 [0] $flatten\u_sq_engine.$0$memwr$\latch_w0$src/sq_engine.v:131$1489_EN[63:0]$1594 [0] $flatten\u_sq_engine.$0$memwr$\latch_w0$src/sq_engine.v:131$1489_EN[63:0]$1594 [0] $flatten\u_sq_engine.$0$memwr$\latch_w0$src/sq_engine.v:131$1489_EN[63:0]$1594 [0] $flatten\u_sq_engine.$0$memwr$\latch_w0$src/sq_engine.v:131$1489_EN[63:0]$1594 [0] $flatten\u_sq_engine.$0$memwr$\latch_w0$src/sq_engine.v:131$1489_EN[63:0]$1594 [0] $flatten\u_sq_engine.$0$memwr$\latch_w0$src/sq_engine.v:131$1489_EN[63:0]$1594 [0] }
    Consolidated identical input bits for $mux cell $flatten\u_sq_engine.$procmux$6396:
      Old ports: A=64'1111111111111111111111111111111111111111111111111111111111111111, B=64'0000000000000000000000000000000000000000000000000000000000000000, Y=$flatten\u_sq_engine.$0$memwr$\latch_w1$src/sq_engine.v:131$1490_EN[63:0]$1595
      New ports: A=1'1, B=1'0, Y=$flatten\u_sq_engine.$0$memwr$\latch_w1$src/sq_engine.v:131$1490_EN[63:0]$1595 [0]
      New connections: $flatten\u_sq_engine.$0$memwr$\latch_w1$src/sq_engine.v:131$1490_EN[63:0]$1595 [63:1] = { $flatten\u_sq_engine.$0$memwr$\latch_w1$src/sq_engine.v:131$1490_EN[63:0]$1595 [0] $flatten\u_sq_engine.$0$memwr$\latch_w1$src/sq_engine.v:131$1490_EN[63:0]$1595 [0] $flatten\u_sq_engine.$0$memwr$\latch_w1$src/sq_engine.v:131$1490_EN[63:0]$1595 [0] $flatten\u_sq_engine.$0$memwr$\latch_w1$src/sq_engine.v:131$1490_EN[63:0]$1595 [0] $flatten\u_sq_engine.$0$memwr$\latch_w1$src/sq_engine.v:131$1490_EN[63:0]$1595 [0] $flatten\u_sq_engine.$0$memwr$\latch_w1$src/sq_engine.v:131$1490_EN[63:0]$1595 [0] $flatten\u_sq_engine.$0$memwr$\latch_w1$src/sq_engine.v:131$1490_EN[63:0]$1595 [0] $flatten\u_sq_engine.$0$memwr$\latch_w1$src/sq_engine.v:131$1490_EN[63:0]$1595 [0] $flatten\u_sq_engine.$0$memwr$\latch_w1$src/sq_engine.v:131$1490_EN[63:0]$1595 [0] $flatten\u_sq_engine.$0$memwr$\latch_w1$src/sq_engine.v:131$1490_EN[63:0]$1595 [0] $flatten\u_sq_engine.$0$memwr$\latch_w1$src/sq_engine.v:131$1490_EN[63:0]$1595 [0] $flatten\u_sq_engine.$0$memwr$\latch_w1$src/sq_engine.v:131$1490_EN[63:0]$1595 [0] $flatten\u_sq_engine.$0$memwr$\latch_w1$src/sq_engine.v:131$1490_EN[63:0]$1595 [0] $flatten\u_sq_engine.$0$memwr$\latch_w1$src/sq_engine.v:131$1490_EN[63:0]$1595 [0] $flatten\u_sq_engine.$0$memwr$\latch_w1$src/sq_engine.v:131$1490_EN[63:0]$1595 [0] $flatten\u_sq_engine.$0$memwr$\latch_w1$src/sq_engine.v:131$1490_EN[63:0]$1595 [0] $flatten\u_sq_engine.$0$memwr$\latch_w1$src/sq_engine.v:131$1490_EN[63:0]$1595 [0] $flatten\u_sq_engine.$0$memwr$\latch_w1$src/sq_engine.v:131$1490_EN[63:0]$1595 [0] $flatten\u_sq_engine.$0$memwr$\latch_w1$src/sq_engine.v:131$1490_EN[63:0]$1595 [0] $flatten\u_sq_engine.$0$memwr$\latch_w1$src/sq_engine.v:131$1490_EN[63:0]$1595 [0] $flatten\u_sq_engine.$0$memwr$\latch_w1$src/sq_engine.v:131$1490_EN[63:0]$1595 [0] $flatten\u_sq_engine.$0$memwr$\latch_w1$src/sq_engine.v:131$1490_EN[63:0]$1595 [0] $flatten\u_sq_engine.$0$memwr$\latch_w1$src/sq_engine.v:131$1490_EN[63:0]$1595 [0] $flatten\u_sq_engine.$0$memwr$\latch_w1$src/sq_engine.v:131$1490_EN[63:0]$1595 [0] $flatten\u_sq_engine.$0$memwr$\latch_w1$src/sq_engine.v:131$1490_EN[63:0]$1595 [0] $flatten\u_sq_engine.$0$memwr$\latch_w1$src/sq_engine.v:131$1490_EN[63:0]$1595 [0] $flatten\u_sq_engine.$0$memwr$\latch_w1$src/sq_engine.v:131$1490_EN[63:0]$1595 [0] $flatten\u_sq_engine.$0$memwr$\latch_w1$src/sq_engine.v:131$1490_EN[63:0]$1595 [0] $flatten\u_sq_engine.$0$memwr$\latch_w1$src/sq_engine.v:131$1490_EN[63:0]$1595 [0] $flatten\u_sq_engine.$0$memwr$\latch_w1$src/sq_engine.v:131$1490_EN[63:0]$1595 [0] $flatten\u_sq_engine.$0$memwr$\latch_w1$src/sq_engine.v:131$1490_EN[63:0]$1595 [0] $flatten\u_sq_engine.$0$memwr$\latch_w1$src/sq_engine.v:131$1490_EN[63:0]$1595 [0] $flatten\u_sq_engine.$0$memwr$\latch_w1$src/sq_engine.v:131$1490_EN[63:0]$1595 [0] $flatten\u_sq_engine.$0$memwr$\latch_w1$src/sq_engine.v:131$1490_EN[63:0]$1595 [0] $flatten\u_sq_engine.$0$memwr$\latch_w1$src/sq_engine.v:131$1490_EN[63:0]$1595 [0] $flatten\u_sq_engine.$0$memwr$\latch_w1$src/sq_engine.v:131$1490_EN[63:0]$1595 [0] $flatten\u_sq_engine.$0$memwr$\latch_w1$src/sq_engine.v:131$1490_EN[63:0]$1595 [0] $flatten\u_sq_engine.$0$memwr$\latch_w1$src/sq_engine.v:131$1490_EN[63:0]$1595 [0] $flatten\u_sq_engine.$0$memwr$\latch_w1$src/sq_engine.v:131$1490_EN[63:0]$1595 [0] $flatten\u_sq_engine.$0$memwr$\latch_w1$src/sq_engine.v:131$1490_EN[63:0]$1595 [0] $flatten\u_sq_engine.$0$memwr$\latch_w1$src/sq_engine.v:131$1490_EN[63:0]$1595 [0] $flatten\u_sq_engine.$0$memwr$\latch_w1$src/sq_engine.v:131$1490_EN[63:0]$1595 [0] $flatten\u_sq_engine.$0$memwr$\latch_w1$src/sq_engine.v:131$1490_EN[63:0]$1595 [0] $flatten\u_sq_engine.$0$memwr$\latch_w1$src/sq_engine.v:131$1490_EN[63:0]$1595 [0] $flatten\u_sq_engine.$0$memwr$\latch_w1$src/sq_engine.v:131$1490_EN[63:0]$1595 [0] $flatten\u_sq_engine.$0$memwr$\latch_w1$src/sq_engine.v:131$1490_EN[63:0]$1595 [0] $flatten\u_sq_engine.$0$memwr$\latch_w1$src/sq_engine.v:131$1490_EN[63:0]$1595 [0] $flatten\u_sq_engine.$0$memwr$\latch_w1$src/sq_engine.v:131$1490_EN[63:0]$1595 [0] $flatten\u_sq_engine.$0$memwr$\latch_w1$src/sq_engine.v:131$1490_EN[63:0]$1595 [0] $flatten\u_sq_engine.$0$memwr$\latch_w1$src/sq_engine.v:131$1490_EN[63:0]$1595 [0] $flatten\u_sq_engine.$0$memwr$\latch_w1$src/sq_engine.v:131$1490_EN[63:0]$1595 [0] $flatten\u_sq_engine.$0$memwr$\latch_w1$src/sq_engine.v:131$1490_EN[63:0]$1595 [0] $flatten\u_sq_engine.$0$memwr$\latch_w1$src/sq_engine.v:131$1490_EN[63:0]$1595 [0] $flatten\u_sq_engine.$0$memwr$\latch_w1$src/sq_engine.v:131$1490_EN[63:0]$1595 [0] $flatten\u_sq_engine.$0$memwr$\latch_w1$src/sq_engine.v:131$1490_EN[63:0]$1595 [0] $flatten\u_sq_engine.$0$memwr$\latch_w1$src/sq_engine.v:131$1490_EN[63:0]$1595 [0] $flatten\u_sq_engine.$0$memwr$\latch_w1$src/sq_engine.v:131$1490_EN[63:0]$1595 [0] $flatten\u_sq_engine.$0$memwr$\latch_w1$src/sq_engine.v:131$1490_EN[63:0]$1595 [0] $flatten\u_sq_engine.$0$memwr$\latch_w1$src/sq_engine.v:131$1490_EN[63:0]$1595 [0] $flatten\u_sq_engine.$0$memwr$\latch_w1$src/sq_engine.v:131$1490_EN[63:0]$1595 [0] $flatten\u_sq_engine.$0$memwr$\latch_w1$src/sq_engine.v:131$1490_EN[63:0]$1595 [0] $flatten\u_sq_engine.$0$memwr$\latch_w1$src/sq_engine.v:131$1490_EN[63:0]$1595 [0] $flatten\u_sq_engine.$0$memwr$\latch_w1$src/sq_engine.v:131$1490_EN[63:0]$1595 [0] }
    Consolidated identical input bits for $mux cell $flatten\u_sq_engine.$procmux$5626:
      Old ports: A=64'0000000000000000000000000000000000000000000000000000000000000000, B=64'1111111111111111111111111111111111111111111111111111111111111111, Y=$flatten\u_sq_engine.$procmux$5626_Y
      New ports: A=1'0, B=1'1, Y=$flatten\u_sq_engine.$procmux$5626_Y [0]
      New connections: $flatten\u_sq_engine.$procmux$5626_Y [63:1] = { $flatten\u_sq_engine.$procmux$5626_Y [0] $flatten\u_sq_engine.$procmux$5626_Y [0] $flatten\u_sq_engine.$procmux$5626_Y [0] $flatten\u_sq_engine.$procmux$5626_Y [0] $flatten\u_sq_engine.$procmux$5626_Y [0] $flatten\u_sq_engine.$procmux$5626_Y [0] $flatten\u_sq_engine.$procmux$5626_Y [0] $flatten\u_sq_engine.$procmux$5626_Y [0] $flatten\u_sq_engine.$procmux$5626_Y [0] $flatten\u_sq_engine.$procmux$5626_Y [0] $flatten\u_sq_engine.$procmux$5626_Y [0] $flatten\u_sq_engine.$procmux$5626_Y [0] $flatten\u_sq_engine.$procmux$5626_Y [0] $flatten\u_sq_engine.$procmux$5626_Y [0] $flatten\u_sq_engine.$procmux$5626_Y [0] $flatten\u_sq_engine.$procmux$5626_Y [0] $flatten\u_sq_engine.$procmux$5626_Y [0] $flatten\u_sq_engine.$procmux$5626_Y [0] $flatten\u_sq_engine.$procmux$5626_Y [0] $flatten\u_sq_engine.$procmux$5626_Y [0] $flatten\u_sq_engine.$procmux$5626_Y [0] $flatten\u_sq_engine.$procmux$5626_Y [0] $flatten\u_sq_engine.$procmux$5626_Y [0] $flatten\u_sq_engine.$procmux$5626_Y [0] $flatten\u_sq_engine.$procmux$5626_Y [0] $flatten\u_sq_engine.$procmux$5626_Y [0] $flatten\u_sq_engine.$procmux$5626_Y [0] $flatten\u_sq_engine.$procmux$5626_Y [0] $flatten\u_sq_engine.$procmux$5626_Y [0] $flatten\u_sq_engine.$procmux$5626_Y [0] $flatten\u_sq_engine.$procmux$5626_Y [0] $flatten\u_sq_engine.$procmux$5626_Y [0] $flatten\u_sq_engine.$procmux$5626_Y [0] $flatten\u_sq_engine.$procmux$5626_Y [0] $flatten\u_sq_engine.$procmux$5626_Y [0] $flatten\u_sq_engine.$procmux$5626_Y [0] $flatten\u_sq_engine.$procmux$5626_Y [0] $flatten\u_sq_engine.$procmux$5626_Y [0] $flatten\u_sq_engine.$procmux$5626_Y [0] $flatten\u_sq_engine.$procmux$5626_Y [0] $flatten\u_sq_engine.$procmux$5626_Y [0] $flatten\u_sq_engine.$procmux$5626_Y [0] $flatten\u_sq_engine.$procmux$5626_Y [0] $flatten\u_sq_engine.$procmux$5626_Y [0] $flatten\u_sq_engine.$procmux$5626_Y [0] $flatten\u_sq_engine.$procmux$5626_Y [0] $flatten\u_sq_engine.$procmux$5626_Y [0] $flatten\u_sq_engine.$procmux$5626_Y [0] $flatten\u_sq_engine.$procmux$5626_Y [0] $flatten\u_sq_engine.$procmux$5626_Y [0] $flatten\u_sq_engine.$procmux$5626_Y [0] $flatten\u_sq_engine.$procmux$5626_Y [0] $flatten\u_sq_engine.$procmux$5626_Y [0] $flatten\u_sq_engine.$procmux$5626_Y [0] $flatten\u_sq_engine.$procmux$5626_Y [0] $flatten\u_sq_engine.$procmux$5626_Y [0] $flatten\u_sq_engine.$procmux$5626_Y [0] $flatten\u_sq_engine.$procmux$5626_Y [0] $flatten\u_sq_engine.$procmux$5626_Y [0] $flatten\u_sq_engine.$procmux$5626_Y [0] $flatten\u_sq_engine.$procmux$5626_Y [0] $flatten\u_sq_engine.$procmux$5626_Y [0] $flatten\u_sq_engine.$procmux$5626_Y [0] }
    Consolidated identical input bits for $mux cell $flatten\u_sq_engine.$procmux$6393:
      Old ports: A=64'1111111111111111111111111111111111111111111111111111111111111111, B=64'0000000000000000000000000000000000000000000000000000000000000000, Y=$flatten\u_sq_engine.$0$memwr$\latch_w2$src/sq_engine.v:131$1491_EN[63:0]$1596
      New ports: A=1'1, B=1'0, Y=$flatten\u_sq_engine.$0$memwr$\latch_w2$src/sq_engine.v:131$1491_EN[63:0]$1596 [0]
      New connections: $flatten\u_sq_engine.$0$memwr$\latch_w2$src/sq_engine.v:131$1491_EN[63:0]$1596 [63:1] = { $flatten\u_sq_engine.$0$memwr$\latch_w2$src/sq_engine.v:131$1491_EN[63:0]$1596 [0] $flatten\u_sq_engine.$0$memwr$\latch_w2$src/sq_engine.v:131$1491_EN[63:0]$1596 [0] $flatten\u_sq_engine.$0$memwr$\latch_w2$src/sq_engine.v:131$1491_EN[63:0]$1596 [0] $flatten\u_sq_engine.$0$memwr$\latch_w2$src/sq_engine.v:131$1491_EN[63:0]$1596 [0] $flatten\u_sq_engine.$0$memwr$\latch_w2$src/sq_engine.v:131$1491_EN[63:0]$1596 [0] $flatten\u_sq_engine.$0$memwr$\latch_w2$src/sq_engine.v:131$1491_EN[63:0]$1596 [0] $flatten\u_sq_engine.$0$memwr$\latch_w2$src/sq_engine.v:131$1491_EN[63:0]$1596 [0] $flatten\u_sq_engine.$0$memwr$\latch_w2$src/sq_engine.v:131$1491_EN[63:0]$1596 [0] $flatten\u_sq_engine.$0$memwr$\latch_w2$src/sq_engine.v:131$1491_EN[63:0]$1596 [0] $flatten\u_sq_engine.$0$memwr$\latch_w2$src/sq_engine.v:131$1491_EN[63:0]$1596 [0] $flatten\u_sq_engine.$0$memwr$\latch_w2$src/sq_engine.v:131$1491_EN[63:0]$1596 [0] $flatten\u_sq_engine.$0$memwr$\latch_w2$src/sq_engine.v:131$1491_EN[63:0]$1596 [0] $flatten\u_sq_engine.$0$memwr$\latch_w2$src/sq_engine.v:131$1491_EN[63:0]$1596 [0] $flatten\u_sq_engine.$0$memwr$\latch_w2$src/sq_engine.v:131$1491_EN[63:0]$1596 [0] $flatten\u_sq_engine.$0$memwr$\latch_w2$src/sq_engine.v:131$1491_EN[63:0]$1596 [0] $flatten\u_sq_engine.$0$memwr$\latch_w2$src/sq_engine.v:131$1491_EN[63:0]$1596 [0] $flatten\u_sq_engine.$0$memwr$\latch_w2$src/sq_engine.v:131$1491_EN[63:0]$1596 [0] $flatten\u_sq_engine.$0$memwr$\latch_w2$src/sq_engine.v:131$1491_EN[63:0]$1596 [0] $flatten\u_sq_engine.$0$memwr$\latch_w2$src/sq_engine.v:131$1491_EN[63:0]$1596 [0] $flatten\u_sq_engine.$0$memwr$\latch_w2$src/sq_engine.v:131$1491_EN[63:0]$1596 [0] $flatten\u_sq_engine.$0$memwr$\latch_w2$src/sq_engine.v:131$1491_EN[63:0]$1596 [0] $flatten\u_sq_engine.$0$memwr$\latch_w2$src/sq_engine.v:131$1491_EN[63:0]$1596 [0] $flatten\u_sq_engine.$0$memwr$\latch_w2$src/sq_engine.v:131$1491_EN[63:0]$1596 [0] $flatten\u_sq_engine.$0$memwr$\latch_w2$src/sq_engine.v:131$1491_EN[63:0]$1596 [0] $flatten\u_sq_engine.$0$memwr$\latch_w2$src/sq_engine.v:131$1491_EN[63:0]$1596 [0] $flatten\u_sq_engine.$0$memwr$\latch_w2$src/sq_engine.v:131$1491_EN[63:0]$1596 [0] $flatten\u_sq_engine.$0$memwr$\latch_w2$src/sq_engine.v:131$1491_EN[63:0]$1596 [0] $flatten\u_sq_engine.$0$memwr$\latch_w2$src/sq_engine.v:131$1491_EN[63:0]$1596 [0] $flatten\u_sq_engine.$0$memwr$\latch_w2$src/sq_engine.v:131$1491_EN[63:0]$1596 [0] $flatten\u_sq_engine.$0$memwr$\latch_w2$src/sq_engine.v:131$1491_EN[63:0]$1596 [0] $flatten\u_sq_engine.$0$memwr$\latch_w2$src/sq_engine.v:131$1491_EN[63:0]$1596 [0] $flatten\u_sq_engine.$0$memwr$\latch_w2$src/sq_engine.v:131$1491_EN[63:0]$1596 [0] $flatten\u_sq_engine.$0$memwr$\latch_w2$src/sq_engine.v:131$1491_EN[63:0]$1596 [0] $flatten\u_sq_engine.$0$memwr$\latch_w2$src/sq_engine.v:131$1491_EN[63:0]$1596 [0] $flatten\u_sq_engine.$0$memwr$\latch_w2$src/sq_engine.v:131$1491_EN[63:0]$1596 [0] $flatten\u_sq_engine.$0$memwr$\latch_w2$src/sq_engine.v:131$1491_EN[63:0]$1596 [0] $flatten\u_sq_engine.$0$memwr$\latch_w2$src/sq_engine.v:131$1491_EN[63:0]$1596 [0] $flatten\u_sq_engine.$0$memwr$\latch_w2$src/sq_engine.v:131$1491_EN[63:0]$1596 [0] $flatten\u_sq_engine.$0$memwr$\latch_w2$src/sq_engine.v:131$1491_EN[63:0]$1596 [0] $flatten\u_sq_engine.$0$memwr$\latch_w2$src/sq_engine.v:131$1491_EN[63:0]$1596 [0] $flatten\u_sq_engine.$0$memwr$\latch_w2$src/sq_engine.v:131$1491_EN[63:0]$1596 [0] $flatten\u_sq_engine.$0$memwr$\latch_w2$src/sq_engine.v:131$1491_EN[63:0]$1596 [0] $flatten\u_sq_engine.$0$memwr$\latch_w2$src/sq_engine.v:131$1491_EN[63:0]$1596 [0] $flatten\u_sq_engine.$0$memwr$\latch_w2$src/sq_engine.v:131$1491_EN[63:0]$1596 [0] $flatten\u_sq_engine.$0$memwr$\latch_w2$src/sq_engine.v:131$1491_EN[63:0]$1596 [0] $flatten\u_sq_engine.$0$memwr$\latch_w2$src/sq_engine.v:131$1491_EN[63:0]$1596 [0] $flatten\u_sq_engine.$0$memwr$\latch_w2$src/sq_engine.v:131$1491_EN[63:0]$1596 [0] $flatten\u_sq_engine.$0$memwr$\latch_w2$src/sq_engine.v:131$1491_EN[63:0]$1596 [0] $flatten\u_sq_engine.$0$memwr$\latch_w2$src/sq_engine.v:131$1491_EN[63:0]$1596 [0] $flatten\u_sq_engine.$0$memwr$\latch_w2$src/sq_engine.v:131$1491_EN[63:0]$1596 [0] $flatten\u_sq_engine.$0$memwr$\latch_w2$src/sq_engine.v:131$1491_EN[63:0]$1596 [0] $flatten\u_sq_engine.$0$memwr$\latch_w2$src/sq_engine.v:131$1491_EN[63:0]$1596 [0] $flatten\u_sq_engine.$0$memwr$\latch_w2$src/sq_engine.v:131$1491_EN[63:0]$1596 [0] $flatten\u_sq_engine.$0$memwr$\latch_w2$src/sq_engine.v:131$1491_EN[63:0]$1596 [0] $flatten\u_sq_engine.$0$memwr$\latch_w2$src/sq_engine.v:131$1491_EN[63:0]$1596 [0] $flatten\u_sq_engine.$0$memwr$\latch_w2$src/sq_engine.v:131$1491_EN[63:0]$1596 [0] $flatten\u_sq_engine.$0$memwr$\latch_w2$src/sq_engine.v:131$1491_EN[63:0]$1596 [0] $flatten\u_sq_engine.$0$memwr$\latch_w2$src/sq_engine.v:131$1491_EN[63:0]$1596 [0] $flatten\u_sq_engine.$0$memwr$\latch_w2$src/sq_engine.v:131$1491_EN[63:0]$1596 [0] $flatten\u_sq_engine.$0$memwr$\latch_w2$src/sq_engine.v:131$1491_EN[63:0]$1596 [0] $flatten\u_sq_engine.$0$memwr$\latch_w2$src/sq_engine.v:131$1491_EN[63:0]$1596 [0] $flatten\u_sq_engine.$0$memwr$\latch_w2$src/sq_engine.v:131$1491_EN[63:0]$1596 [0] $flatten\u_sq_engine.$0$memwr$\latch_w2$src/sq_engine.v:131$1491_EN[63:0]$1596 [0] }
    Consolidated identical input bits for $mux cell $flatten\u_sq_engine.$procmux$6387:
      Old ports: A=6'111111, B=6'000000, Y=$flatten\u_sq_engine.$0$memwr$\cid_counter$src/sq_engine.v:133$1493_EN[5:0]$1598
      New ports: A=1'1, B=1'0, Y=$flatten\u_sq_engine.$0$memwr$\cid_counter$src/sq_engine.v:133$1493_EN[5:0]$1598 [0]
      New connections: $flatten\u_sq_engine.$0$memwr$\cid_counter$src/sq_engine.v:133$1493_EN[5:0]$1598 [5:1] = { $flatten\u_sq_engine.$0$memwr$\cid_counter$src/sq_engine.v:133$1493_EN[5:0]$1598 [0] $flatten\u_sq_engine.$0$memwr$\cid_counter$src/sq_engine.v:133$1493_EN[5:0]$1598 [0] $flatten\u_sq_engine.$0$memwr$\cid_counter$src/sq_engine.v:133$1493_EN[5:0]$1598 [0] $flatten\u_sq_engine.$0$memwr$\cid_counter$src/sq_engine.v:133$1493_EN[5:0]$1598 [0] $flatten\u_sq_engine.$0$memwr$\cid_counter$src/sq_engine.v:133$1493_EN[5:0]$1598 [0] }
    Consolidated identical input bits for $mux cell $flatten\u_sq_engine.$procmux$6384:
      Old ports: A=64'1111111111111111111111111111111111111111111111111111111111111111, B=64'0000000000000000000000000000000000000000000000000000000000000000, Y=$flatten\u_sq_engine.$0$memwr$\latch_w0$src/sq_engine.v:131$1494_EN[63:0]$1599
      New ports: A=1'1, B=1'0, Y=$flatten\u_sq_engine.$0$memwr$\latch_w0$src/sq_engine.v:131$1494_EN[63:0]$1599 [0]
      New connections: $flatten\u_sq_engine.$0$memwr$\latch_w0$src/sq_engine.v:131$1494_EN[63:0]$1599 [63:1] = { $flatten\u_sq_engine.$0$memwr$\latch_w0$src/sq_engine.v:131$1494_EN[63:0]$1599 [0] $flatten\u_sq_engine.$0$memwr$\latch_w0$src/sq_engine.v:131$1494_EN[63:0]$1599 [0] $flatten\u_sq_engine.$0$memwr$\latch_w0$src/sq_engine.v:131$1494_EN[63:0]$1599 [0] $flatten\u_sq_engine.$0$memwr$\latch_w0$src/sq_engine.v:131$1494_EN[63:0]$1599 [0] $flatten\u_sq_engine.$0$memwr$\latch_w0$src/sq_engine.v:131$1494_EN[63:0]$1599 [0] $flatten\u_sq_engine.$0$memwr$\latch_w0$src/sq_engine.v:131$1494_EN[63:0]$1599 [0] $flatten\u_sq_engine.$0$memwr$\latch_w0$src/sq_engine.v:131$1494_EN[63:0]$1599 [0] $flatten\u_sq_engine.$0$memwr$\latch_w0$src/sq_engine.v:131$1494_EN[63:0]$1599 [0] $flatten\u_sq_engine.$0$memwr$\latch_w0$src/sq_engine.v:131$1494_EN[63:0]$1599 [0] $flatten\u_sq_engine.$0$memwr$\latch_w0$src/sq_engine.v:131$1494_EN[63:0]$1599 [0] $flatten\u_sq_engine.$0$memwr$\latch_w0$src/sq_engine.v:131$1494_EN[63:0]$1599 [0] $flatten\u_sq_engine.$0$memwr$\latch_w0$src/sq_engine.v:131$1494_EN[63:0]$1599 [0] $flatten\u_sq_engine.$0$memwr$\latch_w0$src/sq_engine.v:131$1494_EN[63:0]$1599 [0] $flatten\u_sq_engine.$0$memwr$\latch_w0$src/sq_engine.v:131$1494_EN[63:0]$1599 [0] $flatten\u_sq_engine.$0$memwr$\latch_w0$src/sq_engine.v:131$1494_EN[63:0]$1599 [0] $flatten\u_sq_engine.$0$memwr$\latch_w0$src/sq_engine.v:131$1494_EN[63:0]$1599 [0] $flatten\u_sq_engine.$0$memwr$\latch_w0$src/sq_engine.v:131$1494_EN[63:0]$1599 [0] $flatten\u_sq_engine.$0$memwr$\latch_w0$src/sq_engine.v:131$1494_EN[63:0]$1599 [0] $flatten\u_sq_engine.$0$memwr$\latch_w0$src/sq_engine.v:131$1494_EN[63:0]$1599 [0] $flatten\u_sq_engine.$0$memwr$\latch_w0$src/sq_engine.v:131$1494_EN[63:0]$1599 [0] $flatten\u_sq_engine.$0$memwr$\latch_w0$src/sq_engine.v:131$1494_EN[63:0]$1599 [0] $flatten\u_sq_engine.$0$memwr$\latch_w0$src/sq_engine.v:131$1494_EN[63:0]$1599 [0] $flatten\u_sq_engine.$0$memwr$\latch_w0$src/sq_engine.v:131$1494_EN[63:0]$1599 [0] $flatten\u_sq_engine.$0$memwr$\latch_w0$src/sq_engine.v:131$1494_EN[63:0]$1599 [0] $flatten\u_sq_engine.$0$memwr$\latch_w0$src/sq_engine.v:131$1494_EN[63:0]$1599 [0] $flatten\u_sq_engine.$0$memwr$\latch_w0$src/sq_engine.v:131$1494_EN[63:0]$1599 [0] $flatten\u_sq_engine.$0$memwr$\latch_w0$src/sq_engine.v:131$1494_EN[63:0]$1599 [0] $flatten\u_sq_engine.$0$memwr$\latch_w0$src/sq_engine.v:131$1494_EN[63:0]$1599 [0] $flatten\u_sq_engine.$0$memwr$\latch_w0$src/sq_engine.v:131$1494_EN[63:0]$1599 [0] $flatten\u_sq_engine.$0$memwr$\latch_w0$src/sq_engine.v:131$1494_EN[63:0]$1599 [0] $flatten\u_sq_engine.$0$memwr$\latch_w0$src/sq_engine.v:131$1494_EN[63:0]$1599 [0] $flatten\u_sq_engine.$0$memwr$\latch_w0$src/sq_engine.v:131$1494_EN[63:0]$1599 [0] $flatten\u_sq_engine.$0$memwr$\latch_w0$src/sq_engine.v:131$1494_EN[63:0]$1599 [0] $flatten\u_sq_engine.$0$memwr$\latch_w0$src/sq_engine.v:131$1494_EN[63:0]$1599 [0] $flatten\u_sq_engine.$0$memwr$\latch_w0$src/sq_engine.v:131$1494_EN[63:0]$1599 [0] $flatten\u_sq_engine.$0$memwr$\latch_w0$src/sq_engine.v:131$1494_EN[63:0]$1599 [0] $flatten\u_sq_engine.$0$memwr$\latch_w0$src/sq_engine.v:131$1494_EN[63:0]$1599 [0] $flatten\u_sq_engine.$0$memwr$\latch_w0$src/sq_engine.v:131$1494_EN[63:0]$1599 [0] $flatten\u_sq_engine.$0$memwr$\latch_w0$src/sq_engine.v:131$1494_EN[63:0]$1599 [0] $flatten\u_sq_engine.$0$memwr$\latch_w0$src/sq_engine.v:131$1494_EN[63:0]$1599 [0] $flatten\u_sq_engine.$0$memwr$\latch_w0$src/sq_engine.v:131$1494_EN[63:0]$1599 [0] $flatten\u_sq_engine.$0$memwr$\latch_w0$src/sq_engine.v:131$1494_EN[63:0]$1599 [0] $flatten\u_sq_engine.$0$memwr$\latch_w0$src/sq_engine.v:131$1494_EN[63:0]$1599 [0] $flatten\u_sq_engine.$0$memwr$\latch_w0$src/sq_engine.v:131$1494_EN[63:0]$1599 [0] $flatten\u_sq_engine.$0$memwr$\latch_w0$src/sq_engine.v:131$1494_EN[63:0]$1599 [0] $flatten\u_sq_engine.$0$memwr$\latch_w0$src/sq_engine.v:131$1494_EN[63:0]$1599 [0] $flatten\u_sq_engine.$0$memwr$\latch_w0$src/sq_engine.v:131$1494_EN[63:0]$1599 [0] $flatten\u_sq_engine.$0$memwr$\latch_w0$src/sq_engine.v:131$1494_EN[63:0]$1599 [0] $flatten\u_sq_engine.$0$memwr$\latch_w0$src/sq_engine.v:131$1494_EN[63:0]$1599 [0] $flatten\u_sq_engine.$0$memwr$\latch_w0$src/sq_engine.v:131$1494_EN[63:0]$1599 [0] $flatten\u_sq_engine.$0$memwr$\latch_w0$src/sq_engine.v:131$1494_EN[63:0]$1599 [0] $flatten\u_sq_engine.$0$memwr$\latch_w0$src/sq_engine.v:131$1494_EN[63:0]$1599 [0] $flatten\u_sq_engine.$0$memwr$\latch_w0$src/sq_engine.v:131$1494_EN[63:0]$1599 [0] $flatten\u_sq_engine.$0$memwr$\latch_w0$src/sq_engine.v:131$1494_EN[63:0]$1599 [0] $flatten\u_sq_engine.$0$memwr$\latch_w0$src/sq_engine.v:131$1494_EN[63:0]$1599 [0] $flatten\u_sq_engine.$0$memwr$\latch_w0$src/sq_engine.v:131$1494_EN[63:0]$1599 [0] $flatten\u_sq_engine.$0$memwr$\latch_w0$src/sq_engine.v:131$1494_EN[63:0]$1599 [0] $flatten\u_sq_engine.$0$memwr$\latch_w0$src/sq_engine.v:131$1494_EN[63:0]$1599 [0] $flatten\u_sq_engine.$0$memwr$\latch_w0$src/sq_engine.v:131$1494_EN[63:0]$1599 [0] $flatten\u_sq_engine.$0$memwr$\latch_w0$src/sq_engine.v:131$1494_EN[63:0]$1599 [0] $flatten\u_sq_engine.$0$memwr$\latch_w0$src/sq_engine.v:131$1494_EN[63:0]$1599 [0] $flatten\u_sq_engine.$0$memwr$\latch_w0$src/sq_engine.v:131$1494_EN[63:0]$1599 [0] $flatten\u_sq_engine.$0$memwr$\latch_w0$src/sq_engine.v:131$1494_EN[63:0]$1599 [0] }
    Consolidated identical input bits for $mux cell $flatten\u_sq_engine.$procmux$6381:
      Old ports: A=64'1111111111111111111111111111111111111111111111111111111111111111, B=64'0000000000000000000000000000000000000000000000000000000000000000, Y=$flatten\u_sq_engine.$0$memwr$\latch_w1$src/sq_engine.v:131$1495_EN[63:0]$1600
      New ports: A=1'1, B=1'0, Y=$flatten\u_sq_engine.$0$memwr$\latch_w1$src/sq_engine.v:131$1495_EN[63:0]$1600 [0]
      New connections: $flatten\u_sq_engine.$0$memwr$\latch_w1$src/sq_engine.v:131$1495_EN[63:0]$1600 [63:1] = { $flatten\u_sq_engine.$0$memwr$\latch_w1$src/sq_engine.v:131$1495_EN[63:0]$1600 [0] $flatten\u_sq_engine.$0$memwr$\latch_w1$src/sq_engine.v:131$1495_EN[63:0]$1600 [0] $flatten\u_sq_engine.$0$memwr$\latch_w1$src/sq_engine.v:131$1495_EN[63:0]$1600 [0] $flatten\u_sq_engine.$0$memwr$\latch_w1$src/sq_engine.v:131$1495_EN[63:0]$1600 [0] $flatten\u_sq_engine.$0$memwr$\latch_w1$src/sq_engine.v:131$1495_EN[63:0]$1600 [0] $flatten\u_sq_engine.$0$memwr$\latch_w1$src/sq_engine.v:131$1495_EN[63:0]$1600 [0] $flatten\u_sq_engine.$0$memwr$\latch_w1$src/sq_engine.v:131$1495_EN[63:0]$1600 [0] $flatten\u_sq_engine.$0$memwr$\latch_w1$src/sq_engine.v:131$1495_EN[63:0]$1600 [0] $flatten\u_sq_engine.$0$memwr$\latch_w1$src/sq_engine.v:131$1495_EN[63:0]$1600 [0] $flatten\u_sq_engine.$0$memwr$\latch_w1$src/sq_engine.v:131$1495_EN[63:0]$1600 [0] $flatten\u_sq_engine.$0$memwr$\latch_w1$src/sq_engine.v:131$1495_EN[63:0]$1600 [0] $flatten\u_sq_engine.$0$memwr$\latch_w1$src/sq_engine.v:131$1495_EN[63:0]$1600 [0] $flatten\u_sq_engine.$0$memwr$\latch_w1$src/sq_engine.v:131$1495_EN[63:0]$1600 [0] $flatten\u_sq_engine.$0$memwr$\latch_w1$src/sq_engine.v:131$1495_EN[63:0]$1600 [0] $flatten\u_sq_engine.$0$memwr$\latch_w1$src/sq_engine.v:131$1495_EN[63:0]$1600 [0] $flatten\u_sq_engine.$0$memwr$\latch_w1$src/sq_engine.v:131$1495_EN[63:0]$1600 [0] $flatten\u_sq_engine.$0$memwr$\latch_w1$src/sq_engine.v:131$1495_EN[63:0]$1600 [0] $flatten\u_sq_engine.$0$memwr$\latch_w1$src/sq_engine.v:131$1495_EN[63:0]$1600 [0] $flatten\u_sq_engine.$0$memwr$\latch_w1$src/sq_engine.v:131$1495_EN[63:0]$1600 [0] $flatten\u_sq_engine.$0$memwr$\latch_w1$src/sq_engine.v:131$1495_EN[63:0]$1600 [0] $flatten\u_sq_engine.$0$memwr$\latch_w1$src/sq_engine.v:131$1495_EN[63:0]$1600 [0] $flatten\u_sq_engine.$0$memwr$\latch_w1$src/sq_engine.v:131$1495_EN[63:0]$1600 [0] $flatten\u_sq_engine.$0$memwr$\latch_w1$src/sq_engine.v:131$1495_EN[63:0]$1600 [0] $flatten\u_sq_engine.$0$memwr$\latch_w1$src/sq_engine.v:131$1495_EN[63:0]$1600 [0] $flatten\u_sq_engine.$0$memwr$\latch_w1$src/sq_engine.v:131$1495_EN[63:0]$1600 [0] $flatten\u_sq_engine.$0$memwr$\latch_w1$src/sq_engine.v:131$1495_EN[63:0]$1600 [0] $flatten\u_sq_engine.$0$memwr$\latch_w1$src/sq_engine.v:131$1495_EN[63:0]$1600 [0] $flatten\u_sq_engine.$0$memwr$\latch_w1$src/sq_engine.v:131$1495_EN[63:0]$1600 [0] $flatten\u_sq_engine.$0$memwr$\latch_w1$src/sq_engine.v:131$1495_EN[63:0]$1600 [0] $flatten\u_sq_engine.$0$memwr$\latch_w1$src/sq_engine.v:131$1495_EN[63:0]$1600 [0] $flatten\u_sq_engine.$0$memwr$\latch_w1$src/sq_engine.v:131$1495_EN[63:0]$1600 [0] $flatten\u_sq_engine.$0$memwr$\latch_w1$src/sq_engine.v:131$1495_EN[63:0]$1600 [0] $flatten\u_sq_engine.$0$memwr$\latch_w1$src/sq_engine.v:131$1495_EN[63:0]$1600 [0] $flatten\u_sq_engine.$0$memwr$\latch_w1$src/sq_engine.v:131$1495_EN[63:0]$1600 [0] $flatten\u_sq_engine.$0$memwr$\latch_w1$src/sq_engine.v:131$1495_EN[63:0]$1600 [0] $flatten\u_sq_engine.$0$memwr$\latch_w1$src/sq_engine.v:131$1495_EN[63:0]$1600 [0] $flatten\u_sq_engine.$0$memwr$\latch_w1$src/sq_engine.v:131$1495_EN[63:0]$1600 [0] $flatten\u_sq_engine.$0$memwr$\latch_w1$src/sq_engine.v:131$1495_EN[63:0]$1600 [0] $flatten\u_sq_engine.$0$memwr$\latch_w1$src/sq_engine.v:131$1495_EN[63:0]$1600 [0] $flatten\u_sq_engine.$0$memwr$\latch_w1$src/sq_engine.v:131$1495_EN[63:0]$1600 [0] $flatten\u_sq_engine.$0$memwr$\latch_w1$src/sq_engine.v:131$1495_EN[63:0]$1600 [0] $flatten\u_sq_engine.$0$memwr$\latch_w1$src/sq_engine.v:131$1495_EN[63:0]$1600 [0] $flatten\u_sq_engine.$0$memwr$\latch_w1$src/sq_engine.v:131$1495_EN[63:0]$1600 [0] $flatten\u_sq_engine.$0$memwr$\latch_w1$src/sq_engine.v:131$1495_EN[63:0]$1600 [0] $flatten\u_sq_engine.$0$memwr$\latch_w1$src/sq_engine.v:131$1495_EN[63:0]$1600 [0] $flatten\u_sq_engine.$0$memwr$\latch_w1$src/sq_engine.v:131$1495_EN[63:0]$1600 [0] $flatten\u_sq_engine.$0$memwr$\latch_w1$src/sq_engine.v:131$1495_EN[63:0]$1600 [0] $flatten\u_sq_engine.$0$memwr$\latch_w1$src/sq_engine.v:131$1495_EN[63:0]$1600 [0] $flatten\u_sq_engine.$0$memwr$\latch_w1$src/sq_engine.v:131$1495_EN[63:0]$1600 [0] $flatten\u_sq_engine.$0$memwr$\latch_w1$src/sq_engine.v:131$1495_EN[63:0]$1600 [0] $flatten\u_sq_engine.$0$memwr$\latch_w1$src/sq_engine.v:131$1495_EN[63:0]$1600 [0] $flatten\u_sq_engine.$0$memwr$\latch_w1$src/sq_engine.v:131$1495_EN[63:0]$1600 [0] $flatten\u_sq_engine.$0$memwr$\latch_w1$src/sq_engine.v:131$1495_EN[63:0]$1600 [0] $flatten\u_sq_engine.$0$memwr$\latch_w1$src/sq_engine.v:131$1495_EN[63:0]$1600 [0] $flatten\u_sq_engine.$0$memwr$\latch_w1$src/sq_engine.v:131$1495_EN[63:0]$1600 [0] $flatten\u_sq_engine.$0$memwr$\latch_w1$src/sq_engine.v:131$1495_EN[63:0]$1600 [0] $flatten\u_sq_engine.$0$memwr$\latch_w1$src/sq_engine.v:131$1495_EN[63:0]$1600 [0] $flatten\u_sq_engine.$0$memwr$\latch_w1$src/sq_engine.v:131$1495_EN[63:0]$1600 [0] $flatten\u_sq_engine.$0$memwr$\latch_w1$src/sq_engine.v:131$1495_EN[63:0]$1600 [0] $flatten\u_sq_engine.$0$memwr$\latch_w1$src/sq_engine.v:131$1495_EN[63:0]$1600 [0] $flatten\u_sq_engine.$0$memwr$\latch_w1$src/sq_engine.v:131$1495_EN[63:0]$1600 [0] $flatten\u_sq_engine.$0$memwr$\latch_w1$src/sq_engine.v:131$1495_EN[63:0]$1600 [0] $flatten\u_sq_engine.$0$memwr$\latch_w1$src/sq_engine.v:131$1495_EN[63:0]$1600 [0] }
    Consolidated identical input bits for $mux cell $flatten\u_sq_engine.$procmux$6378:
      Old ports: A=64'1111111111111111111111111111111111111111111111111111111111111111, B=64'0000000000000000000000000000000000000000000000000000000000000000, Y=$flatten\u_sq_engine.$0$memwr$\latch_w2$src/sq_engine.v:131$1496_EN[63:0]$1601
      New ports: A=1'1, B=1'0, Y=$flatten\u_sq_engine.$0$memwr$\latch_w2$src/sq_engine.v:131$1496_EN[63:0]$1601 [0]
      New connections: $flatten\u_sq_engine.$0$memwr$\latch_w2$src/sq_engine.v:131$1496_EN[63:0]$1601 [63:1] = { $flatten\u_sq_engine.$0$memwr$\latch_w2$src/sq_engine.v:131$1496_EN[63:0]$1601 [0] $flatten\u_sq_engine.$0$memwr$\latch_w2$src/sq_engine.v:131$1496_EN[63:0]$1601 [0] $flatten\u_sq_engine.$0$memwr$\latch_w2$src/sq_engine.v:131$1496_EN[63:0]$1601 [0] $flatten\u_sq_engine.$0$memwr$\latch_w2$src/sq_engine.v:131$1496_EN[63:0]$1601 [0] $flatten\u_sq_engine.$0$memwr$\latch_w2$src/sq_engine.v:131$1496_EN[63:0]$1601 [0] $flatten\u_sq_engine.$0$memwr$\latch_w2$src/sq_engine.v:131$1496_EN[63:0]$1601 [0] $flatten\u_sq_engine.$0$memwr$\latch_w2$src/sq_engine.v:131$1496_EN[63:0]$1601 [0] $flatten\u_sq_engine.$0$memwr$\latch_w2$src/sq_engine.v:131$1496_EN[63:0]$1601 [0] $flatten\u_sq_engine.$0$memwr$\latch_w2$src/sq_engine.v:131$1496_EN[63:0]$1601 [0] $flatten\u_sq_engine.$0$memwr$\latch_w2$src/sq_engine.v:131$1496_EN[63:0]$1601 [0] $flatten\u_sq_engine.$0$memwr$\latch_w2$src/sq_engine.v:131$1496_EN[63:0]$1601 [0] $flatten\u_sq_engine.$0$memwr$\latch_w2$src/sq_engine.v:131$1496_EN[63:0]$1601 [0] $flatten\u_sq_engine.$0$memwr$\latch_w2$src/sq_engine.v:131$1496_EN[63:0]$1601 [0] $flatten\u_sq_engine.$0$memwr$\latch_w2$src/sq_engine.v:131$1496_EN[63:0]$1601 [0] $flatten\u_sq_engine.$0$memwr$\latch_w2$src/sq_engine.v:131$1496_EN[63:0]$1601 [0] $flatten\u_sq_engine.$0$memwr$\latch_w2$src/sq_engine.v:131$1496_EN[63:0]$1601 [0] $flatten\u_sq_engine.$0$memwr$\latch_w2$src/sq_engine.v:131$1496_EN[63:0]$1601 [0] $flatten\u_sq_engine.$0$memwr$\latch_w2$src/sq_engine.v:131$1496_EN[63:0]$1601 [0] $flatten\u_sq_engine.$0$memwr$\latch_w2$src/sq_engine.v:131$1496_EN[63:0]$1601 [0] $flatten\u_sq_engine.$0$memwr$\latch_w2$src/sq_engine.v:131$1496_EN[63:0]$1601 [0] $flatten\u_sq_engine.$0$memwr$\latch_w2$src/sq_engine.v:131$1496_EN[63:0]$1601 [0] $flatten\u_sq_engine.$0$memwr$\latch_w2$src/sq_engine.v:131$1496_EN[63:0]$1601 [0] $flatten\u_sq_engine.$0$memwr$\latch_w2$src/sq_engine.v:131$1496_EN[63:0]$1601 [0] $flatten\u_sq_engine.$0$memwr$\latch_w2$src/sq_engine.v:131$1496_EN[63:0]$1601 [0] $flatten\u_sq_engine.$0$memwr$\latch_w2$src/sq_engine.v:131$1496_EN[63:0]$1601 [0] $flatten\u_sq_engine.$0$memwr$\latch_w2$src/sq_engine.v:131$1496_EN[63:0]$1601 [0] $flatten\u_sq_engine.$0$memwr$\latch_w2$src/sq_engine.v:131$1496_EN[63:0]$1601 [0] $flatten\u_sq_engine.$0$memwr$\latch_w2$src/sq_engine.v:131$1496_EN[63:0]$1601 [0] $flatten\u_sq_engine.$0$memwr$\latch_w2$src/sq_engine.v:131$1496_EN[63:0]$1601 [0] $flatten\u_sq_engine.$0$memwr$\latch_w2$src/sq_engine.v:131$1496_EN[63:0]$1601 [0] $flatten\u_sq_engine.$0$memwr$\latch_w2$src/sq_engine.v:131$1496_EN[63:0]$1601 [0] $flatten\u_sq_engine.$0$memwr$\latch_w2$src/sq_engine.v:131$1496_EN[63:0]$1601 [0] $flatten\u_sq_engine.$0$memwr$\latch_w2$src/sq_engine.v:131$1496_EN[63:0]$1601 [0] $flatten\u_sq_engine.$0$memwr$\latch_w2$src/sq_engine.v:131$1496_EN[63:0]$1601 [0] $flatten\u_sq_engine.$0$memwr$\latch_w2$src/sq_engine.v:131$1496_EN[63:0]$1601 [0] $flatten\u_sq_engine.$0$memwr$\latch_w2$src/sq_engine.v:131$1496_EN[63:0]$1601 [0] $flatten\u_sq_engine.$0$memwr$\latch_w2$src/sq_engine.v:131$1496_EN[63:0]$1601 [0] $flatten\u_sq_engine.$0$memwr$\latch_w2$src/sq_engine.v:131$1496_EN[63:0]$1601 [0] $flatten\u_sq_engine.$0$memwr$\latch_w2$src/sq_engine.v:131$1496_EN[63:0]$1601 [0] $flatten\u_sq_engine.$0$memwr$\latch_w2$src/sq_engine.v:131$1496_EN[63:0]$1601 [0] $flatten\u_sq_engine.$0$memwr$\latch_w2$src/sq_engine.v:131$1496_EN[63:0]$1601 [0] $flatten\u_sq_engine.$0$memwr$\latch_w2$src/sq_engine.v:131$1496_EN[63:0]$1601 [0] $flatten\u_sq_engine.$0$memwr$\latch_w2$src/sq_engine.v:131$1496_EN[63:0]$1601 [0] $flatten\u_sq_engine.$0$memwr$\latch_w2$src/sq_engine.v:131$1496_EN[63:0]$1601 [0] $flatten\u_sq_engine.$0$memwr$\latch_w2$src/sq_engine.v:131$1496_EN[63:0]$1601 [0] $flatten\u_sq_engine.$0$memwr$\latch_w2$src/sq_engine.v:131$1496_EN[63:0]$1601 [0] $flatten\u_sq_engine.$0$memwr$\latch_w2$src/sq_engine.v:131$1496_EN[63:0]$1601 [0] $flatten\u_sq_engine.$0$memwr$\latch_w2$src/sq_engine.v:131$1496_EN[63:0]$1601 [0] $flatten\u_sq_engine.$0$memwr$\latch_w2$src/sq_engine.v:131$1496_EN[63:0]$1601 [0] $flatten\u_sq_engine.$0$memwr$\latch_w2$src/sq_engine.v:131$1496_EN[63:0]$1601 [0] $flatten\u_sq_engine.$0$memwr$\latch_w2$src/sq_engine.v:131$1496_EN[63:0]$1601 [0] $flatten\u_sq_engine.$0$memwr$\latch_w2$src/sq_engine.v:131$1496_EN[63:0]$1601 [0] $flatten\u_sq_engine.$0$memwr$\latch_w2$src/sq_engine.v:131$1496_EN[63:0]$1601 [0] $flatten\u_sq_engine.$0$memwr$\latch_w2$src/sq_engine.v:131$1496_EN[63:0]$1601 [0] $flatten\u_sq_engine.$0$memwr$\latch_w2$src/sq_engine.v:131$1496_EN[63:0]$1601 [0] $flatten\u_sq_engine.$0$memwr$\latch_w2$src/sq_engine.v:131$1496_EN[63:0]$1601 [0] $flatten\u_sq_engine.$0$memwr$\latch_w2$src/sq_engine.v:131$1496_EN[63:0]$1601 [0] $flatten\u_sq_engine.$0$memwr$\latch_w2$src/sq_engine.v:131$1496_EN[63:0]$1601 [0] $flatten\u_sq_engine.$0$memwr$\latch_w2$src/sq_engine.v:131$1496_EN[63:0]$1601 [0] $flatten\u_sq_engine.$0$memwr$\latch_w2$src/sq_engine.v:131$1496_EN[63:0]$1601 [0] $flatten\u_sq_engine.$0$memwr$\latch_w2$src/sq_engine.v:131$1496_EN[63:0]$1601 [0] $flatten\u_sq_engine.$0$memwr$\latch_w2$src/sq_engine.v:131$1496_EN[63:0]$1601 [0] $flatten\u_sq_engine.$0$memwr$\latch_w2$src/sq_engine.v:131$1496_EN[63:0]$1601 [0] }
    Consolidated identical input bits for $mux cell $flatten\u_sq_engine.$procmux$6372:
      Old ports: A=6'111111, B=6'000000, Y=$flatten\u_sq_engine.$0$memwr$\cid_counter$src/sq_engine.v:133$1498_EN[5:0]$1603
      New ports: A=1'1, B=1'0, Y=$flatten\u_sq_engine.$0$memwr$\cid_counter$src/sq_engine.v:133$1498_EN[5:0]$1603 [0]
      New connections: $flatten\u_sq_engine.$0$memwr$\cid_counter$src/sq_engine.v:133$1498_EN[5:0]$1603 [5:1] = { $flatten\u_sq_engine.$0$memwr$\cid_counter$src/sq_engine.v:133$1498_EN[5:0]$1603 [0] $flatten\u_sq_engine.$0$memwr$\cid_counter$src/sq_engine.v:133$1498_EN[5:0]$1603 [0] $flatten\u_sq_engine.$0$memwr$\cid_counter$src/sq_engine.v:133$1498_EN[5:0]$1603 [0] $flatten\u_sq_engine.$0$memwr$\cid_counter$src/sq_engine.v:133$1498_EN[5:0]$1603 [0] $flatten\u_sq_engine.$0$memwr$\cid_counter$src/sq_engine.v:133$1498_EN[5:0]$1603 [0] }
    Consolidated identical input bits for $mux cell $flatten\u_sq_engine.$procmux$6369:
      Old ports: A=64'1111111111111111111111111111111111111111111111111111111111111111, B=64'0000000000000000000000000000000000000000000000000000000000000000, Y=$flatten\u_sq_engine.$0$memwr$\latch_w0$src/sq_engine.v:131$1499_EN[63:0]$1604
      New ports: A=1'1, B=1'0, Y=$flatten\u_sq_engine.$0$memwr$\latch_w0$src/sq_engine.v:131$1499_EN[63:0]$1604 [0]
      New connections: $flatten\u_sq_engine.$0$memwr$\latch_w0$src/sq_engine.v:131$1499_EN[63:0]$1604 [63:1] = { $flatten\u_sq_engine.$0$memwr$\latch_w0$src/sq_engine.v:131$1499_EN[63:0]$1604 [0] $flatten\u_sq_engine.$0$memwr$\latch_w0$src/sq_engine.v:131$1499_EN[63:0]$1604 [0] $flatten\u_sq_engine.$0$memwr$\latch_w0$src/sq_engine.v:131$1499_EN[63:0]$1604 [0] $flatten\u_sq_engine.$0$memwr$\latch_w0$src/sq_engine.v:131$1499_EN[63:0]$1604 [0] $flatten\u_sq_engine.$0$memwr$\latch_w0$src/sq_engine.v:131$1499_EN[63:0]$1604 [0] $flatten\u_sq_engine.$0$memwr$\latch_w0$src/sq_engine.v:131$1499_EN[63:0]$1604 [0] $flatten\u_sq_engine.$0$memwr$\latch_w0$src/sq_engine.v:131$1499_EN[63:0]$1604 [0] $flatten\u_sq_engine.$0$memwr$\latch_w0$src/sq_engine.v:131$1499_EN[63:0]$1604 [0] $flatten\u_sq_engine.$0$memwr$\latch_w0$src/sq_engine.v:131$1499_EN[63:0]$1604 [0] $flatten\u_sq_engine.$0$memwr$\latch_w0$src/sq_engine.v:131$1499_EN[63:0]$1604 [0] $flatten\u_sq_engine.$0$memwr$\latch_w0$src/sq_engine.v:131$1499_EN[63:0]$1604 [0] $flatten\u_sq_engine.$0$memwr$\latch_w0$src/sq_engine.v:131$1499_EN[63:0]$1604 [0] $flatten\u_sq_engine.$0$memwr$\latch_w0$src/sq_engine.v:131$1499_EN[63:0]$1604 [0] $flatten\u_sq_engine.$0$memwr$\latch_w0$src/sq_engine.v:131$1499_EN[63:0]$1604 [0] $flatten\u_sq_engine.$0$memwr$\latch_w0$src/sq_engine.v:131$1499_EN[63:0]$1604 [0] $flatten\u_sq_engine.$0$memwr$\latch_w0$src/sq_engine.v:131$1499_EN[63:0]$1604 [0] $flatten\u_sq_engine.$0$memwr$\latch_w0$src/sq_engine.v:131$1499_EN[63:0]$1604 [0] $flatten\u_sq_engine.$0$memwr$\latch_w0$src/sq_engine.v:131$1499_EN[63:0]$1604 [0] $flatten\u_sq_engine.$0$memwr$\latch_w0$src/sq_engine.v:131$1499_EN[63:0]$1604 [0] $flatten\u_sq_engine.$0$memwr$\latch_w0$src/sq_engine.v:131$1499_EN[63:0]$1604 [0] $flatten\u_sq_engine.$0$memwr$\latch_w0$src/sq_engine.v:131$1499_EN[63:0]$1604 [0] $flatten\u_sq_engine.$0$memwr$\latch_w0$src/sq_engine.v:131$1499_EN[63:0]$1604 [0] $flatten\u_sq_engine.$0$memwr$\latch_w0$src/sq_engine.v:131$1499_EN[63:0]$1604 [0] $flatten\u_sq_engine.$0$memwr$\latch_w0$src/sq_engine.v:131$1499_EN[63:0]$1604 [0] $flatten\u_sq_engine.$0$memwr$\latch_w0$src/sq_engine.v:131$1499_EN[63:0]$1604 [0] $flatten\u_sq_engine.$0$memwr$\latch_w0$src/sq_engine.v:131$1499_EN[63:0]$1604 [0] $flatten\u_sq_engine.$0$memwr$\latch_w0$src/sq_engine.v:131$1499_EN[63:0]$1604 [0] $flatten\u_sq_engine.$0$memwr$\latch_w0$src/sq_engine.v:131$1499_EN[63:0]$1604 [0] $flatten\u_sq_engine.$0$memwr$\latch_w0$src/sq_engine.v:131$1499_EN[63:0]$1604 [0] $flatten\u_sq_engine.$0$memwr$\latch_w0$src/sq_engine.v:131$1499_EN[63:0]$1604 [0] $flatten\u_sq_engine.$0$memwr$\latch_w0$src/sq_engine.v:131$1499_EN[63:0]$1604 [0] $flatten\u_sq_engine.$0$memwr$\latch_w0$src/sq_engine.v:131$1499_EN[63:0]$1604 [0] $flatten\u_sq_engine.$0$memwr$\latch_w0$src/sq_engine.v:131$1499_EN[63:0]$1604 [0] $flatten\u_sq_engine.$0$memwr$\latch_w0$src/sq_engine.v:131$1499_EN[63:0]$1604 [0] $flatten\u_sq_engine.$0$memwr$\latch_w0$src/sq_engine.v:131$1499_EN[63:0]$1604 [0] $flatten\u_sq_engine.$0$memwr$\latch_w0$src/sq_engine.v:131$1499_EN[63:0]$1604 [0] $flatten\u_sq_engine.$0$memwr$\latch_w0$src/sq_engine.v:131$1499_EN[63:0]$1604 [0] $flatten\u_sq_engine.$0$memwr$\latch_w0$src/sq_engine.v:131$1499_EN[63:0]$1604 [0] $flatten\u_sq_engine.$0$memwr$\latch_w0$src/sq_engine.v:131$1499_EN[63:0]$1604 [0] $flatten\u_sq_engine.$0$memwr$\latch_w0$src/sq_engine.v:131$1499_EN[63:0]$1604 [0] $flatten\u_sq_engine.$0$memwr$\latch_w0$src/sq_engine.v:131$1499_EN[63:0]$1604 [0] $flatten\u_sq_engine.$0$memwr$\latch_w0$src/sq_engine.v:131$1499_EN[63:0]$1604 [0] $flatten\u_sq_engine.$0$memwr$\latch_w0$src/sq_engine.v:131$1499_EN[63:0]$1604 [0] $flatten\u_sq_engine.$0$memwr$\latch_w0$src/sq_engine.v:131$1499_EN[63:0]$1604 [0] $flatten\u_sq_engine.$0$memwr$\latch_w0$src/sq_engine.v:131$1499_EN[63:0]$1604 [0] $flatten\u_sq_engine.$0$memwr$\latch_w0$src/sq_engine.v:131$1499_EN[63:0]$1604 [0] $flatten\u_sq_engine.$0$memwr$\latch_w0$src/sq_engine.v:131$1499_EN[63:0]$1604 [0] $flatten\u_sq_engine.$0$memwr$\latch_w0$src/sq_engine.v:131$1499_EN[63:0]$1604 [0] $flatten\u_sq_engine.$0$memwr$\latch_w0$src/sq_engine.v:131$1499_EN[63:0]$1604 [0] $flatten\u_sq_engine.$0$memwr$\latch_w0$src/sq_engine.v:131$1499_EN[63:0]$1604 [0] $flatten\u_sq_engine.$0$memwr$\latch_w0$src/sq_engine.v:131$1499_EN[63:0]$1604 [0] $flatten\u_sq_engine.$0$memwr$\latch_w0$src/sq_engine.v:131$1499_EN[63:0]$1604 [0] $flatten\u_sq_engine.$0$memwr$\latch_w0$src/sq_engine.v:131$1499_EN[63:0]$1604 [0] $flatten\u_sq_engine.$0$memwr$\latch_w0$src/sq_engine.v:131$1499_EN[63:0]$1604 [0] $flatten\u_sq_engine.$0$memwr$\latch_w0$src/sq_engine.v:131$1499_EN[63:0]$1604 [0] $flatten\u_sq_engine.$0$memwr$\latch_w0$src/sq_engine.v:131$1499_EN[63:0]$1604 [0] $flatten\u_sq_engine.$0$memwr$\latch_w0$src/sq_engine.v:131$1499_EN[63:0]$1604 [0] $flatten\u_sq_engine.$0$memwr$\latch_w0$src/sq_engine.v:131$1499_EN[63:0]$1604 [0] $flatten\u_sq_engine.$0$memwr$\latch_w0$src/sq_engine.v:131$1499_EN[63:0]$1604 [0] $flatten\u_sq_engine.$0$memwr$\latch_w0$src/sq_engine.v:131$1499_EN[63:0]$1604 [0] $flatten\u_sq_engine.$0$memwr$\latch_w0$src/sq_engine.v:131$1499_EN[63:0]$1604 [0] $flatten\u_sq_engine.$0$memwr$\latch_w0$src/sq_engine.v:131$1499_EN[63:0]$1604 [0] $flatten\u_sq_engine.$0$memwr$\latch_w0$src/sq_engine.v:131$1499_EN[63:0]$1604 [0] }
    Consolidated identical input bits for $mux cell $flatten\u_sq_engine.$procmux$6366:
      Old ports: A=64'1111111111111111111111111111111111111111111111111111111111111111, B=64'0000000000000000000000000000000000000000000000000000000000000000, Y=$flatten\u_sq_engine.$0$memwr$\latch_w1$src/sq_engine.v:131$1500_EN[63:0]$1605
      New ports: A=1'1, B=1'0, Y=$flatten\u_sq_engine.$0$memwr$\latch_w1$src/sq_engine.v:131$1500_EN[63:0]$1605 [0]
      New connections: $flatten\u_sq_engine.$0$memwr$\latch_w1$src/sq_engine.v:131$1500_EN[63:0]$1605 [63:1] = { $flatten\u_sq_engine.$0$memwr$\latch_w1$src/sq_engine.v:131$1500_EN[63:0]$1605 [0] $flatten\u_sq_engine.$0$memwr$\latch_w1$src/sq_engine.v:131$1500_EN[63:0]$1605 [0] $flatten\u_sq_engine.$0$memwr$\latch_w1$src/sq_engine.v:131$1500_EN[63:0]$1605 [0] $flatten\u_sq_engine.$0$memwr$\latch_w1$src/sq_engine.v:131$1500_EN[63:0]$1605 [0] $flatten\u_sq_engine.$0$memwr$\latch_w1$src/sq_engine.v:131$1500_EN[63:0]$1605 [0] $flatten\u_sq_engine.$0$memwr$\latch_w1$src/sq_engine.v:131$1500_EN[63:0]$1605 [0] $flatten\u_sq_engine.$0$memwr$\latch_w1$src/sq_engine.v:131$1500_EN[63:0]$1605 [0] $flatten\u_sq_engine.$0$memwr$\latch_w1$src/sq_engine.v:131$1500_EN[63:0]$1605 [0] $flatten\u_sq_engine.$0$memwr$\latch_w1$src/sq_engine.v:131$1500_EN[63:0]$1605 [0] $flatten\u_sq_engine.$0$memwr$\latch_w1$src/sq_engine.v:131$1500_EN[63:0]$1605 [0] $flatten\u_sq_engine.$0$memwr$\latch_w1$src/sq_engine.v:131$1500_EN[63:0]$1605 [0] $flatten\u_sq_engine.$0$memwr$\latch_w1$src/sq_engine.v:131$1500_EN[63:0]$1605 [0] $flatten\u_sq_engine.$0$memwr$\latch_w1$src/sq_engine.v:131$1500_EN[63:0]$1605 [0] $flatten\u_sq_engine.$0$memwr$\latch_w1$src/sq_engine.v:131$1500_EN[63:0]$1605 [0] $flatten\u_sq_engine.$0$memwr$\latch_w1$src/sq_engine.v:131$1500_EN[63:0]$1605 [0] $flatten\u_sq_engine.$0$memwr$\latch_w1$src/sq_engine.v:131$1500_EN[63:0]$1605 [0] $flatten\u_sq_engine.$0$memwr$\latch_w1$src/sq_engine.v:131$1500_EN[63:0]$1605 [0] $flatten\u_sq_engine.$0$memwr$\latch_w1$src/sq_engine.v:131$1500_EN[63:0]$1605 [0] $flatten\u_sq_engine.$0$memwr$\latch_w1$src/sq_engine.v:131$1500_EN[63:0]$1605 [0] $flatten\u_sq_engine.$0$memwr$\latch_w1$src/sq_engine.v:131$1500_EN[63:0]$1605 [0] $flatten\u_sq_engine.$0$memwr$\latch_w1$src/sq_engine.v:131$1500_EN[63:0]$1605 [0] $flatten\u_sq_engine.$0$memwr$\latch_w1$src/sq_engine.v:131$1500_EN[63:0]$1605 [0] $flatten\u_sq_engine.$0$memwr$\latch_w1$src/sq_engine.v:131$1500_EN[63:0]$1605 [0] $flatten\u_sq_engine.$0$memwr$\latch_w1$src/sq_engine.v:131$1500_EN[63:0]$1605 [0] $flatten\u_sq_engine.$0$memwr$\latch_w1$src/sq_engine.v:131$1500_EN[63:0]$1605 [0] $flatten\u_sq_engine.$0$memwr$\latch_w1$src/sq_engine.v:131$1500_EN[63:0]$1605 [0] $flatten\u_sq_engine.$0$memwr$\latch_w1$src/sq_engine.v:131$1500_EN[63:0]$1605 [0] $flatten\u_sq_engine.$0$memwr$\latch_w1$src/sq_engine.v:131$1500_EN[63:0]$1605 [0] $flatten\u_sq_engine.$0$memwr$\latch_w1$src/sq_engine.v:131$1500_EN[63:0]$1605 [0] $flatten\u_sq_engine.$0$memwr$\latch_w1$src/sq_engine.v:131$1500_EN[63:0]$1605 [0] $flatten\u_sq_engine.$0$memwr$\latch_w1$src/sq_engine.v:131$1500_EN[63:0]$1605 [0] $flatten\u_sq_engine.$0$memwr$\latch_w1$src/sq_engine.v:131$1500_EN[63:0]$1605 [0] $flatten\u_sq_engine.$0$memwr$\latch_w1$src/sq_engine.v:131$1500_EN[63:0]$1605 [0] $flatten\u_sq_engine.$0$memwr$\latch_w1$src/sq_engine.v:131$1500_EN[63:0]$1605 [0] $flatten\u_sq_engine.$0$memwr$\latch_w1$src/sq_engine.v:131$1500_EN[63:0]$1605 [0] $flatten\u_sq_engine.$0$memwr$\latch_w1$src/sq_engine.v:131$1500_EN[63:0]$1605 [0] $flatten\u_sq_engine.$0$memwr$\latch_w1$src/sq_engine.v:131$1500_EN[63:0]$1605 [0] $flatten\u_sq_engine.$0$memwr$\latch_w1$src/sq_engine.v:131$1500_EN[63:0]$1605 [0] $flatten\u_sq_engine.$0$memwr$\latch_w1$src/sq_engine.v:131$1500_EN[63:0]$1605 [0] $flatten\u_sq_engine.$0$memwr$\latch_w1$src/sq_engine.v:131$1500_EN[63:0]$1605 [0] $flatten\u_sq_engine.$0$memwr$\latch_w1$src/sq_engine.v:131$1500_EN[63:0]$1605 [0] $flatten\u_sq_engine.$0$memwr$\latch_w1$src/sq_engine.v:131$1500_EN[63:0]$1605 [0] $flatten\u_sq_engine.$0$memwr$\latch_w1$src/sq_engine.v:131$1500_EN[63:0]$1605 [0] $flatten\u_sq_engine.$0$memwr$\latch_w1$src/sq_engine.v:131$1500_EN[63:0]$1605 [0] $flatten\u_sq_engine.$0$memwr$\latch_w1$src/sq_engine.v:131$1500_EN[63:0]$1605 [0] $flatten\u_sq_engine.$0$memwr$\latch_w1$src/sq_engine.v:131$1500_EN[63:0]$1605 [0] $flatten\u_sq_engine.$0$memwr$\latch_w1$src/sq_engine.v:131$1500_EN[63:0]$1605 [0] $flatten\u_sq_engine.$0$memwr$\latch_w1$src/sq_engine.v:131$1500_EN[63:0]$1605 [0] $flatten\u_sq_engine.$0$memwr$\latch_w1$src/sq_engine.v:131$1500_EN[63:0]$1605 [0] $flatten\u_sq_engine.$0$memwr$\latch_w1$src/sq_engine.v:131$1500_EN[63:0]$1605 [0] $flatten\u_sq_engine.$0$memwr$\latch_w1$src/sq_engine.v:131$1500_EN[63:0]$1605 [0] $flatten\u_sq_engine.$0$memwr$\latch_w1$src/sq_engine.v:131$1500_EN[63:0]$1605 [0] $flatten\u_sq_engine.$0$memwr$\latch_w1$src/sq_engine.v:131$1500_EN[63:0]$1605 [0] $flatten\u_sq_engine.$0$memwr$\latch_w1$src/sq_engine.v:131$1500_EN[63:0]$1605 [0] $flatten\u_sq_engine.$0$memwr$\latch_w1$src/sq_engine.v:131$1500_EN[63:0]$1605 [0] $flatten\u_sq_engine.$0$memwr$\latch_w1$src/sq_engine.v:131$1500_EN[63:0]$1605 [0] $flatten\u_sq_engine.$0$memwr$\latch_w1$src/sq_engine.v:131$1500_EN[63:0]$1605 [0] $flatten\u_sq_engine.$0$memwr$\latch_w1$src/sq_engine.v:131$1500_EN[63:0]$1605 [0] $flatten\u_sq_engine.$0$memwr$\latch_w1$src/sq_engine.v:131$1500_EN[63:0]$1605 [0] $flatten\u_sq_engine.$0$memwr$\latch_w1$src/sq_engine.v:131$1500_EN[63:0]$1605 [0] $flatten\u_sq_engine.$0$memwr$\latch_w1$src/sq_engine.v:131$1500_EN[63:0]$1605 [0] $flatten\u_sq_engine.$0$memwr$\latch_w1$src/sq_engine.v:131$1500_EN[63:0]$1605 [0] $flatten\u_sq_engine.$0$memwr$\latch_w1$src/sq_engine.v:131$1500_EN[63:0]$1605 [0] }
    Consolidated identical input bits for $mux cell $flatten\u_sq_engine.$procmux$6363:
      Old ports: A=64'1111111111111111111111111111111111111111111111111111111111111111, B=64'0000000000000000000000000000000000000000000000000000000000000000, Y=$flatten\u_sq_engine.$0$memwr$\latch_w2$src/sq_engine.v:131$1501_EN[63:0]$1606
      New ports: A=1'1, B=1'0, Y=$flatten\u_sq_engine.$0$memwr$\latch_w2$src/sq_engine.v:131$1501_EN[63:0]$1606 [0]
      New connections: $flatten\u_sq_engine.$0$memwr$\latch_w2$src/sq_engine.v:131$1501_EN[63:0]$1606 [63:1] = { $flatten\u_sq_engine.$0$memwr$\latch_w2$src/sq_engine.v:131$1501_EN[63:0]$1606 [0] $flatten\u_sq_engine.$0$memwr$\latch_w2$src/sq_engine.v:131$1501_EN[63:0]$1606 [0] $flatten\u_sq_engine.$0$memwr$\latch_w2$src/sq_engine.v:131$1501_EN[63:0]$1606 [0] $flatten\u_sq_engine.$0$memwr$\latch_w2$src/sq_engine.v:131$1501_EN[63:0]$1606 [0] $flatten\u_sq_engine.$0$memwr$\latch_w2$src/sq_engine.v:131$1501_EN[63:0]$1606 [0] $flatten\u_sq_engine.$0$memwr$\latch_w2$src/sq_engine.v:131$1501_EN[63:0]$1606 [0] $flatten\u_sq_engine.$0$memwr$\latch_w2$src/sq_engine.v:131$1501_EN[63:0]$1606 [0] $flatten\u_sq_engine.$0$memwr$\latch_w2$src/sq_engine.v:131$1501_EN[63:0]$1606 [0] $flatten\u_sq_engine.$0$memwr$\latch_w2$src/sq_engine.v:131$1501_EN[63:0]$1606 [0] $flatten\u_sq_engine.$0$memwr$\latch_w2$src/sq_engine.v:131$1501_EN[63:0]$1606 [0] $flatten\u_sq_engine.$0$memwr$\latch_w2$src/sq_engine.v:131$1501_EN[63:0]$1606 [0] $flatten\u_sq_engine.$0$memwr$\latch_w2$src/sq_engine.v:131$1501_EN[63:0]$1606 [0] $flatten\u_sq_engine.$0$memwr$\latch_w2$src/sq_engine.v:131$1501_EN[63:0]$1606 [0] $flatten\u_sq_engine.$0$memwr$\latch_w2$src/sq_engine.v:131$1501_EN[63:0]$1606 [0] $flatten\u_sq_engine.$0$memwr$\latch_w2$src/sq_engine.v:131$1501_EN[63:0]$1606 [0] $flatten\u_sq_engine.$0$memwr$\latch_w2$src/sq_engine.v:131$1501_EN[63:0]$1606 [0] $flatten\u_sq_engine.$0$memwr$\latch_w2$src/sq_engine.v:131$1501_EN[63:0]$1606 [0] $flatten\u_sq_engine.$0$memwr$\latch_w2$src/sq_engine.v:131$1501_EN[63:0]$1606 [0] $flatten\u_sq_engine.$0$memwr$\latch_w2$src/sq_engine.v:131$1501_EN[63:0]$1606 [0] $flatten\u_sq_engine.$0$memwr$\latch_w2$src/sq_engine.v:131$1501_EN[63:0]$1606 [0] $flatten\u_sq_engine.$0$memwr$\latch_w2$src/sq_engine.v:131$1501_EN[63:0]$1606 [0] $flatten\u_sq_engine.$0$memwr$\latch_w2$src/sq_engine.v:131$1501_EN[63:0]$1606 [0] $flatten\u_sq_engine.$0$memwr$\latch_w2$src/sq_engine.v:131$1501_EN[63:0]$1606 [0] $flatten\u_sq_engine.$0$memwr$\latch_w2$src/sq_engine.v:131$1501_EN[63:0]$1606 [0] $flatten\u_sq_engine.$0$memwr$\latch_w2$src/sq_engine.v:131$1501_EN[63:0]$1606 [0] $flatten\u_sq_engine.$0$memwr$\latch_w2$src/sq_engine.v:131$1501_EN[63:0]$1606 [0] $flatten\u_sq_engine.$0$memwr$\latch_w2$src/sq_engine.v:131$1501_EN[63:0]$1606 [0] $flatten\u_sq_engine.$0$memwr$\latch_w2$src/sq_engine.v:131$1501_EN[63:0]$1606 [0] $flatten\u_sq_engine.$0$memwr$\latch_w2$src/sq_engine.v:131$1501_EN[63:0]$1606 [0] $flatten\u_sq_engine.$0$memwr$\latch_w2$src/sq_engine.v:131$1501_EN[63:0]$1606 [0] $flatten\u_sq_engine.$0$memwr$\latch_w2$src/sq_engine.v:131$1501_EN[63:0]$1606 [0] $flatten\u_sq_engine.$0$memwr$\latch_w2$src/sq_engine.v:131$1501_EN[63:0]$1606 [0] $flatten\u_sq_engine.$0$memwr$\latch_w2$src/sq_engine.v:131$1501_EN[63:0]$1606 [0] $flatten\u_sq_engine.$0$memwr$\latch_w2$src/sq_engine.v:131$1501_EN[63:0]$1606 [0] $flatten\u_sq_engine.$0$memwr$\latch_w2$src/sq_engine.v:131$1501_EN[63:0]$1606 [0] $flatten\u_sq_engine.$0$memwr$\latch_w2$src/sq_engine.v:131$1501_EN[63:0]$1606 [0] $flatten\u_sq_engine.$0$memwr$\latch_w2$src/sq_engine.v:131$1501_EN[63:0]$1606 [0] $flatten\u_sq_engine.$0$memwr$\latch_w2$src/sq_engine.v:131$1501_EN[63:0]$1606 [0] $flatten\u_sq_engine.$0$memwr$\latch_w2$src/sq_engine.v:131$1501_EN[63:0]$1606 [0] $flatten\u_sq_engine.$0$memwr$\latch_w2$src/sq_engine.v:131$1501_EN[63:0]$1606 [0] $flatten\u_sq_engine.$0$memwr$\latch_w2$src/sq_engine.v:131$1501_EN[63:0]$1606 [0] $flatten\u_sq_engine.$0$memwr$\latch_w2$src/sq_engine.v:131$1501_EN[63:0]$1606 [0] $flatten\u_sq_engine.$0$memwr$\latch_w2$src/sq_engine.v:131$1501_EN[63:0]$1606 [0] $flatten\u_sq_engine.$0$memwr$\latch_w2$src/sq_engine.v:131$1501_EN[63:0]$1606 [0] $flatten\u_sq_engine.$0$memwr$\latch_w2$src/sq_engine.v:131$1501_EN[63:0]$1606 [0] $flatten\u_sq_engine.$0$memwr$\latch_w2$src/sq_engine.v:131$1501_EN[63:0]$1606 [0] $flatten\u_sq_engine.$0$memwr$\latch_w2$src/sq_engine.v:131$1501_EN[63:0]$1606 [0] $flatten\u_sq_engine.$0$memwr$\latch_w2$src/sq_engine.v:131$1501_EN[63:0]$1606 [0] $flatten\u_sq_engine.$0$memwr$\latch_w2$src/sq_engine.v:131$1501_EN[63:0]$1606 [0] $flatten\u_sq_engine.$0$memwr$\latch_w2$src/sq_engine.v:131$1501_EN[63:0]$1606 [0] $flatten\u_sq_engine.$0$memwr$\latch_w2$src/sq_engine.v:131$1501_EN[63:0]$1606 [0] $flatten\u_sq_engine.$0$memwr$\latch_w2$src/sq_engine.v:131$1501_EN[63:0]$1606 [0] $flatten\u_sq_engine.$0$memwr$\latch_w2$src/sq_engine.v:131$1501_EN[63:0]$1606 [0] $flatten\u_sq_engine.$0$memwr$\latch_w2$src/sq_engine.v:131$1501_EN[63:0]$1606 [0] $flatten\u_sq_engine.$0$memwr$\latch_w2$src/sq_engine.v:131$1501_EN[63:0]$1606 [0] $flatten\u_sq_engine.$0$memwr$\latch_w2$src/sq_engine.v:131$1501_EN[63:0]$1606 [0] $flatten\u_sq_engine.$0$memwr$\latch_w2$src/sq_engine.v:131$1501_EN[63:0]$1606 [0] $flatten\u_sq_engine.$0$memwr$\latch_w2$src/sq_engine.v:131$1501_EN[63:0]$1606 [0] $flatten\u_sq_engine.$0$memwr$\latch_w2$src/sq_engine.v:131$1501_EN[63:0]$1606 [0] $flatten\u_sq_engine.$0$memwr$\latch_w2$src/sq_engine.v:131$1501_EN[63:0]$1606 [0] $flatten\u_sq_engine.$0$memwr$\latch_w2$src/sq_engine.v:131$1501_EN[63:0]$1606 [0] $flatten\u_sq_engine.$0$memwr$\latch_w2$src/sq_engine.v:131$1501_EN[63:0]$1606 [0] $flatten\u_sq_engine.$0$memwr$\latch_w2$src/sq_engine.v:131$1501_EN[63:0]$1606 [0] }
    Consolidated identical input bits for $mux cell $flatten\u_sq_engine.$procmux$6357:
      Old ports: A=6'111111, B=6'000000, Y=$flatten\u_sq_engine.$0$memwr$\cid_counter$src/sq_engine.v:133$1503_EN[5:0]$1608
      New ports: A=1'1, B=1'0, Y=$flatten\u_sq_engine.$0$memwr$\cid_counter$src/sq_engine.v:133$1503_EN[5:0]$1608 [0]
      New connections: $flatten\u_sq_engine.$0$memwr$\cid_counter$src/sq_engine.v:133$1503_EN[5:0]$1608 [5:1] = { $flatten\u_sq_engine.$0$memwr$\cid_counter$src/sq_engine.v:133$1503_EN[5:0]$1608 [0] $flatten\u_sq_engine.$0$memwr$\cid_counter$src/sq_engine.v:133$1503_EN[5:0]$1608 [0] $flatten\u_sq_engine.$0$memwr$\cid_counter$src/sq_engine.v:133$1503_EN[5:0]$1608 [0] $flatten\u_sq_engine.$0$memwr$\cid_counter$src/sq_engine.v:133$1503_EN[5:0]$1608 [0] $flatten\u_sq_engine.$0$memwr$\cid_counter$src/sq_engine.v:133$1503_EN[5:0]$1608 [0] }
    Consolidated identical input bits for $mux cell $flatten\u_sq_engine.$procmux$6354:
      Old ports: A=64'1111111111111111111111111111111111111111111111111111111111111111, B=64'0000000000000000000000000000000000000000000000000000000000000000, Y=$flatten\u_sq_engine.$0$memwr$\latch_w0$src/sq_engine.v:131$1504_EN[63:0]$1609
      New ports: A=1'1, B=1'0, Y=$flatten\u_sq_engine.$0$memwr$\latch_w0$src/sq_engine.v:131$1504_EN[63:0]$1609 [0]
      New connections: $flatten\u_sq_engine.$0$memwr$\latch_w0$src/sq_engine.v:131$1504_EN[63:0]$1609 [63:1] = { $flatten\u_sq_engine.$0$memwr$\latch_w0$src/sq_engine.v:131$1504_EN[63:0]$1609 [0] $flatten\u_sq_engine.$0$memwr$\latch_w0$src/sq_engine.v:131$1504_EN[63:0]$1609 [0] $flatten\u_sq_engine.$0$memwr$\latch_w0$src/sq_engine.v:131$1504_EN[63:0]$1609 [0] $flatten\u_sq_engine.$0$memwr$\latch_w0$src/sq_engine.v:131$1504_EN[63:0]$1609 [0] $flatten\u_sq_engine.$0$memwr$\latch_w0$src/sq_engine.v:131$1504_EN[63:0]$1609 [0] $flatten\u_sq_engine.$0$memwr$\latch_w0$src/sq_engine.v:131$1504_EN[63:0]$1609 [0] $flatten\u_sq_engine.$0$memwr$\latch_w0$src/sq_engine.v:131$1504_EN[63:0]$1609 [0] $flatten\u_sq_engine.$0$memwr$\latch_w0$src/sq_engine.v:131$1504_EN[63:0]$1609 [0] $flatten\u_sq_engine.$0$memwr$\latch_w0$src/sq_engine.v:131$1504_EN[63:0]$1609 [0] $flatten\u_sq_engine.$0$memwr$\latch_w0$src/sq_engine.v:131$1504_EN[63:0]$1609 [0] $flatten\u_sq_engine.$0$memwr$\latch_w0$src/sq_engine.v:131$1504_EN[63:0]$1609 [0] $flatten\u_sq_engine.$0$memwr$\latch_w0$src/sq_engine.v:131$1504_EN[63:0]$1609 [0] $flatten\u_sq_engine.$0$memwr$\latch_w0$src/sq_engine.v:131$1504_EN[63:0]$1609 [0] $flatten\u_sq_engine.$0$memwr$\latch_w0$src/sq_engine.v:131$1504_EN[63:0]$1609 [0] $flatten\u_sq_engine.$0$memwr$\latch_w0$src/sq_engine.v:131$1504_EN[63:0]$1609 [0] $flatten\u_sq_engine.$0$memwr$\latch_w0$src/sq_engine.v:131$1504_EN[63:0]$1609 [0] $flatten\u_sq_engine.$0$memwr$\latch_w0$src/sq_engine.v:131$1504_EN[63:0]$1609 [0] $flatten\u_sq_engine.$0$memwr$\latch_w0$src/sq_engine.v:131$1504_EN[63:0]$1609 [0] $flatten\u_sq_engine.$0$memwr$\latch_w0$src/sq_engine.v:131$1504_EN[63:0]$1609 [0] $flatten\u_sq_engine.$0$memwr$\latch_w0$src/sq_engine.v:131$1504_EN[63:0]$1609 [0] $flatten\u_sq_engine.$0$memwr$\latch_w0$src/sq_engine.v:131$1504_EN[63:0]$1609 [0] $flatten\u_sq_engine.$0$memwr$\latch_w0$src/sq_engine.v:131$1504_EN[63:0]$1609 [0] $flatten\u_sq_engine.$0$memwr$\latch_w0$src/sq_engine.v:131$1504_EN[63:0]$1609 [0] $flatten\u_sq_engine.$0$memwr$\latch_w0$src/sq_engine.v:131$1504_EN[63:0]$1609 [0] $flatten\u_sq_engine.$0$memwr$\latch_w0$src/sq_engine.v:131$1504_EN[63:0]$1609 [0] $flatten\u_sq_engine.$0$memwr$\latch_w0$src/sq_engine.v:131$1504_EN[63:0]$1609 [0] $flatten\u_sq_engine.$0$memwr$\latch_w0$src/sq_engine.v:131$1504_EN[63:0]$1609 [0] $flatten\u_sq_engine.$0$memwr$\latch_w0$src/sq_engine.v:131$1504_EN[63:0]$1609 [0] $flatten\u_sq_engine.$0$memwr$\latch_w0$src/sq_engine.v:131$1504_EN[63:0]$1609 [0] $flatten\u_sq_engine.$0$memwr$\latch_w0$src/sq_engine.v:131$1504_EN[63:0]$1609 [0] $flatten\u_sq_engine.$0$memwr$\latch_w0$src/sq_engine.v:131$1504_EN[63:0]$1609 [0] $flatten\u_sq_engine.$0$memwr$\latch_w0$src/sq_engine.v:131$1504_EN[63:0]$1609 [0] $flatten\u_sq_engine.$0$memwr$\latch_w0$src/sq_engine.v:131$1504_EN[63:0]$1609 [0] $flatten\u_sq_engine.$0$memwr$\latch_w0$src/sq_engine.v:131$1504_EN[63:0]$1609 [0] $flatten\u_sq_engine.$0$memwr$\latch_w0$src/sq_engine.v:131$1504_EN[63:0]$1609 [0] $flatten\u_sq_engine.$0$memwr$\latch_w0$src/sq_engine.v:131$1504_EN[63:0]$1609 [0] $flatten\u_sq_engine.$0$memwr$\latch_w0$src/sq_engine.v:131$1504_EN[63:0]$1609 [0] $flatten\u_sq_engine.$0$memwr$\latch_w0$src/sq_engine.v:131$1504_EN[63:0]$1609 [0] $flatten\u_sq_engine.$0$memwr$\latch_w0$src/sq_engine.v:131$1504_EN[63:0]$1609 [0] $flatten\u_sq_engine.$0$memwr$\latch_w0$src/sq_engine.v:131$1504_EN[63:0]$1609 [0] $flatten\u_sq_engine.$0$memwr$\latch_w0$src/sq_engine.v:131$1504_EN[63:0]$1609 [0] $flatten\u_sq_engine.$0$memwr$\latch_w0$src/sq_engine.v:131$1504_EN[63:0]$1609 [0] $flatten\u_sq_engine.$0$memwr$\latch_w0$src/sq_engine.v:131$1504_EN[63:0]$1609 [0] $flatten\u_sq_engine.$0$memwr$\latch_w0$src/sq_engine.v:131$1504_EN[63:0]$1609 [0] $flatten\u_sq_engine.$0$memwr$\latch_w0$src/sq_engine.v:131$1504_EN[63:0]$1609 [0] $flatten\u_sq_engine.$0$memwr$\latch_w0$src/sq_engine.v:131$1504_EN[63:0]$1609 [0] $flatten\u_sq_engine.$0$memwr$\latch_w0$src/sq_engine.v:131$1504_EN[63:0]$1609 [0] $flatten\u_sq_engine.$0$memwr$\latch_w0$src/sq_engine.v:131$1504_EN[63:0]$1609 [0] $flatten\u_sq_engine.$0$memwr$\latch_w0$src/sq_engine.v:131$1504_EN[63:0]$1609 [0] $flatten\u_sq_engine.$0$memwr$\latch_w0$src/sq_engine.v:131$1504_EN[63:0]$1609 [0] $flatten\u_sq_engine.$0$memwr$\latch_w0$src/sq_engine.v:131$1504_EN[63:0]$1609 [0] $flatten\u_sq_engine.$0$memwr$\latch_w0$src/sq_engine.v:131$1504_EN[63:0]$1609 [0] $flatten\u_sq_engine.$0$memwr$\latch_w0$src/sq_engine.v:131$1504_EN[63:0]$1609 [0] $flatten\u_sq_engine.$0$memwr$\latch_w0$src/sq_engine.v:131$1504_EN[63:0]$1609 [0] $flatten\u_sq_engine.$0$memwr$\latch_w0$src/sq_engine.v:131$1504_EN[63:0]$1609 [0] $flatten\u_sq_engine.$0$memwr$\latch_w0$src/sq_engine.v:131$1504_EN[63:0]$1609 [0] $flatten\u_sq_engine.$0$memwr$\latch_w0$src/sq_engine.v:131$1504_EN[63:0]$1609 [0] $flatten\u_sq_engine.$0$memwr$\latch_w0$src/sq_engine.v:131$1504_EN[63:0]$1609 [0] $flatten\u_sq_engine.$0$memwr$\latch_w0$src/sq_engine.v:131$1504_EN[63:0]$1609 [0] $flatten\u_sq_engine.$0$memwr$\latch_w0$src/sq_engine.v:131$1504_EN[63:0]$1609 [0] $flatten\u_sq_engine.$0$memwr$\latch_w0$src/sq_engine.v:131$1504_EN[63:0]$1609 [0] $flatten\u_sq_engine.$0$memwr$\latch_w0$src/sq_engine.v:131$1504_EN[63:0]$1609 [0] $flatten\u_sq_engine.$0$memwr$\latch_w0$src/sq_engine.v:131$1504_EN[63:0]$1609 [0] }
    Consolidated identical input bits for $mux cell $flatten\u_sq_engine.$procmux$6351:
      Old ports: A=64'1111111111111111111111111111111111111111111111111111111111111111, B=64'0000000000000000000000000000000000000000000000000000000000000000, Y=$flatten\u_sq_engine.$0$memwr$\latch_w1$src/sq_engine.v:131$1505_EN[63:0]$1610
      New ports: A=1'1, B=1'0, Y=$flatten\u_sq_engine.$0$memwr$\latch_w1$src/sq_engine.v:131$1505_EN[63:0]$1610 [0]
      New connections: $flatten\u_sq_engine.$0$memwr$\latch_w1$src/sq_engine.v:131$1505_EN[63:0]$1610 [63:1] = { $flatten\u_sq_engine.$0$memwr$\latch_w1$src/sq_engine.v:131$1505_EN[63:0]$1610 [0] $flatten\u_sq_engine.$0$memwr$\latch_w1$src/sq_engine.v:131$1505_EN[63:0]$1610 [0] $flatten\u_sq_engine.$0$memwr$\latch_w1$src/sq_engine.v:131$1505_EN[63:0]$1610 [0] $flatten\u_sq_engine.$0$memwr$\latch_w1$src/sq_engine.v:131$1505_EN[63:0]$1610 [0] $flatten\u_sq_engine.$0$memwr$\latch_w1$src/sq_engine.v:131$1505_EN[63:0]$1610 [0] $flatten\u_sq_engine.$0$memwr$\latch_w1$src/sq_engine.v:131$1505_EN[63:0]$1610 [0] $flatten\u_sq_engine.$0$memwr$\latch_w1$src/sq_engine.v:131$1505_EN[63:0]$1610 [0] $flatten\u_sq_engine.$0$memwr$\latch_w1$src/sq_engine.v:131$1505_EN[63:0]$1610 [0] $flatten\u_sq_engine.$0$memwr$\latch_w1$src/sq_engine.v:131$1505_EN[63:0]$1610 [0] $flatten\u_sq_engine.$0$memwr$\latch_w1$src/sq_engine.v:131$1505_EN[63:0]$1610 [0] $flatten\u_sq_engine.$0$memwr$\latch_w1$src/sq_engine.v:131$1505_EN[63:0]$1610 [0] $flatten\u_sq_engine.$0$memwr$\latch_w1$src/sq_engine.v:131$1505_EN[63:0]$1610 [0] $flatten\u_sq_engine.$0$memwr$\latch_w1$src/sq_engine.v:131$1505_EN[63:0]$1610 [0] $flatten\u_sq_engine.$0$memwr$\latch_w1$src/sq_engine.v:131$1505_EN[63:0]$1610 [0] $flatten\u_sq_engine.$0$memwr$\latch_w1$src/sq_engine.v:131$1505_EN[63:0]$1610 [0] $flatten\u_sq_engine.$0$memwr$\latch_w1$src/sq_engine.v:131$1505_EN[63:0]$1610 [0] $flatten\u_sq_engine.$0$memwr$\latch_w1$src/sq_engine.v:131$1505_EN[63:0]$1610 [0] $flatten\u_sq_engine.$0$memwr$\latch_w1$src/sq_engine.v:131$1505_EN[63:0]$1610 [0] $flatten\u_sq_engine.$0$memwr$\latch_w1$src/sq_engine.v:131$1505_EN[63:0]$1610 [0] $flatten\u_sq_engine.$0$memwr$\latch_w1$src/sq_engine.v:131$1505_EN[63:0]$1610 [0] $flatten\u_sq_engine.$0$memwr$\latch_w1$src/sq_engine.v:131$1505_EN[63:0]$1610 [0] $flatten\u_sq_engine.$0$memwr$\latch_w1$src/sq_engine.v:131$1505_EN[63:0]$1610 [0] $flatten\u_sq_engine.$0$memwr$\latch_w1$src/sq_engine.v:131$1505_EN[63:0]$1610 [0] $flatten\u_sq_engine.$0$memwr$\latch_w1$src/sq_engine.v:131$1505_EN[63:0]$1610 [0] $flatten\u_sq_engine.$0$memwr$\latch_w1$src/sq_engine.v:131$1505_EN[63:0]$1610 [0] $flatten\u_sq_engine.$0$memwr$\latch_w1$src/sq_engine.v:131$1505_EN[63:0]$1610 [0] $flatten\u_sq_engine.$0$memwr$\latch_w1$src/sq_engine.v:131$1505_EN[63:0]$1610 [0] $flatten\u_sq_engine.$0$memwr$\latch_w1$src/sq_engine.v:131$1505_EN[63:0]$1610 [0] $flatten\u_sq_engine.$0$memwr$\latch_w1$src/sq_engine.v:131$1505_EN[63:0]$1610 [0] $flatten\u_sq_engine.$0$memwr$\latch_w1$src/sq_engine.v:131$1505_EN[63:0]$1610 [0] $flatten\u_sq_engine.$0$memwr$\latch_w1$src/sq_engine.v:131$1505_EN[63:0]$1610 [0] $flatten\u_sq_engine.$0$memwr$\latch_w1$src/sq_engine.v:131$1505_EN[63:0]$1610 [0] $flatten\u_sq_engine.$0$memwr$\latch_w1$src/sq_engine.v:131$1505_EN[63:0]$1610 [0] $flatten\u_sq_engine.$0$memwr$\latch_w1$src/sq_engine.v:131$1505_EN[63:0]$1610 [0] $flatten\u_sq_engine.$0$memwr$\latch_w1$src/sq_engine.v:131$1505_EN[63:0]$1610 [0] $flatten\u_sq_engine.$0$memwr$\latch_w1$src/sq_engine.v:131$1505_EN[63:0]$1610 [0] $flatten\u_sq_engine.$0$memwr$\latch_w1$src/sq_engine.v:131$1505_EN[63:0]$1610 [0] $flatten\u_sq_engine.$0$memwr$\latch_w1$src/sq_engine.v:131$1505_EN[63:0]$1610 [0] $flatten\u_sq_engine.$0$memwr$\latch_w1$src/sq_engine.v:131$1505_EN[63:0]$1610 [0] $flatten\u_sq_engine.$0$memwr$\latch_w1$src/sq_engine.v:131$1505_EN[63:0]$1610 [0] $flatten\u_sq_engine.$0$memwr$\latch_w1$src/sq_engine.v:131$1505_EN[63:0]$1610 [0] $flatten\u_sq_engine.$0$memwr$\latch_w1$src/sq_engine.v:131$1505_EN[63:0]$1610 [0] $flatten\u_sq_engine.$0$memwr$\latch_w1$src/sq_engine.v:131$1505_EN[63:0]$1610 [0] $flatten\u_sq_engine.$0$memwr$\latch_w1$src/sq_engine.v:131$1505_EN[63:0]$1610 [0] $flatten\u_sq_engine.$0$memwr$\latch_w1$src/sq_engine.v:131$1505_EN[63:0]$1610 [0] $flatten\u_sq_engine.$0$memwr$\latch_w1$src/sq_engine.v:131$1505_EN[63:0]$1610 [0] $flatten\u_sq_engine.$0$memwr$\latch_w1$src/sq_engine.v:131$1505_EN[63:0]$1610 [0] $flatten\u_sq_engine.$0$memwr$\latch_w1$src/sq_engine.v:131$1505_EN[63:0]$1610 [0] $flatten\u_sq_engine.$0$memwr$\latch_w1$src/sq_engine.v:131$1505_EN[63:0]$1610 [0] $flatten\u_sq_engine.$0$memwr$\latch_w1$src/sq_engine.v:131$1505_EN[63:0]$1610 [0] $flatten\u_sq_engine.$0$memwr$\latch_w1$src/sq_engine.v:131$1505_EN[63:0]$1610 [0] $flatten\u_sq_engine.$0$memwr$\latch_w1$src/sq_engine.v:131$1505_EN[63:0]$1610 [0] $flatten\u_sq_engine.$0$memwr$\latch_w1$src/sq_engine.v:131$1505_EN[63:0]$1610 [0] $flatten\u_sq_engine.$0$memwr$\latch_w1$src/sq_engine.v:131$1505_EN[63:0]$1610 [0] $flatten\u_sq_engine.$0$memwr$\latch_w1$src/sq_engine.v:131$1505_EN[63:0]$1610 [0] $flatten\u_sq_engine.$0$memwr$\latch_w1$src/sq_engine.v:131$1505_EN[63:0]$1610 [0] $flatten\u_sq_engine.$0$memwr$\latch_w1$src/sq_engine.v:131$1505_EN[63:0]$1610 [0] $flatten\u_sq_engine.$0$memwr$\latch_w1$src/sq_engine.v:131$1505_EN[63:0]$1610 [0] $flatten\u_sq_engine.$0$memwr$\latch_w1$src/sq_engine.v:131$1505_EN[63:0]$1610 [0] $flatten\u_sq_engine.$0$memwr$\latch_w1$src/sq_engine.v:131$1505_EN[63:0]$1610 [0] $flatten\u_sq_engine.$0$memwr$\latch_w1$src/sq_engine.v:131$1505_EN[63:0]$1610 [0] $flatten\u_sq_engine.$0$memwr$\latch_w1$src/sq_engine.v:131$1505_EN[63:0]$1610 [0] $flatten\u_sq_engine.$0$memwr$\latch_w1$src/sq_engine.v:131$1505_EN[63:0]$1610 [0] }
    Consolidated identical input bits for $mux cell $flatten\u_sq_engine.$procmux$6348:
      Old ports: A=64'1111111111111111111111111111111111111111111111111111111111111111, B=64'0000000000000000000000000000000000000000000000000000000000000000, Y=$flatten\u_sq_engine.$0$memwr$\latch_w2$src/sq_engine.v:131$1506_EN[63:0]$1611
      New ports: A=1'1, B=1'0, Y=$flatten\u_sq_engine.$0$memwr$\latch_w2$src/sq_engine.v:131$1506_EN[63:0]$1611 [0]
      New connections: $flatten\u_sq_engine.$0$memwr$\latch_w2$src/sq_engine.v:131$1506_EN[63:0]$1611 [63:1] = { $flatten\u_sq_engine.$0$memwr$\latch_w2$src/sq_engine.v:131$1506_EN[63:0]$1611 [0] $flatten\u_sq_engine.$0$memwr$\latch_w2$src/sq_engine.v:131$1506_EN[63:0]$1611 [0] $flatten\u_sq_engine.$0$memwr$\latch_w2$src/sq_engine.v:131$1506_EN[63:0]$1611 [0] $flatten\u_sq_engine.$0$memwr$\latch_w2$src/sq_engine.v:131$1506_EN[63:0]$1611 [0] $flatten\u_sq_engine.$0$memwr$\latch_w2$src/sq_engine.v:131$1506_EN[63:0]$1611 [0] $flatten\u_sq_engine.$0$memwr$\latch_w2$src/sq_engine.v:131$1506_EN[63:0]$1611 [0] $flatten\u_sq_engine.$0$memwr$\latch_w2$src/sq_engine.v:131$1506_EN[63:0]$1611 [0] $flatten\u_sq_engine.$0$memwr$\latch_w2$src/sq_engine.v:131$1506_EN[63:0]$1611 [0] $flatten\u_sq_engine.$0$memwr$\latch_w2$src/sq_engine.v:131$1506_EN[63:0]$1611 [0] $flatten\u_sq_engine.$0$memwr$\latch_w2$src/sq_engine.v:131$1506_EN[63:0]$1611 [0] $flatten\u_sq_engine.$0$memwr$\latch_w2$src/sq_engine.v:131$1506_EN[63:0]$1611 [0] $flatten\u_sq_engine.$0$memwr$\latch_w2$src/sq_engine.v:131$1506_EN[63:0]$1611 [0] $flatten\u_sq_engine.$0$memwr$\latch_w2$src/sq_engine.v:131$1506_EN[63:0]$1611 [0] $flatten\u_sq_engine.$0$memwr$\latch_w2$src/sq_engine.v:131$1506_EN[63:0]$1611 [0] $flatten\u_sq_engine.$0$memwr$\latch_w2$src/sq_engine.v:131$1506_EN[63:0]$1611 [0] $flatten\u_sq_engine.$0$memwr$\latch_w2$src/sq_engine.v:131$1506_EN[63:0]$1611 [0] $flatten\u_sq_engine.$0$memwr$\latch_w2$src/sq_engine.v:131$1506_EN[63:0]$1611 [0] $flatten\u_sq_engine.$0$memwr$\latch_w2$src/sq_engine.v:131$1506_EN[63:0]$1611 [0] $flatten\u_sq_engine.$0$memwr$\latch_w2$src/sq_engine.v:131$1506_EN[63:0]$1611 [0] $flatten\u_sq_engine.$0$memwr$\latch_w2$src/sq_engine.v:131$1506_EN[63:0]$1611 [0] $flatten\u_sq_engine.$0$memwr$\latch_w2$src/sq_engine.v:131$1506_EN[63:0]$1611 [0] $flatten\u_sq_engine.$0$memwr$\latch_w2$src/sq_engine.v:131$1506_EN[63:0]$1611 [0] $flatten\u_sq_engine.$0$memwr$\latch_w2$src/sq_engine.v:131$1506_EN[63:0]$1611 [0] $flatten\u_sq_engine.$0$memwr$\latch_w2$src/sq_engine.v:131$1506_EN[63:0]$1611 [0] $flatten\u_sq_engine.$0$memwr$\latch_w2$src/sq_engine.v:131$1506_EN[63:0]$1611 [0] $flatten\u_sq_engine.$0$memwr$\latch_w2$src/sq_engine.v:131$1506_EN[63:0]$1611 [0] $flatten\u_sq_engine.$0$memwr$\latch_w2$src/sq_engine.v:131$1506_EN[63:0]$1611 [0] $flatten\u_sq_engine.$0$memwr$\latch_w2$src/sq_engine.v:131$1506_EN[63:0]$1611 [0] $flatten\u_sq_engine.$0$memwr$\latch_w2$src/sq_engine.v:131$1506_EN[63:0]$1611 [0] $flatten\u_sq_engine.$0$memwr$\latch_w2$src/sq_engine.v:131$1506_EN[63:0]$1611 [0] $flatten\u_sq_engine.$0$memwr$\latch_w2$src/sq_engine.v:131$1506_EN[63:0]$1611 [0] $flatten\u_sq_engine.$0$memwr$\latch_w2$src/sq_engine.v:131$1506_EN[63:0]$1611 [0] $flatten\u_sq_engine.$0$memwr$\latch_w2$src/sq_engine.v:131$1506_EN[63:0]$1611 [0] $flatten\u_sq_engine.$0$memwr$\latch_w2$src/sq_engine.v:131$1506_EN[63:0]$1611 [0] $flatten\u_sq_engine.$0$memwr$\latch_w2$src/sq_engine.v:131$1506_EN[63:0]$1611 [0] $flatten\u_sq_engine.$0$memwr$\latch_w2$src/sq_engine.v:131$1506_EN[63:0]$1611 [0] $flatten\u_sq_engine.$0$memwr$\latch_w2$src/sq_engine.v:131$1506_EN[63:0]$1611 [0] $flatten\u_sq_engine.$0$memwr$\latch_w2$src/sq_engine.v:131$1506_EN[63:0]$1611 [0] $flatten\u_sq_engine.$0$memwr$\latch_w2$src/sq_engine.v:131$1506_EN[63:0]$1611 [0] $flatten\u_sq_engine.$0$memwr$\latch_w2$src/sq_engine.v:131$1506_EN[63:0]$1611 [0] $flatten\u_sq_engine.$0$memwr$\latch_w2$src/sq_engine.v:131$1506_EN[63:0]$1611 [0] $flatten\u_sq_engine.$0$memwr$\latch_w2$src/sq_engine.v:131$1506_EN[63:0]$1611 [0] $flatten\u_sq_engine.$0$memwr$\latch_w2$src/sq_engine.v:131$1506_EN[63:0]$1611 [0] $flatten\u_sq_engine.$0$memwr$\latch_w2$src/sq_engine.v:131$1506_EN[63:0]$1611 [0] $flatten\u_sq_engine.$0$memwr$\latch_w2$src/sq_engine.v:131$1506_EN[63:0]$1611 [0] $flatten\u_sq_engine.$0$memwr$\latch_w2$src/sq_engine.v:131$1506_EN[63:0]$1611 [0] $flatten\u_sq_engine.$0$memwr$\latch_w2$src/sq_engine.v:131$1506_EN[63:0]$1611 [0] $flatten\u_sq_engine.$0$memwr$\latch_w2$src/sq_engine.v:131$1506_EN[63:0]$1611 [0] $flatten\u_sq_engine.$0$memwr$\latch_w2$src/sq_engine.v:131$1506_EN[63:0]$1611 [0] $flatten\u_sq_engine.$0$memwr$\latch_w2$src/sq_engine.v:131$1506_EN[63:0]$1611 [0] $flatten\u_sq_engine.$0$memwr$\latch_w2$src/sq_engine.v:131$1506_EN[63:0]$1611 [0] $flatten\u_sq_engine.$0$memwr$\latch_w2$src/sq_engine.v:131$1506_EN[63:0]$1611 [0] $flatten\u_sq_engine.$0$memwr$\latch_w2$src/sq_engine.v:131$1506_EN[63:0]$1611 [0] $flatten\u_sq_engine.$0$memwr$\latch_w2$src/sq_engine.v:131$1506_EN[63:0]$1611 [0] $flatten\u_sq_engine.$0$memwr$\latch_w2$src/sq_engine.v:131$1506_EN[63:0]$1611 [0] $flatten\u_sq_engine.$0$memwr$\latch_w2$src/sq_engine.v:131$1506_EN[63:0]$1611 [0] $flatten\u_sq_engine.$0$memwr$\latch_w2$src/sq_engine.v:131$1506_EN[63:0]$1611 [0] $flatten\u_sq_engine.$0$memwr$\latch_w2$src/sq_engine.v:131$1506_EN[63:0]$1611 [0] $flatten\u_sq_engine.$0$memwr$\latch_w2$src/sq_engine.v:131$1506_EN[63:0]$1611 [0] $flatten\u_sq_engine.$0$memwr$\latch_w2$src/sq_engine.v:131$1506_EN[63:0]$1611 [0] $flatten\u_sq_engine.$0$memwr$\latch_w2$src/sq_engine.v:131$1506_EN[63:0]$1611 [0] $flatten\u_sq_engine.$0$memwr$\latch_w2$src/sq_engine.v:131$1506_EN[63:0]$1611 [0] $flatten\u_sq_engine.$0$memwr$\latch_w2$src/sq_engine.v:131$1506_EN[63:0]$1611 [0] }
    Consolidated identical input bits for $mux cell $flatten\u_sq_engine.$procmux$6342:
      Old ports: A=6'111111, B=6'000000, Y=$flatten\u_sq_engine.$0$memwr$\cid_counter$src/sq_engine.v:133$1508_EN[5:0]$1613
      New ports: A=1'1, B=1'0, Y=$flatten\u_sq_engine.$0$memwr$\cid_counter$src/sq_engine.v:133$1508_EN[5:0]$1613 [0]
      New connections: $flatten\u_sq_engine.$0$memwr$\cid_counter$src/sq_engine.v:133$1508_EN[5:0]$1613 [5:1] = { $flatten\u_sq_engine.$0$memwr$\cid_counter$src/sq_engine.v:133$1508_EN[5:0]$1613 [0] $flatten\u_sq_engine.$0$memwr$\cid_counter$src/sq_engine.v:133$1508_EN[5:0]$1613 [0] $flatten\u_sq_engine.$0$memwr$\cid_counter$src/sq_engine.v:133$1508_EN[5:0]$1613 [0] $flatten\u_sq_engine.$0$memwr$\cid_counter$src/sq_engine.v:133$1508_EN[5:0]$1613 [0] $flatten\u_sq_engine.$0$memwr$\cid_counter$src/sq_engine.v:133$1508_EN[5:0]$1613 [0] }
    Consolidated identical input bits for $mux cell $flatten\u_sq_engine.$procmux$6339:
      Old ports: A=64'1111111111111111111111111111111111111111111111111111111111111111, B=64'0000000000000000000000000000000000000000000000000000000000000000, Y=$flatten\u_sq_engine.$0$memwr$\latch_w0$src/sq_engine.v:131$1509_EN[63:0]$1614
      New ports: A=1'1, B=1'0, Y=$flatten\u_sq_engine.$0$memwr$\latch_w0$src/sq_engine.v:131$1509_EN[63:0]$1614 [0]
      New connections: $flatten\u_sq_engine.$0$memwr$\latch_w0$src/sq_engine.v:131$1509_EN[63:0]$1614 [63:1] = { $flatten\u_sq_engine.$0$memwr$\latch_w0$src/sq_engine.v:131$1509_EN[63:0]$1614 [0] $flatten\u_sq_engine.$0$memwr$\latch_w0$src/sq_engine.v:131$1509_EN[63:0]$1614 [0] $flatten\u_sq_engine.$0$memwr$\latch_w0$src/sq_engine.v:131$1509_EN[63:0]$1614 [0] $flatten\u_sq_engine.$0$memwr$\latch_w0$src/sq_engine.v:131$1509_EN[63:0]$1614 [0] $flatten\u_sq_engine.$0$memwr$\latch_w0$src/sq_engine.v:131$1509_EN[63:0]$1614 [0] $flatten\u_sq_engine.$0$memwr$\latch_w0$src/sq_engine.v:131$1509_EN[63:0]$1614 [0] $flatten\u_sq_engine.$0$memwr$\latch_w0$src/sq_engine.v:131$1509_EN[63:0]$1614 [0] $flatten\u_sq_engine.$0$memwr$\latch_w0$src/sq_engine.v:131$1509_EN[63:0]$1614 [0] $flatten\u_sq_engine.$0$memwr$\latch_w0$src/sq_engine.v:131$1509_EN[63:0]$1614 [0] $flatten\u_sq_engine.$0$memwr$\latch_w0$src/sq_engine.v:131$1509_EN[63:0]$1614 [0] $flatten\u_sq_engine.$0$memwr$\latch_w0$src/sq_engine.v:131$1509_EN[63:0]$1614 [0] $flatten\u_sq_engine.$0$memwr$\latch_w0$src/sq_engine.v:131$1509_EN[63:0]$1614 [0] $flatten\u_sq_engine.$0$memwr$\latch_w0$src/sq_engine.v:131$1509_EN[63:0]$1614 [0] $flatten\u_sq_engine.$0$memwr$\latch_w0$src/sq_engine.v:131$1509_EN[63:0]$1614 [0] $flatten\u_sq_engine.$0$memwr$\latch_w0$src/sq_engine.v:131$1509_EN[63:0]$1614 [0] $flatten\u_sq_engine.$0$memwr$\latch_w0$src/sq_engine.v:131$1509_EN[63:0]$1614 [0] $flatten\u_sq_engine.$0$memwr$\latch_w0$src/sq_engine.v:131$1509_EN[63:0]$1614 [0] $flatten\u_sq_engine.$0$memwr$\latch_w0$src/sq_engine.v:131$1509_EN[63:0]$1614 [0] $flatten\u_sq_engine.$0$memwr$\latch_w0$src/sq_engine.v:131$1509_EN[63:0]$1614 [0] $flatten\u_sq_engine.$0$memwr$\latch_w0$src/sq_engine.v:131$1509_EN[63:0]$1614 [0] $flatten\u_sq_engine.$0$memwr$\latch_w0$src/sq_engine.v:131$1509_EN[63:0]$1614 [0] $flatten\u_sq_engine.$0$memwr$\latch_w0$src/sq_engine.v:131$1509_EN[63:0]$1614 [0] $flatten\u_sq_engine.$0$memwr$\latch_w0$src/sq_engine.v:131$1509_EN[63:0]$1614 [0] $flatten\u_sq_engine.$0$memwr$\latch_w0$src/sq_engine.v:131$1509_EN[63:0]$1614 [0] $flatten\u_sq_engine.$0$memwr$\latch_w0$src/sq_engine.v:131$1509_EN[63:0]$1614 [0] $flatten\u_sq_engine.$0$memwr$\latch_w0$src/sq_engine.v:131$1509_EN[63:0]$1614 [0] $flatten\u_sq_engine.$0$memwr$\latch_w0$src/sq_engine.v:131$1509_EN[63:0]$1614 [0] $flatten\u_sq_engine.$0$memwr$\latch_w0$src/sq_engine.v:131$1509_EN[63:0]$1614 [0] $flatten\u_sq_engine.$0$memwr$\latch_w0$src/sq_engine.v:131$1509_EN[63:0]$1614 [0] $flatten\u_sq_engine.$0$memwr$\latch_w0$src/sq_engine.v:131$1509_EN[63:0]$1614 [0] $flatten\u_sq_engine.$0$memwr$\latch_w0$src/sq_engine.v:131$1509_EN[63:0]$1614 [0] $flatten\u_sq_engine.$0$memwr$\latch_w0$src/sq_engine.v:131$1509_EN[63:0]$1614 [0] $flatten\u_sq_engine.$0$memwr$\latch_w0$src/sq_engine.v:131$1509_EN[63:0]$1614 [0] $flatten\u_sq_engine.$0$memwr$\latch_w0$src/sq_engine.v:131$1509_EN[63:0]$1614 [0] $flatten\u_sq_engine.$0$memwr$\latch_w0$src/sq_engine.v:131$1509_EN[63:0]$1614 [0] $flatten\u_sq_engine.$0$memwr$\latch_w0$src/sq_engine.v:131$1509_EN[63:0]$1614 [0] $flatten\u_sq_engine.$0$memwr$\latch_w0$src/sq_engine.v:131$1509_EN[63:0]$1614 [0] $flatten\u_sq_engine.$0$memwr$\latch_w0$src/sq_engine.v:131$1509_EN[63:0]$1614 [0] $flatten\u_sq_engine.$0$memwr$\latch_w0$src/sq_engine.v:131$1509_EN[63:0]$1614 [0] $flatten\u_sq_engine.$0$memwr$\latch_w0$src/sq_engine.v:131$1509_EN[63:0]$1614 [0] $flatten\u_sq_engine.$0$memwr$\latch_w0$src/sq_engine.v:131$1509_EN[63:0]$1614 [0] $flatten\u_sq_engine.$0$memwr$\latch_w0$src/sq_engine.v:131$1509_EN[63:0]$1614 [0] $flatten\u_sq_engine.$0$memwr$\latch_w0$src/sq_engine.v:131$1509_EN[63:0]$1614 [0] $flatten\u_sq_engine.$0$memwr$\latch_w0$src/sq_engine.v:131$1509_EN[63:0]$1614 [0] $flatten\u_sq_engine.$0$memwr$\latch_w0$src/sq_engine.v:131$1509_EN[63:0]$1614 [0] $flatten\u_sq_engine.$0$memwr$\latch_w0$src/sq_engine.v:131$1509_EN[63:0]$1614 [0] $flatten\u_sq_engine.$0$memwr$\latch_w0$src/sq_engine.v:131$1509_EN[63:0]$1614 [0] $flatten\u_sq_engine.$0$memwr$\latch_w0$src/sq_engine.v:131$1509_EN[63:0]$1614 [0] $flatten\u_sq_engine.$0$memwr$\latch_w0$src/sq_engine.v:131$1509_EN[63:0]$1614 [0] $flatten\u_sq_engine.$0$memwr$\latch_w0$src/sq_engine.v:131$1509_EN[63:0]$1614 [0] $flatten\u_sq_engine.$0$memwr$\latch_w0$src/sq_engine.v:131$1509_EN[63:0]$1614 [0] $flatten\u_sq_engine.$0$memwr$\latch_w0$src/sq_engine.v:131$1509_EN[63:0]$1614 [0] $flatten\u_sq_engine.$0$memwr$\latch_w0$src/sq_engine.v:131$1509_EN[63:0]$1614 [0] $flatten\u_sq_engine.$0$memwr$\latch_w0$src/sq_engine.v:131$1509_EN[63:0]$1614 [0] $flatten\u_sq_engine.$0$memwr$\latch_w0$src/sq_engine.v:131$1509_EN[63:0]$1614 [0] $flatten\u_sq_engine.$0$memwr$\latch_w0$src/sq_engine.v:131$1509_EN[63:0]$1614 [0] $flatten\u_sq_engine.$0$memwr$\latch_w0$src/sq_engine.v:131$1509_EN[63:0]$1614 [0] $flatten\u_sq_engine.$0$memwr$\latch_w0$src/sq_engine.v:131$1509_EN[63:0]$1614 [0] $flatten\u_sq_engine.$0$memwr$\latch_w0$src/sq_engine.v:131$1509_EN[63:0]$1614 [0] $flatten\u_sq_engine.$0$memwr$\latch_w0$src/sq_engine.v:131$1509_EN[63:0]$1614 [0] $flatten\u_sq_engine.$0$memwr$\latch_w0$src/sq_engine.v:131$1509_EN[63:0]$1614 [0] $flatten\u_sq_engine.$0$memwr$\latch_w0$src/sq_engine.v:131$1509_EN[63:0]$1614 [0] $flatten\u_sq_engine.$0$memwr$\latch_w0$src/sq_engine.v:131$1509_EN[63:0]$1614 [0] }
    Consolidated identical input bits for $mux cell $flatten\u_sq_engine.$procmux$6336:
      Old ports: A=64'1111111111111111111111111111111111111111111111111111111111111111, B=64'0000000000000000000000000000000000000000000000000000000000000000, Y=$flatten\u_sq_engine.$0$memwr$\latch_w1$src/sq_engine.v:131$1510_EN[63:0]$1615
      New ports: A=1'1, B=1'0, Y=$flatten\u_sq_engine.$0$memwr$\latch_w1$src/sq_engine.v:131$1510_EN[63:0]$1615 [0]
      New connections: $flatten\u_sq_engine.$0$memwr$\latch_w1$src/sq_engine.v:131$1510_EN[63:0]$1615 [63:1] = { $flatten\u_sq_engine.$0$memwr$\latch_w1$src/sq_engine.v:131$1510_EN[63:0]$1615 [0] $flatten\u_sq_engine.$0$memwr$\latch_w1$src/sq_engine.v:131$1510_EN[63:0]$1615 [0] $flatten\u_sq_engine.$0$memwr$\latch_w1$src/sq_engine.v:131$1510_EN[63:0]$1615 [0] $flatten\u_sq_engine.$0$memwr$\latch_w1$src/sq_engine.v:131$1510_EN[63:0]$1615 [0] $flatten\u_sq_engine.$0$memwr$\latch_w1$src/sq_engine.v:131$1510_EN[63:0]$1615 [0] $flatten\u_sq_engine.$0$memwr$\latch_w1$src/sq_engine.v:131$1510_EN[63:0]$1615 [0] $flatten\u_sq_engine.$0$memwr$\latch_w1$src/sq_engine.v:131$1510_EN[63:0]$1615 [0] $flatten\u_sq_engine.$0$memwr$\latch_w1$src/sq_engine.v:131$1510_EN[63:0]$1615 [0] $flatten\u_sq_engine.$0$memwr$\latch_w1$src/sq_engine.v:131$1510_EN[63:0]$1615 [0] $flatten\u_sq_engine.$0$memwr$\latch_w1$src/sq_engine.v:131$1510_EN[63:0]$1615 [0] $flatten\u_sq_engine.$0$memwr$\latch_w1$src/sq_engine.v:131$1510_EN[63:0]$1615 [0] $flatten\u_sq_engine.$0$memwr$\latch_w1$src/sq_engine.v:131$1510_EN[63:0]$1615 [0] $flatten\u_sq_engine.$0$memwr$\latch_w1$src/sq_engine.v:131$1510_EN[63:0]$1615 [0] $flatten\u_sq_engine.$0$memwr$\latch_w1$src/sq_engine.v:131$1510_EN[63:0]$1615 [0] $flatten\u_sq_engine.$0$memwr$\latch_w1$src/sq_engine.v:131$1510_EN[63:0]$1615 [0] $flatten\u_sq_engine.$0$memwr$\latch_w1$src/sq_engine.v:131$1510_EN[63:0]$1615 [0] $flatten\u_sq_engine.$0$memwr$\latch_w1$src/sq_engine.v:131$1510_EN[63:0]$1615 [0] $flatten\u_sq_engine.$0$memwr$\latch_w1$src/sq_engine.v:131$1510_EN[63:0]$1615 [0] $flatten\u_sq_engine.$0$memwr$\latch_w1$src/sq_engine.v:131$1510_EN[63:0]$1615 [0] $flatten\u_sq_engine.$0$memwr$\latch_w1$src/sq_engine.v:131$1510_EN[63:0]$1615 [0] $flatten\u_sq_engine.$0$memwr$\latch_w1$src/sq_engine.v:131$1510_EN[63:0]$1615 [0] $flatten\u_sq_engine.$0$memwr$\latch_w1$src/sq_engine.v:131$1510_EN[63:0]$1615 [0] $flatten\u_sq_engine.$0$memwr$\latch_w1$src/sq_engine.v:131$1510_EN[63:0]$1615 [0] $flatten\u_sq_engine.$0$memwr$\latch_w1$src/sq_engine.v:131$1510_EN[63:0]$1615 [0] $flatten\u_sq_engine.$0$memwr$\latch_w1$src/sq_engine.v:131$1510_EN[63:0]$1615 [0] $flatten\u_sq_engine.$0$memwr$\latch_w1$src/sq_engine.v:131$1510_EN[63:0]$1615 [0] $flatten\u_sq_engine.$0$memwr$\latch_w1$src/sq_engine.v:131$1510_EN[63:0]$1615 [0] $flatten\u_sq_engine.$0$memwr$\latch_w1$src/sq_engine.v:131$1510_EN[63:0]$1615 [0] $flatten\u_sq_engine.$0$memwr$\latch_w1$src/sq_engine.v:131$1510_EN[63:0]$1615 [0] $flatten\u_sq_engine.$0$memwr$\latch_w1$src/sq_engine.v:131$1510_EN[63:0]$1615 [0] $flatten\u_sq_engine.$0$memwr$\latch_w1$src/sq_engine.v:131$1510_EN[63:0]$1615 [0] $flatten\u_sq_engine.$0$memwr$\latch_w1$src/sq_engine.v:131$1510_EN[63:0]$1615 [0] $flatten\u_sq_engine.$0$memwr$\latch_w1$src/sq_engine.v:131$1510_EN[63:0]$1615 [0] $flatten\u_sq_engine.$0$memwr$\latch_w1$src/sq_engine.v:131$1510_EN[63:0]$1615 [0] $flatten\u_sq_engine.$0$memwr$\latch_w1$src/sq_engine.v:131$1510_EN[63:0]$1615 [0] $flatten\u_sq_engine.$0$memwr$\latch_w1$src/sq_engine.v:131$1510_EN[63:0]$1615 [0] $flatten\u_sq_engine.$0$memwr$\latch_w1$src/sq_engine.v:131$1510_EN[63:0]$1615 [0] $flatten\u_sq_engine.$0$memwr$\latch_w1$src/sq_engine.v:131$1510_EN[63:0]$1615 [0] $flatten\u_sq_engine.$0$memwr$\latch_w1$src/sq_engine.v:131$1510_EN[63:0]$1615 [0] $flatten\u_sq_engine.$0$memwr$\latch_w1$src/sq_engine.v:131$1510_EN[63:0]$1615 [0] $flatten\u_sq_engine.$0$memwr$\latch_w1$src/sq_engine.v:131$1510_EN[63:0]$1615 [0] $flatten\u_sq_engine.$0$memwr$\latch_w1$src/sq_engine.v:131$1510_EN[63:0]$1615 [0] $flatten\u_sq_engine.$0$memwr$\latch_w1$src/sq_engine.v:131$1510_EN[63:0]$1615 [0] $flatten\u_sq_engine.$0$memwr$\latch_w1$src/sq_engine.v:131$1510_EN[63:0]$1615 [0] $flatten\u_sq_engine.$0$memwr$\latch_w1$src/sq_engine.v:131$1510_EN[63:0]$1615 [0] $flatten\u_sq_engine.$0$memwr$\latch_w1$src/sq_engine.v:131$1510_EN[63:0]$1615 [0] $flatten\u_sq_engine.$0$memwr$\latch_w1$src/sq_engine.v:131$1510_EN[63:0]$1615 [0] $flatten\u_sq_engine.$0$memwr$\latch_w1$src/sq_engine.v:131$1510_EN[63:0]$1615 [0] $flatten\u_sq_engine.$0$memwr$\latch_w1$src/sq_engine.v:131$1510_EN[63:0]$1615 [0] $flatten\u_sq_engine.$0$memwr$\latch_w1$src/sq_engine.v:131$1510_EN[63:0]$1615 [0] $flatten\u_sq_engine.$0$memwr$\latch_w1$src/sq_engine.v:131$1510_EN[63:0]$1615 [0] $flatten\u_sq_engine.$0$memwr$\latch_w1$src/sq_engine.v:131$1510_EN[63:0]$1615 [0] $flatten\u_sq_engine.$0$memwr$\latch_w1$src/sq_engine.v:131$1510_EN[63:0]$1615 [0] $flatten\u_sq_engine.$0$memwr$\latch_w1$src/sq_engine.v:131$1510_EN[63:0]$1615 [0] $flatten\u_sq_engine.$0$memwr$\latch_w1$src/sq_engine.v:131$1510_EN[63:0]$1615 [0] $flatten\u_sq_engine.$0$memwr$\latch_w1$src/sq_engine.v:131$1510_EN[63:0]$1615 [0] $flatten\u_sq_engine.$0$memwr$\latch_w1$src/sq_engine.v:131$1510_EN[63:0]$1615 [0] $flatten\u_sq_engine.$0$memwr$\latch_w1$src/sq_engine.v:131$1510_EN[63:0]$1615 [0] $flatten\u_sq_engine.$0$memwr$\latch_w1$src/sq_engine.v:131$1510_EN[63:0]$1615 [0] $flatten\u_sq_engine.$0$memwr$\latch_w1$src/sq_engine.v:131$1510_EN[63:0]$1615 [0] $flatten\u_sq_engine.$0$memwr$\latch_w1$src/sq_engine.v:131$1510_EN[63:0]$1615 [0] $flatten\u_sq_engine.$0$memwr$\latch_w1$src/sq_engine.v:131$1510_EN[63:0]$1615 [0] $flatten\u_sq_engine.$0$memwr$\latch_w1$src/sq_engine.v:131$1510_EN[63:0]$1615 [0] }
    Consolidated identical input bits for $mux cell $flatten\u_sq_engine.$procmux$6279:
      Old ports: A=64'1111111111111111111111111111111111111111111111111111111111111111, B=64'0000000000000000000000000000000000000000000000000000000000000000, Y=$flatten\u_sq_engine.$0$memwr$\latch_w0$src/sq_engine.v:131$1529_EN[63:0]$1634
      New ports: A=1'1, B=1'0, Y=$flatten\u_sq_engine.$0$memwr$\latch_w0$src/sq_engine.v:131$1529_EN[63:0]$1634 [0]
      New connections: $flatten\u_sq_engine.$0$memwr$\latch_w0$src/sq_engine.v:131$1529_EN[63:0]$1634 [63:1] = { $flatten\u_sq_engine.$0$memwr$\latch_w0$src/sq_engine.v:131$1529_EN[63:0]$1634 [0] $flatten\u_sq_engine.$0$memwr$\latch_w0$src/sq_engine.v:131$1529_EN[63:0]$1634 [0] $flatten\u_sq_engine.$0$memwr$\latch_w0$src/sq_engine.v:131$1529_EN[63:0]$1634 [0] $flatten\u_sq_engine.$0$memwr$\latch_w0$src/sq_engine.v:131$1529_EN[63:0]$1634 [0] $flatten\u_sq_engine.$0$memwr$\latch_w0$src/sq_engine.v:131$1529_EN[63:0]$1634 [0] $flatten\u_sq_engine.$0$memwr$\latch_w0$src/sq_engine.v:131$1529_EN[63:0]$1634 [0] $flatten\u_sq_engine.$0$memwr$\latch_w0$src/sq_engine.v:131$1529_EN[63:0]$1634 [0] $flatten\u_sq_engine.$0$memwr$\latch_w0$src/sq_engine.v:131$1529_EN[63:0]$1634 [0] $flatten\u_sq_engine.$0$memwr$\latch_w0$src/sq_engine.v:131$1529_EN[63:0]$1634 [0] $flatten\u_sq_engine.$0$memwr$\latch_w0$src/sq_engine.v:131$1529_EN[63:0]$1634 [0] $flatten\u_sq_engine.$0$memwr$\latch_w0$src/sq_engine.v:131$1529_EN[63:0]$1634 [0] $flatten\u_sq_engine.$0$memwr$\latch_w0$src/sq_engine.v:131$1529_EN[63:0]$1634 [0] $flatten\u_sq_engine.$0$memwr$\latch_w0$src/sq_engine.v:131$1529_EN[63:0]$1634 [0] $flatten\u_sq_engine.$0$memwr$\latch_w0$src/sq_engine.v:131$1529_EN[63:0]$1634 [0] $flatten\u_sq_engine.$0$memwr$\latch_w0$src/sq_engine.v:131$1529_EN[63:0]$1634 [0] $flatten\u_sq_engine.$0$memwr$\latch_w0$src/sq_engine.v:131$1529_EN[63:0]$1634 [0] $flatten\u_sq_engine.$0$memwr$\latch_w0$src/sq_engine.v:131$1529_EN[63:0]$1634 [0] $flatten\u_sq_engine.$0$memwr$\latch_w0$src/sq_engine.v:131$1529_EN[63:0]$1634 [0] $flatten\u_sq_engine.$0$memwr$\latch_w0$src/sq_engine.v:131$1529_EN[63:0]$1634 [0] $flatten\u_sq_engine.$0$memwr$\latch_w0$src/sq_engine.v:131$1529_EN[63:0]$1634 [0] $flatten\u_sq_engine.$0$memwr$\latch_w0$src/sq_engine.v:131$1529_EN[63:0]$1634 [0] $flatten\u_sq_engine.$0$memwr$\latch_w0$src/sq_engine.v:131$1529_EN[63:0]$1634 [0] $flatten\u_sq_engine.$0$memwr$\latch_w0$src/sq_engine.v:131$1529_EN[63:0]$1634 [0] $flatten\u_sq_engine.$0$memwr$\latch_w0$src/sq_engine.v:131$1529_EN[63:0]$1634 [0] $flatten\u_sq_engine.$0$memwr$\latch_w0$src/sq_engine.v:131$1529_EN[63:0]$1634 [0] $flatten\u_sq_engine.$0$memwr$\latch_w0$src/sq_engine.v:131$1529_EN[63:0]$1634 [0] $flatten\u_sq_engine.$0$memwr$\latch_w0$src/sq_engine.v:131$1529_EN[63:0]$1634 [0] $flatten\u_sq_engine.$0$memwr$\latch_w0$src/sq_engine.v:131$1529_EN[63:0]$1634 [0] $flatten\u_sq_engine.$0$memwr$\latch_w0$src/sq_engine.v:131$1529_EN[63:0]$1634 [0] $flatten\u_sq_engine.$0$memwr$\latch_w0$src/sq_engine.v:131$1529_EN[63:0]$1634 [0] $flatten\u_sq_engine.$0$memwr$\latch_w0$src/sq_engine.v:131$1529_EN[63:0]$1634 [0] $flatten\u_sq_engine.$0$memwr$\latch_w0$src/sq_engine.v:131$1529_EN[63:0]$1634 [0] $flatten\u_sq_engine.$0$memwr$\latch_w0$src/sq_engine.v:131$1529_EN[63:0]$1634 [0] $flatten\u_sq_engine.$0$memwr$\latch_w0$src/sq_engine.v:131$1529_EN[63:0]$1634 [0] $flatten\u_sq_engine.$0$memwr$\latch_w0$src/sq_engine.v:131$1529_EN[63:0]$1634 [0] $flatten\u_sq_engine.$0$memwr$\latch_w0$src/sq_engine.v:131$1529_EN[63:0]$1634 [0] $flatten\u_sq_engine.$0$memwr$\latch_w0$src/sq_engine.v:131$1529_EN[63:0]$1634 [0] $flatten\u_sq_engine.$0$memwr$\latch_w0$src/sq_engine.v:131$1529_EN[63:0]$1634 [0] $flatten\u_sq_engine.$0$memwr$\latch_w0$src/sq_engine.v:131$1529_EN[63:0]$1634 [0] $flatten\u_sq_engine.$0$memwr$\latch_w0$src/sq_engine.v:131$1529_EN[63:0]$1634 [0] $flatten\u_sq_engine.$0$memwr$\latch_w0$src/sq_engine.v:131$1529_EN[63:0]$1634 [0] $flatten\u_sq_engine.$0$memwr$\latch_w0$src/sq_engine.v:131$1529_EN[63:0]$1634 [0] $flatten\u_sq_engine.$0$memwr$\latch_w0$src/sq_engine.v:131$1529_EN[63:0]$1634 [0] $flatten\u_sq_engine.$0$memwr$\latch_w0$src/sq_engine.v:131$1529_EN[63:0]$1634 [0] $flatten\u_sq_engine.$0$memwr$\latch_w0$src/sq_engine.v:131$1529_EN[63:0]$1634 [0] $flatten\u_sq_engine.$0$memwr$\latch_w0$src/sq_engine.v:131$1529_EN[63:0]$1634 [0] $flatten\u_sq_engine.$0$memwr$\latch_w0$src/sq_engine.v:131$1529_EN[63:0]$1634 [0] $flatten\u_sq_engine.$0$memwr$\latch_w0$src/sq_engine.v:131$1529_EN[63:0]$1634 [0] $flatten\u_sq_engine.$0$memwr$\latch_w0$src/sq_engine.v:131$1529_EN[63:0]$1634 [0] $flatten\u_sq_engine.$0$memwr$\latch_w0$src/sq_engine.v:131$1529_EN[63:0]$1634 [0] $flatten\u_sq_engine.$0$memwr$\latch_w0$src/sq_engine.v:131$1529_EN[63:0]$1634 [0] $flatten\u_sq_engine.$0$memwr$\latch_w0$src/sq_engine.v:131$1529_EN[63:0]$1634 [0] $flatten\u_sq_engine.$0$memwr$\latch_w0$src/sq_engine.v:131$1529_EN[63:0]$1634 [0] $flatten\u_sq_engine.$0$memwr$\latch_w0$src/sq_engine.v:131$1529_EN[63:0]$1634 [0] $flatten\u_sq_engine.$0$memwr$\latch_w0$src/sq_engine.v:131$1529_EN[63:0]$1634 [0] $flatten\u_sq_engine.$0$memwr$\latch_w0$src/sq_engine.v:131$1529_EN[63:0]$1634 [0] $flatten\u_sq_engine.$0$memwr$\latch_w0$src/sq_engine.v:131$1529_EN[63:0]$1634 [0] $flatten\u_sq_engine.$0$memwr$\latch_w0$src/sq_engine.v:131$1529_EN[63:0]$1634 [0] $flatten\u_sq_engine.$0$memwr$\latch_w0$src/sq_engine.v:131$1529_EN[63:0]$1634 [0] $flatten\u_sq_engine.$0$memwr$\latch_w0$src/sq_engine.v:131$1529_EN[63:0]$1634 [0] $flatten\u_sq_engine.$0$memwr$\latch_w0$src/sq_engine.v:131$1529_EN[63:0]$1634 [0] $flatten\u_sq_engine.$0$memwr$\latch_w0$src/sq_engine.v:131$1529_EN[63:0]$1634 [0] $flatten\u_sq_engine.$0$memwr$\latch_w0$src/sq_engine.v:131$1529_EN[63:0]$1634 [0] }
    Consolidated identical input bits for $mux cell $flatten\u_cq_engine.$procmux$4669:
      Old ports: A=4'0000, B=4'1111, Y=$flatten\u_cq_engine.$procmux$4669_Y
      New ports: A=1'0, B=1'1, Y=$flatten\u_cq_engine.$procmux$4669_Y [0]
      New connections: $flatten\u_cq_engine.$procmux$4669_Y [3:1] = { $flatten\u_cq_engine.$procmux$4669_Y [0] $flatten\u_cq_engine.$procmux$4669_Y [0] $flatten\u_cq_engine.$procmux$4669_Y [0] }
  Optimizing cells in module \io_uncore_top.
    Consolidated identical input bits for $mux cell $flatten\u_cq_engine.$procmux$4775:
      Old ports: A=4'0000, B=$flatten\u_cq_engine.$3$memwr$\batch_count$src/cq_engine.v:167$1902_EN[3:0]$2343, Y=$flatten\u_cq_engine.$procmux$4775_Y
      New ports: A=1'0, B=$flatten\u_cq_engine.$procmux$4669_Y [0], Y=$flatten\u_cq_engine.$procmux$4775_Y [0]
      New connections: $flatten\u_cq_engine.$procmux$4775_Y [3:1] = { $flatten\u_cq_engine.$procmux$4775_Y [0] $flatten\u_cq_engine.$procmux$4775_Y [0] $flatten\u_cq_engine.$procmux$4775_Y [0] }
    Consolidated identical input bits for $mux cell $flatten\u_cq_engine.$procmux$4802:
      Old ports: A=6'000000, B=$flatten\u_cq_engine.$3$memwr$\cq_tail$src/cq_engine.v:165$1901_EN[5:0]$2340, Y=$flatten\u_cq_engine.$procmux$4802_Y
      New ports: A=1'0, B=$flatten\u_cq_engine.$procmux$4705_Y [0], Y=$flatten\u_cq_engine.$procmux$4802_Y [0]
      New connections: $flatten\u_cq_engine.$procmux$4802_Y [5:1] = { $flatten\u_cq_engine.$procmux$4802_Y [0] $flatten\u_cq_engine.$procmux$4802_Y [0] $flatten\u_cq_engine.$procmux$4802_Y [0] $flatten\u_cq_engine.$procmux$4802_Y [0] $flatten\u_cq_engine.$procmux$4802_Y [0] }
    Consolidated identical input bits for $mux cell $flatten\u_cq_engine.$procmux$4967:
      Old ports: A=4'0000, B=$flatten\u_cq_engine.$2$memwr$\batch_count$src/cq_engine.v:205$1903_EN[3:0]$2239, Y=$flatten\u_cq_engine.$0$memwr$\batch_count$src/cq_engine.v:205$1903_EN[3:0]$2190
      New ports: A=1'0, B=$flatten\u_cq_engine.$procmux$4760_Y [0], Y=$flatten\u_cq_engine.$0$memwr$\batch_count$src/cq_engine.v:205$1903_EN[3:0]$2190 [0]
      New connections: $flatten\u_cq_engine.$0$memwr$\batch_count$src/cq_engine.v:205$1903_EN[3:0]$2190 [3:1] = { $flatten\u_cq_engine.$0$memwr$\batch_count$src/cq_engine.v:205$1903_EN[3:0]$2190 [0] $flatten\u_cq_engine.$0$memwr$\batch_count$src/cq_engine.v:205$1903_EN[3:0]$2190 [0] $flatten\u_cq_engine.$0$memwr$\batch_count$src/cq_engine.v:205$1903_EN[3:0]$2190 [0] }
    Consolidated identical input bits for $mux cell $flatten\u_sq_engine.$procmux$6202:
      Old ports: A=64'0000000000000000000000000000000000000000000000000000000000000000, B=$flatten\u_sq_engine.$3$memwr$\latch_w1$src/sq_engine.v:158$1546_EN[63:0]$1822, Y=$flatten\u_sq_engine.$procmux$6202_Y
      New ports: A=1'0, B=$flatten\u_sq_engine.$procmux$5704_Y [0], Y=$flatten\u_sq_engine.$procmux$6202_Y [0]
      New connections: $flatten\u_sq_engine.$procmux$6202_Y [63:1] = { $flatten\u_sq_engine.$procmux$6202_Y [0] $flatten\u_sq_engine.$procmux$6202_Y [0] $flatten\u_sq_engine.$procmux$6202_Y [0] $flatten\u_sq_engine.$procmux$6202_Y [0] $flatten\u_sq_engine.$procmux$6202_Y [0] $flatten\u_sq_engine.$procmux$6202_Y [0] $flatten\u_sq_engine.$procmux$6202_Y [0] $flatten\u_sq_engine.$procmux$6202_Y [0] $flatten\u_sq_engine.$procmux$6202_Y [0] $flatten\u_sq_engine.$procmux$6202_Y [0] $flatten\u_sq_engine.$procmux$6202_Y [0] $flatten\u_sq_engine.$procmux$6202_Y [0] $flatten\u_sq_engine.$procmux$6202_Y [0] $flatten\u_sq_engine.$procmux$6202_Y [0] $flatten\u_sq_engine.$procmux$6202_Y [0] $flatten\u_sq_engine.$procmux$6202_Y [0] $flatten\u_sq_engine.$procmux$6202_Y [0] $flatten\u_sq_engine.$procmux$6202_Y [0] $flatten\u_sq_engine.$procmux$6202_Y [0] $flatten\u_sq_engine.$procmux$6202_Y [0] $flatten\u_sq_engine.$procmux$6202_Y [0] $flatten\u_sq_engine.$procmux$6202_Y [0] $flatten\u_sq_engine.$procmux$6202_Y [0] $flatten\u_sq_engine.$procmux$6202_Y [0] $flatten\u_sq_engine.$procmux$6202_Y [0] $flatten\u_sq_engine.$procmux$6202_Y [0] $flatten\u_sq_engine.$procmux$6202_Y [0] $flatten\u_sq_engine.$procmux$6202_Y [0] $flatten\u_sq_engine.$procmux$6202_Y [0] $flatten\u_sq_engine.$procmux$6202_Y [0] $flatten\u_sq_engine.$procmux$6202_Y [0] $flatten\u_sq_engine.$procmux$6202_Y [0] $flatten\u_sq_engine.$procmux$6202_Y [0] $flatten\u_sq_engine.$procmux$6202_Y [0] $flatten\u_sq_engine.$procmux$6202_Y [0] $flatten\u_sq_engine.$procmux$6202_Y [0] $flatten\u_sq_engine.$procmux$6202_Y [0] $flatten\u_sq_engine.$procmux$6202_Y [0] $flatten\u_sq_engine.$procmux$6202_Y [0] $flatten\u_sq_engine.$procmux$6202_Y [0] $flatten\u_sq_engine.$procmux$6202_Y [0] $flatten\u_sq_engine.$procmux$6202_Y [0] $flatten\u_sq_engine.$procmux$6202_Y [0] $flatten\u_sq_engine.$procmux$6202_Y [0] $flatten\u_sq_engine.$procmux$6202_Y [0] $flatten\u_sq_engine.$procmux$6202_Y [0] $flatten\u_sq_engine.$procmux$6202_Y [0] $flatten\u_sq_engine.$procmux$6202_Y [0] $flatten\u_sq_engine.$procmux$6202_Y [0] $flatten\u_sq_engine.$procmux$6202_Y [0] $flatten\u_sq_engine.$procmux$6202_Y [0] $flatten\u_sq_engine.$procmux$6202_Y [0] $flatten\u_sq_engine.$procmux$6202_Y [0] $flatten\u_sq_engine.$procmux$6202_Y [0] $flatten\u_sq_engine.$procmux$6202_Y [0] $flatten\u_sq_engine.$procmux$6202_Y [0] $flatten\u_sq_engine.$procmux$6202_Y [0] $flatten\u_sq_engine.$procmux$6202_Y [0] $flatten\u_sq_engine.$procmux$6202_Y [0] $flatten\u_sq_engine.$procmux$6202_Y [0] $flatten\u_sq_engine.$procmux$6202_Y [0] $flatten\u_sq_engine.$procmux$6202_Y [0] $flatten\u_sq_engine.$procmux$6202_Y [0] }
    Consolidated identical input bits for $mux cell $flatten\u_sq_engine.$procmux$6139:
      Old ports: A=64'0000000000000000000000000000000000000000000000000000000000000000, B=$flatten\u_sq_engine.$3$memwr$\latch_w2$src/sq_engine.v:167$1548_EN[63:0]$1831, Y=$flatten\u_sq_engine.$procmux$6139_Y
      New ports: A=1'0, B=$flatten\u_sq_engine.$procmux$5626_Y [0], Y=$flatten\u_sq_engine.$procmux$6139_Y [0]
      New connections: $flatten\u_sq_engine.$procmux$6139_Y [63:1] = { $flatten\u_sq_engine.$procmux$6139_Y [0] $flatten\u_sq_engine.$procmux$6139_Y [0] $flatten\u_sq_engine.$procmux$6139_Y [0] $flatten\u_sq_engine.$procmux$6139_Y [0] $flatten\u_sq_engine.$procmux$6139_Y [0] $flatten\u_sq_engine.$procmux$6139_Y [0] $flatten\u_sq_engine.$procmux$6139_Y [0] $flatten\u_sq_engine.$procmux$6139_Y [0] $flatten\u_sq_engine.$procmux$6139_Y [0] $flatten\u_sq_engine.$procmux$6139_Y [0] $flatten\u_sq_engine.$procmux$6139_Y [0] $flatten\u_sq_engine.$procmux$6139_Y [0] $flatten\u_sq_engine.$procmux$6139_Y [0] $flatten\u_sq_engine.$procmux$6139_Y [0] $flatten\u_sq_engine.$procmux$6139_Y [0] $flatten\u_sq_engine.$procmux$6139_Y [0] $flatten\u_sq_engine.$procmux$6139_Y [0] $flatten\u_sq_engine.$procmux$6139_Y [0] $flatten\u_sq_engine.$procmux$6139_Y [0] $flatten\u_sq_engine.$procmux$6139_Y [0] $flatten\u_sq_engine.$procmux$6139_Y [0] $flatten\u_sq_engine.$procmux$6139_Y [0] $flatten\u_sq_engine.$procmux$6139_Y [0] $flatten\u_sq_engine.$procmux$6139_Y [0] $flatten\u_sq_engine.$procmux$6139_Y [0] $flatten\u_sq_engine.$procmux$6139_Y [0] $flatten\u_sq_engine.$procmux$6139_Y [0] $flatten\u_sq_engine.$procmux$6139_Y [0] $flatten\u_sq_engine.$procmux$6139_Y [0] $flatten\u_sq_engine.$procmux$6139_Y [0] $flatten\u_sq_engine.$procmux$6139_Y [0] $flatten\u_sq_engine.$procmux$6139_Y [0] $flatten\u_sq_engine.$procmux$6139_Y [0] $flatten\u_sq_engine.$procmux$6139_Y [0] $flatten\u_sq_engine.$procmux$6139_Y [0] $flatten\u_sq_engine.$procmux$6139_Y [0] $flatten\u_sq_engine.$procmux$6139_Y [0] $flatten\u_sq_engine.$procmux$6139_Y [0] $flatten\u_sq_engine.$procmux$6139_Y [0] $flatten\u_sq_engine.$procmux$6139_Y [0] $flatten\u_sq_engine.$procmux$6139_Y [0] $flatten\u_sq_engine.$procmux$6139_Y [0] $flatten\u_sq_engine.$procmux$6139_Y [0] $flatten\u_sq_engine.$procmux$6139_Y [0] $flatten\u_sq_engine.$procmux$6139_Y [0] $flatten\u_sq_engine.$procmux$6139_Y [0] $flatten\u_sq_engine.$procmux$6139_Y [0] $flatten\u_sq_engine.$procmux$6139_Y [0] $flatten\u_sq_engine.$procmux$6139_Y [0] $flatten\u_sq_engine.$procmux$6139_Y [0] $flatten\u_sq_engine.$procmux$6139_Y [0] $flatten\u_sq_engine.$procmux$6139_Y [0] $flatten\u_sq_engine.$procmux$6139_Y [0] $flatten\u_sq_engine.$procmux$6139_Y [0] $flatten\u_sq_engine.$procmux$6139_Y [0] $flatten\u_sq_engine.$procmux$6139_Y [0] $flatten\u_sq_engine.$procmux$6139_Y [0] $flatten\u_sq_engine.$procmux$6139_Y [0] $flatten\u_sq_engine.$procmux$6139_Y [0] $flatten\u_sq_engine.$procmux$6139_Y [0] $flatten\u_sq_engine.$procmux$6139_Y [0] $flatten\u_sq_engine.$procmux$6139_Y [0] $flatten\u_sq_engine.$procmux$6139_Y [0] }
    Consolidated identical input bits for $mux cell $flatten\u_db_coalescer.$procmux$3917:
      Old ports: A=3'000, B=$flatten\u_db_coalescer.$3$memwr$\db_count$src/db_coalescer.v:105$2409_EN[2:0]$2710, Y=$flatten\u_db_coalescer.$procmux$3917_Y
      New ports: A=1'0, B=$flatten\u_db_coalescer.$procmux$3808_Y [0], Y=$flatten\u_db_coalescer.$procmux$3917_Y [0]
      New connections: $flatten\u_db_coalescer.$procmux$3917_Y [2:1] = { $flatten\u_db_coalescer.$procmux$3917_Y [0] $flatten\u_db_coalescer.$procmux$3917_Y [0] }
    Consolidated identical input bits for $mux cell $flatten\u_db_coalescer.$procmux$3965:
      Old ports: A=16'0000000000000000, B=$flatten\u_db_coalescer.$3$memwr$\latest_tail$src/db_coalescer.v:103$2407_EN[15:0]$2704, Y=$flatten\u_db_coalescer.$procmux$3965_Y
      New ports: A=1'0, B=$flatten\u_db_coalescer.$procmux$3874_Y [0], Y=$flatten\u_db_coalescer.$procmux$3965_Y [0]
      New connections: $flatten\u_db_coalescer.$procmux$3965_Y [15:1] = { $flatten\u_db_coalescer.$procmux$3965_Y [0] $flatten\u_db_coalescer.$procmux$3965_Y [0] $flatten\u_db_coalescer.$procmux$3965_Y [0] $flatten\u_db_coalescer.$procmux$3965_Y [0] $flatten\u_db_coalescer.$procmux$3965_Y [0] $flatten\u_db_coalescer.$procmux$3965_Y [0] $flatten\u_db_coalescer.$procmux$3965_Y [0] $flatten\u_db_coalescer.$procmux$3965_Y [0] $flatten\u_db_coalescer.$procmux$3965_Y [0] $flatten\u_db_coalescer.$procmux$3965_Y [0] $flatten\u_db_coalescer.$procmux$3965_Y [0] $flatten\u_db_coalescer.$procmux$3965_Y [0] $flatten\u_db_coalescer.$procmux$3965_Y [0] $flatten\u_db_coalescer.$procmux$3965_Y [0] $flatten\u_db_coalescer.$procmux$3965_Y [0] }
    Consolidated identical input bits for $mux cell $flatten\u_db_coalescer.$procmux$4188:
      Old ports: A=3'000, B=$flatten\u_db_coalescer.$2$memwr$\db_count$src/db_coalescer.v:133$2410_EN[2:0]$2701, Y=$flatten\u_db_coalescer.$0$memwr$\db_count$src/db_coalescer.v:133$2410_EN[2:0]$2622
      New ports: A=1'0, B=$flatten\u_db_coalescer.$procmux$3995_Y [0], Y=$flatten\u_db_coalescer.$0$memwr$\db_count$src/db_coalescer.v:133$2410_EN[2:0]$2622 [0]
      New connections: $flatten\u_db_coalescer.$0$memwr$\db_count$src/db_coalescer.v:133$2410_EN[2:0]$2622 [2:1] = { $flatten\u_db_coalescer.$0$memwr$\db_count$src/db_coalescer.v:133$2410_EN[2:0]$2622 [0] $flatten\u_db_coalescer.$0$memwr$\db_count$src/db_coalescer.v:133$2410_EN[2:0]$2622 [0] }
    Consolidated identical input bits for $mux cell $flatten\u_sq_engine.$procmux$5887:
      Old ports: A=64'0000000000000000000000000000000000000000000000000000000000000000, B=$flatten\u_sq_engine.$4$memwr$\latch_w0$src/sq_engine.v:148$1544_EN[63:0]$1813, Y=$flatten\u_sq_engine.$procmux$5887_Y
      New ports: A=1'0, B=$flatten\u_sq_engine.$procmux$5794_Y [0], Y=$flatten\u_sq_engine.$procmux$5887_Y [0]
      New connections: $flatten\u_sq_engine.$procmux$5887_Y [63:1] = { $flatten\u_sq_engine.$procmux$5887_Y [0] $flatten\u_sq_engine.$procmux$5887_Y [0] $flatten\u_sq_engine.$procmux$5887_Y [0] $flatten\u_sq_engine.$procmux$5887_Y [0] $flatten\u_sq_engine.$procmux$5887_Y [0] $flatten\u_sq_engine.$procmux$5887_Y [0] $flatten\u_sq_engine.$procmux$5887_Y [0] $flatten\u_sq_engine.$procmux$5887_Y [0] $flatten\u_sq_engine.$procmux$5887_Y [0] $flatten\u_sq_engine.$procmux$5887_Y [0] $flatten\u_sq_engine.$procmux$5887_Y [0] $flatten\u_sq_engine.$procmux$5887_Y [0] $flatten\u_sq_engine.$procmux$5887_Y [0] $flatten\u_sq_engine.$procmux$5887_Y [0] $flatten\u_sq_engine.$procmux$5887_Y [0] $flatten\u_sq_engine.$procmux$5887_Y [0] $flatten\u_sq_engine.$procmux$5887_Y [0] $flatten\u_sq_engine.$procmux$5887_Y [0] $flatten\u_sq_engine.$procmux$5887_Y [0] $flatten\u_sq_engine.$procmux$5887_Y [0] $flatten\u_sq_engine.$procmux$5887_Y [0] $flatten\u_sq_engine.$procmux$5887_Y [0] $flatten\u_sq_engine.$procmux$5887_Y [0] $flatten\u_sq_engine.$procmux$5887_Y [0] $flatten\u_sq_engine.$procmux$5887_Y [0] $flatten\u_sq_engine.$procmux$5887_Y [0] $flatten\u_sq_engine.$procmux$5887_Y [0] $flatten\u_sq_engine.$procmux$5887_Y [0] $flatten\u_sq_engine.$procmux$5887_Y [0] $flatten\u_sq_engine.$procmux$5887_Y [0] $flatten\u_sq_engine.$procmux$5887_Y [0] $flatten\u_sq_engine.$procmux$5887_Y [0] $flatten\u_sq_engine.$procmux$5887_Y [0] $flatten\u_sq_engine.$procmux$5887_Y [0] $flatten\u_sq_engine.$procmux$5887_Y [0] $flatten\u_sq_engine.$procmux$5887_Y [0] $flatten\u_sq_engine.$procmux$5887_Y [0] $flatten\u_sq_engine.$procmux$5887_Y [0] $flatten\u_sq_engine.$procmux$5887_Y [0] $flatten\u_sq_engine.$procmux$5887_Y [0] $flatten\u_sq_engine.$procmux$5887_Y [0] $flatten\u_sq_engine.$procmux$5887_Y [0] $flatten\u_sq_engine.$procmux$5887_Y [0] $flatten\u_sq_engine.$procmux$5887_Y [0] $flatten\u_sq_engine.$procmux$5887_Y [0] $flatten\u_sq_engine.$procmux$5887_Y [0] $flatten\u_sq_engine.$procmux$5887_Y [0] $flatten\u_sq_engine.$procmux$5887_Y [0] $flatten\u_sq_engine.$procmux$5887_Y [0] $flatten\u_sq_engine.$procmux$5887_Y [0] $flatten\u_sq_engine.$procmux$5887_Y [0] $flatten\u_sq_engine.$procmux$5887_Y [0] $flatten\u_sq_engine.$procmux$5887_Y [0] $flatten\u_sq_engine.$procmux$5887_Y [0] $flatten\u_sq_engine.$procmux$5887_Y [0] $flatten\u_sq_engine.$procmux$5887_Y [0] $flatten\u_sq_engine.$procmux$5887_Y [0] $flatten\u_sq_engine.$procmux$5887_Y [0] $flatten\u_sq_engine.$procmux$5887_Y [0] $flatten\u_sq_engine.$procmux$5887_Y [0] $flatten\u_sq_engine.$procmux$5887_Y [0] $flatten\u_sq_engine.$procmux$5887_Y [0] $flatten\u_sq_engine.$procmux$5887_Y [0] }
    Consolidated identical input bits for $mux cell $flatten\u_sq_engine.$procmux$6508:
      Old ports: A=6'000000, B=$flatten\u_sq_engine.$2$memwr$\cid_counter$src/sq_engine.v:185$1557_EN[5:0]$1804, Y=$flatten\u_sq_engine.$0$memwr$\cid_counter$src/sq_engine.v:185$1557_EN[5:0]$1673
      New ports: A=1'0, B=$flatten\u_sq_engine.$procmux$6004_Y [0], Y=$flatten\u_sq_engine.$0$memwr$\cid_counter$src/sq_engine.v:185$1557_EN[5:0]$1673 [0]
      New connections: $flatten\u_sq_engine.$0$memwr$\cid_counter$src/sq_engine.v:185$1557_EN[5:0]$1673 [5:1] = { $flatten\u_sq_engine.$0$memwr$\cid_counter$src/sq_engine.v:185$1557_EN[5:0]$1673 [0] $flatten\u_sq_engine.$0$memwr$\cid_counter$src/sq_engine.v:185$1557_EN[5:0]$1673 [0] $flatten\u_sq_engine.$0$memwr$\cid_counter$src/sq_engine.v:185$1557_EN[5:0]$1673 [0] $flatten\u_sq_engine.$0$memwr$\cid_counter$src/sq_engine.v:185$1557_EN[5:0]$1673 [0] $flatten\u_sq_engine.$0$memwr$\cid_counter$src/sq_engine.v:185$1557_EN[5:0]$1673 [0] }
  Optimizing cells in module \io_uncore_top.
    Consolidated identical input bits for $mux cell $flatten\u_cq_engine.$procmux$4973:
      Old ports: A=4'0000, B=$flatten\u_cq_engine.$2$memwr$\batch_count$src/cq_engine.v:167$1902_EN[3:0]$2237, Y=$flatten\u_cq_engine.$0$memwr$\batch_count$src/cq_engine.v:167$1902_EN[3:0]$2188
      New ports: A=1'0, B=$flatten\u_cq_engine.$procmux$4775_Y [0], Y=$flatten\u_cq_engine.$0$memwr$\batch_count$src/cq_engine.v:167$1902_EN[3:0]$2188 [0]
      New connections: $flatten\u_cq_engine.$0$memwr$\batch_count$src/cq_engine.v:167$1902_EN[3:0]$2188 [3:1] = { $flatten\u_cq_engine.$0$memwr$\batch_count$src/cq_engine.v:167$1902_EN[3:0]$2188 [0] $flatten\u_cq_engine.$0$memwr$\batch_count$src/cq_engine.v:167$1902_EN[3:0]$2188 [0] $flatten\u_cq_engine.$0$memwr$\batch_count$src/cq_engine.v:167$1902_EN[3:0]$2188 [0] }
    Consolidated identical input bits for $mux cell $flatten\u_cq_engine.$procmux$4982:
      Old ports: A=6'000000, B=$flatten\u_cq_engine.$2$memwr$\cq_tail$src/cq_engine.v:165$1901_EN[5:0]$2234, Y=$flatten\u_cq_engine.$0$memwr$\cq_tail$src/cq_engine.v:165$1901_EN[5:0]$2185
      New ports: A=1'0, B=$flatten\u_cq_engine.$procmux$4802_Y [0], Y=$flatten\u_cq_engine.$0$memwr$\cq_tail$src/cq_engine.v:165$1901_EN[5:0]$2185 [0]
      New connections: $flatten\u_cq_engine.$0$memwr$\cq_tail$src/cq_engine.v:165$1901_EN[5:0]$2185 [5:1] = { $flatten\u_cq_engine.$0$memwr$\cq_tail$src/cq_engine.v:165$1901_EN[5:0]$2185 [0] $flatten\u_cq_engine.$0$memwr$\cq_tail$src/cq_engine.v:165$1901_EN[5:0]$2185 [0] $flatten\u_cq_engine.$0$memwr$\cq_tail$src/cq_engine.v:165$1901_EN[5:0]$2185 [0] $flatten\u_cq_engine.$0$memwr$\cq_tail$src/cq_engine.v:165$1901_EN[5:0]$2185 [0] $flatten\u_cq_engine.$0$memwr$\cq_tail$src/cq_engine.v:165$1901_EN[5:0]$2185 [0] }
    Consolidated identical input bits for $mux cell $flatten\u_sq_engine.$procmux$6559:
      Old ports: A=64'0000000000000000000000000000000000000000000000000000000000000000, B=$flatten\u_sq_engine.$2$memwr$\latch_w1$src/sq_engine.v:158$1546_EN[63:0]$1787, Y=$flatten\u_sq_engine.$0$memwr$\latch_w1$src/sq_engine.v:158$1546_EN[63:0]$1656
      New ports: A=1'0, B=$flatten\u_sq_engine.$procmux$6202_Y [0], Y=$flatten\u_sq_engine.$0$memwr$\latch_w1$src/sq_engine.v:158$1546_EN[63:0]$1656 [0]
      New connections: $flatten\u_sq_engine.$0$memwr$\latch_w1$src/sq_engine.v:158$1546_EN[63:0]$1656 [63:1] = { $flatten\u_sq_engine.$0$memwr$\latch_w1$src/sq_engine.v:158$1546_EN[63:0]$1656 [0] $flatten\u_sq_engine.$0$memwr$\latch_w1$src/sq_engine.v:158$1546_EN[63:0]$1656 [0] $flatten\u_sq_engine.$0$memwr$\latch_w1$src/sq_engine.v:158$1546_EN[63:0]$1656 [0] $flatten\u_sq_engine.$0$memwr$\latch_w1$src/sq_engine.v:158$1546_EN[63:0]$1656 [0] $flatten\u_sq_engine.$0$memwr$\latch_w1$src/sq_engine.v:158$1546_EN[63:0]$1656 [0] $flatten\u_sq_engine.$0$memwr$\latch_w1$src/sq_engine.v:158$1546_EN[63:0]$1656 [0] $flatten\u_sq_engine.$0$memwr$\latch_w1$src/sq_engine.v:158$1546_EN[63:0]$1656 [0] $flatten\u_sq_engine.$0$memwr$\latch_w1$src/sq_engine.v:158$1546_EN[63:0]$1656 [0] $flatten\u_sq_engine.$0$memwr$\latch_w1$src/sq_engine.v:158$1546_EN[63:0]$1656 [0] $flatten\u_sq_engine.$0$memwr$\latch_w1$src/sq_engine.v:158$1546_EN[63:0]$1656 [0] $flatten\u_sq_engine.$0$memwr$\latch_w1$src/sq_engine.v:158$1546_EN[63:0]$1656 [0] $flatten\u_sq_engine.$0$memwr$\latch_w1$src/sq_engine.v:158$1546_EN[63:0]$1656 [0] $flatten\u_sq_engine.$0$memwr$\latch_w1$src/sq_engine.v:158$1546_EN[63:0]$1656 [0] $flatten\u_sq_engine.$0$memwr$\latch_w1$src/sq_engine.v:158$1546_EN[63:0]$1656 [0] $flatten\u_sq_engine.$0$memwr$\latch_w1$src/sq_engine.v:158$1546_EN[63:0]$1656 [0] $flatten\u_sq_engine.$0$memwr$\latch_w1$src/sq_engine.v:158$1546_EN[63:0]$1656 [0] $flatten\u_sq_engine.$0$memwr$\latch_w1$src/sq_engine.v:158$1546_EN[63:0]$1656 [0] $flatten\u_sq_engine.$0$memwr$\latch_w1$src/sq_engine.v:158$1546_EN[63:0]$1656 [0] $flatten\u_sq_engine.$0$memwr$\latch_w1$src/sq_engine.v:158$1546_EN[63:0]$1656 [0] $flatten\u_sq_engine.$0$memwr$\latch_w1$src/sq_engine.v:158$1546_EN[63:0]$1656 [0] $flatten\u_sq_engine.$0$memwr$\latch_w1$src/sq_engine.v:158$1546_EN[63:0]$1656 [0] $flatten\u_sq_engine.$0$memwr$\latch_w1$src/sq_engine.v:158$1546_EN[63:0]$1656 [0] $flatten\u_sq_engine.$0$memwr$\latch_w1$src/sq_engine.v:158$1546_EN[63:0]$1656 [0] $flatten\u_sq_engine.$0$memwr$\latch_w1$src/sq_engine.v:158$1546_EN[63:0]$1656 [0] $flatten\u_sq_engine.$0$memwr$\latch_w1$src/sq_engine.v:158$1546_EN[63:0]$1656 [0] $flatten\u_sq_engine.$0$memwr$\latch_w1$src/sq_engine.v:158$1546_EN[63:0]$1656 [0] $flatten\u_sq_engine.$0$memwr$\latch_w1$src/sq_engine.v:158$1546_EN[63:0]$1656 [0] $flatten\u_sq_engine.$0$memwr$\latch_w1$src/sq_engine.v:158$1546_EN[63:0]$1656 [0] $flatten\u_sq_engine.$0$memwr$\latch_w1$src/sq_engine.v:158$1546_EN[63:0]$1656 [0] $flatten\u_sq_engine.$0$memwr$\latch_w1$src/sq_engine.v:158$1546_EN[63:0]$1656 [0] $flatten\u_sq_engine.$0$memwr$\latch_w1$src/sq_engine.v:158$1546_EN[63:0]$1656 [0] $flatten\u_sq_engine.$0$memwr$\latch_w1$src/sq_engine.v:158$1546_EN[63:0]$1656 [0] $flatten\u_sq_engine.$0$memwr$\latch_w1$src/sq_engine.v:158$1546_EN[63:0]$1656 [0] $flatten\u_sq_engine.$0$memwr$\latch_w1$src/sq_engine.v:158$1546_EN[63:0]$1656 [0] $flatten\u_sq_engine.$0$memwr$\latch_w1$src/sq_engine.v:158$1546_EN[63:0]$1656 [0] $flatten\u_sq_engine.$0$memwr$\latch_w1$src/sq_engine.v:158$1546_EN[63:0]$1656 [0] $flatten\u_sq_engine.$0$memwr$\latch_w1$src/sq_engine.v:158$1546_EN[63:0]$1656 [0] $flatten\u_sq_engine.$0$memwr$\latch_w1$src/sq_engine.v:158$1546_EN[63:0]$1656 [0] $flatten\u_sq_engine.$0$memwr$\latch_w1$src/sq_engine.v:158$1546_EN[63:0]$1656 [0] $flatten\u_sq_engine.$0$memwr$\latch_w1$src/sq_engine.v:158$1546_EN[63:0]$1656 [0] $flatten\u_sq_engine.$0$memwr$\latch_w1$src/sq_engine.v:158$1546_EN[63:0]$1656 [0] $flatten\u_sq_engine.$0$memwr$\latch_w1$src/sq_engine.v:158$1546_EN[63:0]$1656 [0] $flatten\u_sq_engine.$0$memwr$\latch_w1$src/sq_engine.v:158$1546_EN[63:0]$1656 [0] $flatten\u_sq_engine.$0$memwr$\latch_w1$src/sq_engine.v:158$1546_EN[63:0]$1656 [0] $flatten\u_sq_engine.$0$memwr$\latch_w1$src/sq_engine.v:158$1546_EN[63:0]$1656 [0] $flatten\u_sq_engine.$0$memwr$\latch_w1$src/sq_engine.v:158$1546_EN[63:0]$1656 [0] $flatten\u_sq_engine.$0$memwr$\latch_w1$src/sq_engine.v:158$1546_EN[63:0]$1656 [0] $flatten\u_sq_engine.$0$memwr$\latch_w1$src/sq_engine.v:158$1546_EN[63:0]$1656 [0] $flatten\u_sq_engine.$0$memwr$\latch_w1$src/sq_engine.v:158$1546_EN[63:0]$1656 [0] $flatten\u_sq_engine.$0$memwr$\latch_w1$src/sq_engine.v:158$1546_EN[63:0]$1656 [0] $flatten\u_sq_engine.$0$memwr$\latch_w1$src/sq_engine.v:158$1546_EN[63:0]$1656 [0] $flatten\u_sq_engine.$0$memwr$\latch_w1$src/sq_engine.v:158$1546_EN[63:0]$1656 [0] $flatten\u_sq_engine.$0$memwr$\latch_w1$src/sq_engine.v:158$1546_EN[63:0]$1656 [0] $flatten\u_sq_engine.$0$memwr$\latch_w1$src/sq_engine.v:158$1546_EN[63:0]$1656 [0] $flatten\u_sq_engine.$0$memwr$\latch_w1$src/sq_engine.v:158$1546_EN[63:0]$1656 [0] $flatten\u_sq_engine.$0$memwr$\latch_w1$src/sq_engine.v:158$1546_EN[63:0]$1656 [0] $flatten\u_sq_engine.$0$memwr$\latch_w1$src/sq_engine.v:158$1546_EN[63:0]$1656 [0] $flatten\u_sq_engine.$0$memwr$\latch_w1$src/sq_engine.v:158$1546_EN[63:0]$1656 [0] $flatten\u_sq_engine.$0$memwr$\latch_w1$src/sq_engine.v:158$1546_EN[63:0]$1656 [0] $flatten\u_sq_engine.$0$memwr$\latch_w1$src/sq_engine.v:158$1546_EN[63:0]$1656 [0] $flatten\u_sq_engine.$0$memwr$\latch_w1$src/sq_engine.v:158$1546_EN[63:0]$1656 [0] $flatten\u_sq_engine.$0$memwr$\latch_w1$src/sq_engine.v:158$1546_EN[63:0]$1656 [0] $flatten\u_sq_engine.$0$memwr$\latch_w1$src/sq_engine.v:158$1546_EN[63:0]$1656 [0] }
    Consolidated identical input bits for $mux cell $flatten\u_sq_engine.$procmux$6544:
      Old ports: A=64'0000000000000000000000000000000000000000000000000000000000000000, B=$flatten\u_sq_engine.$2$memwr$\latch_w2$src/sq_engine.v:167$1548_EN[63:0]$1792, Y=$flatten\u_sq_engine.$0$memwr$\latch_w2$src/sq_engine.v:167$1548_EN[63:0]$1661
      New ports: A=1'0, B=$flatten\u_sq_engine.$procmux$6139_Y [0], Y=$flatten\u_sq_engine.$0$memwr$\latch_w2$src/sq_engine.v:167$1548_EN[63:0]$1661 [0]
      New connections: $flatten\u_sq_engine.$0$memwr$\latch_w2$src/sq_engine.v:167$1548_EN[63:0]$1661 [63:1] = { $flatten\u_sq_engine.$0$memwr$\latch_w2$src/sq_engine.v:167$1548_EN[63:0]$1661 [0] $flatten\u_sq_engine.$0$memwr$\latch_w2$src/sq_engine.v:167$1548_EN[63:0]$1661 [0] $flatten\u_sq_engine.$0$memwr$\latch_w2$src/sq_engine.v:167$1548_EN[63:0]$1661 [0] $flatten\u_sq_engine.$0$memwr$\latch_w2$src/sq_engine.v:167$1548_EN[63:0]$1661 [0] $flatten\u_sq_engine.$0$memwr$\latch_w2$src/sq_engine.v:167$1548_EN[63:0]$1661 [0] $flatten\u_sq_engine.$0$memwr$\latch_w2$src/sq_engine.v:167$1548_EN[63:0]$1661 [0] $flatten\u_sq_engine.$0$memwr$\latch_w2$src/sq_engine.v:167$1548_EN[63:0]$1661 [0] $flatten\u_sq_engine.$0$memwr$\latch_w2$src/sq_engine.v:167$1548_EN[63:0]$1661 [0] $flatten\u_sq_engine.$0$memwr$\latch_w2$src/sq_engine.v:167$1548_EN[63:0]$1661 [0] $flatten\u_sq_engine.$0$memwr$\latch_w2$src/sq_engine.v:167$1548_EN[63:0]$1661 [0] $flatten\u_sq_engine.$0$memwr$\latch_w2$src/sq_engine.v:167$1548_EN[63:0]$1661 [0] $flatten\u_sq_engine.$0$memwr$\latch_w2$src/sq_engine.v:167$1548_EN[63:0]$1661 [0] $flatten\u_sq_engine.$0$memwr$\latch_w2$src/sq_engine.v:167$1548_EN[63:0]$1661 [0] $flatten\u_sq_engine.$0$memwr$\latch_w2$src/sq_engine.v:167$1548_EN[63:0]$1661 [0] $flatten\u_sq_engine.$0$memwr$\latch_w2$src/sq_engine.v:167$1548_EN[63:0]$1661 [0] $flatten\u_sq_engine.$0$memwr$\latch_w2$src/sq_engine.v:167$1548_EN[63:0]$1661 [0] $flatten\u_sq_engine.$0$memwr$\latch_w2$src/sq_engine.v:167$1548_EN[63:0]$1661 [0] $flatten\u_sq_engine.$0$memwr$\latch_w2$src/sq_engine.v:167$1548_EN[63:0]$1661 [0] $flatten\u_sq_engine.$0$memwr$\latch_w2$src/sq_engine.v:167$1548_EN[63:0]$1661 [0] $flatten\u_sq_engine.$0$memwr$\latch_w2$src/sq_engine.v:167$1548_EN[63:0]$1661 [0] $flatten\u_sq_engine.$0$memwr$\latch_w2$src/sq_engine.v:167$1548_EN[63:0]$1661 [0] $flatten\u_sq_engine.$0$memwr$\latch_w2$src/sq_engine.v:167$1548_EN[63:0]$1661 [0] $flatten\u_sq_engine.$0$memwr$\latch_w2$src/sq_engine.v:167$1548_EN[63:0]$1661 [0] $flatten\u_sq_engine.$0$memwr$\latch_w2$src/sq_engine.v:167$1548_EN[63:0]$1661 [0] $flatten\u_sq_engine.$0$memwr$\latch_w2$src/sq_engine.v:167$1548_EN[63:0]$1661 [0] $flatten\u_sq_engine.$0$memwr$\latch_w2$src/sq_engine.v:167$1548_EN[63:0]$1661 [0] $flatten\u_sq_engine.$0$memwr$\latch_w2$src/sq_engine.v:167$1548_EN[63:0]$1661 [0] $flatten\u_sq_engine.$0$memwr$\latch_w2$src/sq_engine.v:167$1548_EN[63:0]$1661 [0] $flatten\u_sq_engine.$0$memwr$\latch_w2$src/sq_engine.v:167$1548_EN[63:0]$1661 [0] $flatten\u_sq_engine.$0$memwr$\latch_w2$src/sq_engine.v:167$1548_EN[63:0]$1661 [0] $flatten\u_sq_engine.$0$memwr$\latch_w2$src/sq_engine.v:167$1548_EN[63:0]$1661 [0] $flatten\u_sq_engine.$0$memwr$\latch_w2$src/sq_engine.v:167$1548_EN[63:0]$1661 [0] $flatten\u_sq_engine.$0$memwr$\latch_w2$src/sq_engine.v:167$1548_EN[63:0]$1661 [0] $flatten\u_sq_engine.$0$memwr$\latch_w2$src/sq_engine.v:167$1548_EN[63:0]$1661 [0] $flatten\u_sq_engine.$0$memwr$\latch_w2$src/sq_engine.v:167$1548_EN[63:0]$1661 [0] $flatten\u_sq_engine.$0$memwr$\latch_w2$src/sq_engine.v:167$1548_EN[63:0]$1661 [0] $flatten\u_sq_engine.$0$memwr$\latch_w2$src/sq_engine.v:167$1548_EN[63:0]$1661 [0] $flatten\u_sq_engine.$0$memwr$\latch_w2$src/sq_engine.v:167$1548_EN[63:0]$1661 [0] $flatten\u_sq_engine.$0$memwr$\latch_w2$src/sq_engine.v:167$1548_EN[63:0]$1661 [0] $flatten\u_sq_engine.$0$memwr$\latch_w2$src/sq_engine.v:167$1548_EN[63:0]$1661 [0] $flatten\u_sq_engine.$0$memwr$\latch_w2$src/sq_engine.v:167$1548_EN[63:0]$1661 [0] $flatten\u_sq_engine.$0$memwr$\latch_w2$src/sq_engine.v:167$1548_EN[63:0]$1661 [0] $flatten\u_sq_engine.$0$memwr$\latch_w2$src/sq_engine.v:167$1548_EN[63:0]$1661 [0] $flatten\u_sq_engine.$0$memwr$\latch_w2$src/sq_engine.v:167$1548_EN[63:0]$1661 [0] $flatten\u_sq_engine.$0$memwr$\latch_w2$src/sq_engine.v:167$1548_EN[63:0]$1661 [0] $flatten\u_sq_engine.$0$memwr$\latch_w2$src/sq_engine.v:167$1548_EN[63:0]$1661 [0] $flatten\u_sq_engine.$0$memwr$\latch_w2$src/sq_engine.v:167$1548_EN[63:0]$1661 [0] $flatten\u_sq_engine.$0$memwr$\latch_w2$src/sq_engine.v:167$1548_EN[63:0]$1661 [0] $flatten\u_sq_engine.$0$memwr$\latch_w2$src/sq_engine.v:167$1548_EN[63:0]$1661 [0] $flatten\u_sq_engine.$0$memwr$\latch_w2$src/sq_engine.v:167$1548_EN[63:0]$1661 [0] $flatten\u_sq_engine.$0$memwr$\latch_w2$src/sq_engine.v:167$1548_EN[63:0]$1661 [0] $flatten\u_sq_engine.$0$memwr$\latch_w2$src/sq_engine.v:167$1548_EN[63:0]$1661 [0] $flatten\u_sq_engine.$0$memwr$\latch_w2$src/sq_engine.v:167$1548_EN[63:0]$1661 [0] $flatten\u_sq_engine.$0$memwr$\latch_w2$src/sq_engine.v:167$1548_EN[63:0]$1661 [0] $flatten\u_sq_engine.$0$memwr$\latch_w2$src/sq_engine.v:167$1548_EN[63:0]$1661 [0] $flatten\u_sq_engine.$0$memwr$\latch_w2$src/sq_engine.v:167$1548_EN[63:0]$1661 [0] $flatten\u_sq_engine.$0$memwr$\latch_w2$src/sq_engine.v:167$1548_EN[63:0]$1661 [0] $flatten\u_sq_engine.$0$memwr$\latch_w2$src/sq_engine.v:167$1548_EN[63:0]$1661 [0] $flatten\u_sq_engine.$0$memwr$\latch_w2$src/sq_engine.v:167$1548_EN[63:0]$1661 [0] $flatten\u_sq_engine.$0$memwr$\latch_w2$src/sq_engine.v:167$1548_EN[63:0]$1661 [0] $flatten\u_sq_engine.$0$memwr$\latch_w2$src/sq_engine.v:167$1548_EN[63:0]$1661 [0] $flatten\u_sq_engine.$0$memwr$\latch_w2$src/sq_engine.v:167$1548_EN[63:0]$1661 [0] $flatten\u_sq_engine.$0$memwr$\latch_w2$src/sq_engine.v:167$1548_EN[63:0]$1661 [0] }
    Consolidated identical input bits for $mux cell $flatten\u_sq_engine.$procmux$5965:
      Old ports: A=64'0000000000000000000000000000000000000000000000000000000000000000, B=$flatten\u_sq_engine.$3$memwr$\latch_w0$src/sq_engine.v:148$1544_EN[63:0]$1807, Y=$flatten\u_sq_engine.$procmux$5965_Y
      New ports: A=1'0, B=$flatten\u_sq_engine.$procmux$5887_Y [0], Y=$flatten\u_sq_engine.$procmux$5965_Y [0]
      New connections: $flatten\u_sq_engine.$procmux$5965_Y [63:1] = { $flatten\u_sq_engine.$procmux$5965_Y [0] $flatten\u_sq_engine.$procmux$5965_Y [0] $flatten\u_sq_engine.$procmux$5965_Y [0] $flatten\u_sq_engine.$procmux$5965_Y [0] $flatten\u_sq_engine.$procmux$5965_Y [0] $flatten\u_sq_engine.$procmux$5965_Y [0] $flatten\u_sq_engine.$procmux$5965_Y [0] $flatten\u_sq_engine.$procmux$5965_Y [0] $flatten\u_sq_engine.$procmux$5965_Y [0] $flatten\u_sq_engine.$procmux$5965_Y [0] $flatten\u_sq_engine.$procmux$5965_Y [0] $flatten\u_sq_engine.$procmux$5965_Y [0] $flatten\u_sq_engine.$procmux$5965_Y [0] $flatten\u_sq_engine.$procmux$5965_Y [0] $flatten\u_sq_engine.$procmux$5965_Y [0] $flatten\u_sq_engine.$procmux$5965_Y [0] $flatten\u_sq_engine.$procmux$5965_Y [0] $flatten\u_sq_engine.$procmux$5965_Y [0] $flatten\u_sq_engine.$procmux$5965_Y [0] $flatten\u_sq_engine.$procmux$5965_Y [0] $flatten\u_sq_engine.$procmux$5965_Y [0] $flatten\u_sq_engine.$procmux$5965_Y [0] $flatten\u_sq_engine.$procmux$5965_Y [0] $flatten\u_sq_engine.$procmux$5965_Y [0] $flatten\u_sq_engine.$procmux$5965_Y [0] $flatten\u_sq_engine.$procmux$5965_Y [0] $flatten\u_sq_engine.$procmux$5965_Y [0] $flatten\u_sq_engine.$procmux$5965_Y [0] $flatten\u_sq_engine.$procmux$5965_Y [0] $flatten\u_sq_engine.$procmux$5965_Y [0] $flatten\u_sq_engine.$procmux$5965_Y [0] $flatten\u_sq_engine.$procmux$5965_Y [0] $flatten\u_sq_engine.$procmux$5965_Y [0] $flatten\u_sq_engine.$procmux$5965_Y [0] $flatten\u_sq_engine.$procmux$5965_Y [0] $flatten\u_sq_engine.$procmux$5965_Y [0] $flatten\u_sq_engine.$procmux$5965_Y [0] $flatten\u_sq_engine.$procmux$5965_Y [0] $flatten\u_sq_engine.$procmux$5965_Y [0] $flatten\u_sq_engine.$procmux$5965_Y [0] $flatten\u_sq_engine.$procmux$5965_Y [0] $flatten\u_sq_engine.$procmux$5965_Y [0] $flatten\u_sq_engine.$procmux$5965_Y [0] $flatten\u_sq_engine.$procmux$5965_Y [0] $flatten\u_sq_engine.$procmux$5965_Y [0] $flatten\u_sq_engine.$procmux$5965_Y [0] $flatten\u_sq_engine.$procmux$5965_Y [0] $flatten\u_sq_engine.$procmux$5965_Y [0] $flatten\u_sq_engine.$procmux$5965_Y [0] $flatten\u_sq_engine.$procmux$5965_Y [0] $flatten\u_sq_engine.$procmux$5965_Y [0] $flatten\u_sq_engine.$procmux$5965_Y [0] $flatten\u_sq_engine.$procmux$5965_Y [0] $flatten\u_sq_engine.$procmux$5965_Y [0] $flatten\u_sq_engine.$procmux$5965_Y [0] $flatten\u_sq_engine.$procmux$5965_Y [0] $flatten\u_sq_engine.$procmux$5965_Y [0] $flatten\u_sq_engine.$procmux$5965_Y [0] $flatten\u_sq_engine.$procmux$5965_Y [0] $flatten\u_sq_engine.$procmux$5965_Y [0] $flatten\u_sq_engine.$procmux$5965_Y [0] $flatten\u_sq_engine.$procmux$5965_Y [0] $flatten\u_sq_engine.$procmux$5965_Y [0] }
    Consolidated identical input bits for $mux cell $flatten\u_db_coalescer.$procmux$4194:
      Old ports: A=3'000, B=$flatten\u_db_coalescer.$2$memwr$\db_count$src/db_coalescer.v:105$2409_EN[2:0]$2699, Y=$flatten\u_db_coalescer.$0$memwr$\db_count$src/db_coalescer.v:105$2409_EN[2:0]$2620
      New ports: A=1'0, B=$flatten\u_db_coalescer.$procmux$3917_Y [0], Y=$flatten\u_db_coalescer.$0$memwr$\db_count$src/db_coalescer.v:105$2409_EN[2:0]$2620 [0]
      New connections: $flatten\u_db_coalescer.$0$memwr$\db_count$src/db_coalescer.v:105$2409_EN[2:0]$2620 [2:1] = { $flatten\u_db_coalescer.$0$memwr$\db_count$src/db_coalescer.v:105$2409_EN[2:0]$2620 [0] $flatten\u_db_coalescer.$0$memwr$\db_count$src/db_coalescer.v:105$2409_EN[2:0]$2620 [0] }
    Consolidated identical input bits for $mux cell $flatten\u_db_coalescer.$procmux$4212:
      Old ports: A=16'0000000000000000, B=$flatten\u_db_coalescer.$2$memwr$\latest_tail$src/db_coalescer.v:103$2407_EN[15:0]$2693, Y=$flatten\u_db_coalescer.$0$memwr$\latest_tail$src/db_coalescer.v:103$2407_EN[15:0]$2614
      New ports: A=1'0, B=$flatten\u_db_coalescer.$procmux$3965_Y [0], Y=$flatten\u_db_coalescer.$0$memwr$\latest_tail$src/db_coalescer.v:103$2407_EN[15:0]$2614 [0]
      New connections: $flatten\u_db_coalescer.$0$memwr$\latest_tail$src/db_coalescer.v:103$2407_EN[15:0]$2614 [15:1] = { $flatten\u_db_coalescer.$0$memwr$\latest_tail$src/db_coalescer.v:103$2407_EN[15:0]$2614 [0] $flatten\u_db_coalescer.$0$memwr$\latest_tail$src/db_coalescer.v:103$2407_EN[15:0]$2614 [0] $flatten\u_db_coalescer.$0$memwr$\latest_tail$src/db_coalescer.v:103$2407_EN[15:0]$2614 [0] $flatten\u_db_coalescer.$0$memwr$\latest_tail$src/db_coalescer.v:103$2407_EN[15:0]$2614 [0] $flatten\u_db_coalescer.$0$memwr$\latest_tail$src/db_coalescer.v:103$2407_EN[15:0]$2614 [0] $flatten\u_db_coalescer.$0$memwr$\latest_tail$src/db_coalescer.v:103$2407_EN[15:0]$2614 [0] $flatten\u_db_coalescer.$0$memwr$\latest_tail$src/db_coalescer.v:103$2407_EN[15:0]$2614 [0] $flatten\u_db_coalescer.$0$memwr$\latest_tail$src/db_coalescer.v:103$2407_EN[15:0]$2614 [0] $flatten\u_db_coalescer.$0$memwr$\latest_tail$src/db_coalescer.v:103$2407_EN[15:0]$2614 [0] $flatten\u_db_coalescer.$0$memwr$\latest_tail$src/db_coalescer.v:103$2407_EN[15:0]$2614 [0] $flatten\u_db_coalescer.$0$memwr$\latest_tail$src/db_coalescer.v:103$2407_EN[15:0]$2614 [0] $flatten\u_db_coalescer.$0$memwr$\latest_tail$src/db_coalescer.v:103$2407_EN[15:0]$2614 [0] $flatten\u_db_coalescer.$0$memwr$\latest_tail$src/db_coalescer.v:103$2407_EN[15:0]$2614 [0] $flatten\u_db_coalescer.$0$memwr$\latest_tail$src/db_coalescer.v:103$2407_EN[15:0]$2614 [0] $flatten\u_db_coalescer.$0$memwr$\latest_tail$src/db_coalescer.v:103$2407_EN[15:0]$2614 [0] }
  Optimizing cells in module \io_uncore_top.
    Consolidated identical input bits for $mux cell $flatten\u_sq_engine.$procmux$6574:
      Old ports: A=64'0000000000000000000000000000000000000000000000000000000000000000, B=$flatten\u_sq_engine.$2$memwr$\latch_w0$src/sq_engine.v:148$1544_EN[63:0]$1782, Y=$flatten\u_sq_engine.$0$memwr$\latch_w0$src/sq_engine.v:148$1544_EN[63:0]$1651
      New ports: A=1'0, B=$flatten\u_sq_engine.$procmux$5965_Y [0], Y=$flatten\u_sq_engine.$0$memwr$\latch_w0$src/sq_engine.v:148$1544_EN[63:0]$1651 [0]
      New connections: $flatten\u_sq_engine.$0$memwr$\latch_w0$src/sq_engine.v:148$1544_EN[63:0]$1651 [63:1] = { $flatten\u_sq_engine.$0$memwr$\latch_w0$src/sq_engine.v:148$1544_EN[63:0]$1651 [0] $flatten\u_sq_engine.$0$memwr$\latch_w0$src/sq_engine.v:148$1544_EN[63:0]$1651 [0] $flatten\u_sq_engine.$0$memwr$\latch_w0$src/sq_engine.v:148$1544_EN[63:0]$1651 [0] $flatten\u_sq_engine.$0$memwr$\latch_w0$src/sq_engine.v:148$1544_EN[63:0]$1651 [0] $flatten\u_sq_engine.$0$memwr$\latch_w0$src/sq_engine.v:148$1544_EN[63:0]$1651 [0] $flatten\u_sq_engine.$0$memwr$\latch_w0$src/sq_engine.v:148$1544_EN[63:0]$1651 [0] $flatten\u_sq_engine.$0$memwr$\latch_w0$src/sq_engine.v:148$1544_EN[63:0]$1651 [0] $flatten\u_sq_engine.$0$memwr$\latch_w0$src/sq_engine.v:148$1544_EN[63:0]$1651 [0] $flatten\u_sq_engine.$0$memwr$\latch_w0$src/sq_engine.v:148$1544_EN[63:0]$1651 [0] $flatten\u_sq_engine.$0$memwr$\latch_w0$src/sq_engine.v:148$1544_EN[63:0]$1651 [0] $flatten\u_sq_engine.$0$memwr$\latch_w0$src/sq_engine.v:148$1544_EN[63:0]$1651 [0] $flatten\u_sq_engine.$0$memwr$\latch_w0$src/sq_engine.v:148$1544_EN[63:0]$1651 [0] $flatten\u_sq_engine.$0$memwr$\latch_w0$src/sq_engine.v:148$1544_EN[63:0]$1651 [0] $flatten\u_sq_engine.$0$memwr$\latch_w0$src/sq_engine.v:148$1544_EN[63:0]$1651 [0] $flatten\u_sq_engine.$0$memwr$\latch_w0$src/sq_engine.v:148$1544_EN[63:0]$1651 [0] $flatten\u_sq_engine.$0$memwr$\latch_w0$src/sq_engine.v:148$1544_EN[63:0]$1651 [0] $flatten\u_sq_engine.$0$memwr$\latch_w0$src/sq_engine.v:148$1544_EN[63:0]$1651 [0] $flatten\u_sq_engine.$0$memwr$\latch_w0$src/sq_engine.v:148$1544_EN[63:0]$1651 [0] $flatten\u_sq_engine.$0$memwr$\latch_w0$src/sq_engine.v:148$1544_EN[63:0]$1651 [0] $flatten\u_sq_engine.$0$memwr$\latch_w0$src/sq_engine.v:148$1544_EN[63:0]$1651 [0] $flatten\u_sq_engine.$0$memwr$\latch_w0$src/sq_engine.v:148$1544_EN[63:0]$1651 [0] $flatten\u_sq_engine.$0$memwr$\latch_w0$src/sq_engine.v:148$1544_EN[63:0]$1651 [0] $flatten\u_sq_engine.$0$memwr$\latch_w0$src/sq_engine.v:148$1544_EN[63:0]$1651 [0] $flatten\u_sq_engine.$0$memwr$\latch_w0$src/sq_engine.v:148$1544_EN[63:0]$1651 [0] $flatten\u_sq_engine.$0$memwr$\latch_w0$src/sq_engine.v:148$1544_EN[63:0]$1651 [0] $flatten\u_sq_engine.$0$memwr$\latch_w0$src/sq_engine.v:148$1544_EN[63:0]$1651 [0] $flatten\u_sq_engine.$0$memwr$\latch_w0$src/sq_engine.v:148$1544_EN[63:0]$1651 [0] $flatten\u_sq_engine.$0$memwr$\latch_w0$src/sq_engine.v:148$1544_EN[63:0]$1651 [0] $flatten\u_sq_engine.$0$memwr$\latch_w0$src/sq_engine.v:148$1544_EN[63:0]$1651 [0] $flatten\u_sq_engine.$0$memwr$\latch_w0$src/sq_engine.v:148$1544_EN[63:0]$1651 [0] $flatten\u_sq_engine.$0$memwr$\latch_w0$src/sq_engine.v:148$1544_EN[63:0]$1651 [0] $flatten\u_sq_engine.$0$memwr$\latch_w0$src/sq_engine.v:148$1544_EN[63:0]$1651 [0] $flatten\u_sq_engine.$0$memwr$\latch_w0$src/sq_engine.v:148$1544_EN[63:0]$1651 [0] $flatten\u_sq_engine.$0$memwr$\latch_w0$src/sq_engine.v:148$1544_EN[63:0]$1651 [0] $flatten\u_sq_engine.$0$memwr$\latch_w0$src/sq_engine.v:148$1544_EN[63:0]$1651 [0] $flatten\u_sq_engine.$0$memwr$\latch_w0$src/sq_engine.v:148$1544_EN[63:0]$1651 [0] $flatten\u_sq_engine.$0$memwr$\latch_w0$src/sq_engine.v:148$1544_EN[63:0]$1651 [0] $flatten\u_sq_engine.$0$memwr$\latch_w0$src/sq_engine.v:148$1544_EN[63:0]$1651 [0] $flatten\u_sq_engine.$0$memwr$\latch_w0$src/sq_engine.v:148$1544_EN[63:0]$1651 [0] $flatten\u_sq_engine.$0$memwr$\latch_w0$src/sq_engine.v:148$1544_EN[63:0]$1651 [0] $flatten\u_sq_engine.$0$memwr$\latch_w0$src/sq_engine.v:148$1544_EN[63:0]$1651 [0] $flatten\u_sq_engine.$0$memwr$\latch_w0$src/sq_engine.v:148$1544_EN[63:0]$1651 [0] $flatten\u_sq_engine.$0$memwr$\latch_w0$src/sq_engine.v:148$1544_EN[63:0]$1651 [0] $flatten\u_sq_engine.$0$memwr$\latch_w0$src/sq_engine.v:148$1544_EN[63:0]$1651 [0] $flatten\u_sq_engine.$0$memwr$\latch_w0$src/sq_engine.v:148$1544_EN[63:0]$1651 [0] $flatten\u_sq_engine.$0$memwr$\latch_w0$src/sq_engine.v:148$1544_EN[63:0]$1651 [0] $flatten\u_sq_engine.$0$memwr$\latch_w0$src/sq_engine.v:148$1544_EN[63:0]$1651 [0] $flatten\u_sq_engine.$0$memwr$\latch_w0$src/sq_engine.v:148$1544_EN[63:0]$1651 [0] $flatten\u_sq_engine.$0$memwr$\latch_w0$src/sq_engine.v:148$1544_EN[63:0]$1651 [0] $flatten\u_sq_engine.$0$memwr$\latch_w0$src/sq_engine.v:148$1544_EN[63:0]$1651 [0] $flatten\u_sq_engine.$0$memwr$\latch_w0$src/sq_engine.v:148$1544_EN[63:0]$1651 [0] $flatten\u_sq_engine.$0$memwr$\latch_w0$src/sq_engine.v:148$1544_EN[63:0]$1651 [0] $flatten\u_sq_engine.$0$memwr$\latch_w0$src/sq_engine.v:148$1544_EN[63:0]$1651 [0] $flatten\u_sq_engine.$0$memwr$\latch_w0$src/sq_engine.v:148$1544_EN[63:0]$1651 [0] $flatten\u_sq_engine.$0$memwr$\latch_w0$src/sq_engine.v:148$1544_EN[63:0]$1651 [0] $flatten\u_sq_engine.$0$memwr$\latch_w0$src/sq_engine.v:148$1544_EN[63:0]$1651 [0] $flatten\u_sq_engine.$0$memwr$\latch_w0$src/sq_engine.v:148$1544_EN[63:0]$1651 [0] $flatten\u_sq_engine.$0$memwr$\latch_w0$src/sq_engine.v:148$1544_EN[63:0]$1651 [0] $flatten\u_sq_engine.$0$memwr$\latch_w0$src/sq_engine.v:148$1544_EN[63:0]$1651 [0] $flatten\u_sq_engine.$0$memwr$\latch_w0$src/sq_engine.v:148$1544_EN[63:0]$1651 [0] $flatten\u_sq_engine.$0$memwr$\latch_w0$src/sq_engine.v:148$1544_EN[63:0]$1651 [0] $flatten\u_sq_engine.$0$memwr$\latch_w0$src/sq_engine.v:148$1544_EN[63:0]$1651 [0] $flatten\u_sq_engine.$0$memwr$\latch_w0$src/sq_engine.v:148$1544_EN[63:0]$1651 [0] }
  Optimizing cells in module \io_uncore_top.
Performed a total of 159 changes.

22.7.5. Executing OPT_MERGE pass (detect identical cells).
Finding identical cells in module `\io_uncore_top'.
Computing hashes of 1604 cells of `\io_uncore_top'.
Finding duplicate cells in `\io_uncore_top'.
Computing hashes of 1437 cells of `\io_uncore_top'.
Finding duplicate cells in `\io_uncore_top'.
Computing hashes of 1421 cells of `\io_uncore_top'.
Finding duplicate cells in `\io_uncore_top'.
Computing hashes of 1412 cells of `\io_uncore_top'.
Finding duplicate cells in `\io_uncore_top'.
Computing hashes of 1410 cells of `\io_uncore_top'.
Finding duplicate cells in `\io_uncore_top'.
Removed a total of 194 cells.

22.7.6. Executing OPT_DFF pass (perform DFF optimizations).

22.7.7. Executing OPT_CLEAN pass (remove unused cells and wires).
Finding unused cells or wires in module \io_uncore_top..
Removed 0 unused cells and 737 unused wires.

22.7.8. Executing OPT_EXPR pass (perform const folding).
Optimizing module io_uncore_top.

22.7.9. Rerunning OPT passes. (Maybe there is more to do..)

22.7.10. Executing OPT_MUXTREE pass (detect dead branches in mux trees).
Running muxtree optimizer on module \io_uncore_top..
  Creating internal representation of mux trees.
  Evaluating internal representation of mux trees.
  Analyzing evaluation results.
Removed 0 multiplexer ports.

22.7.11. Executing OPT_REDUCE pass (consolidate $*mux and $reduce_* inputs).
  Optimizing cells in module \io_uncore_top.
Performed a total of 0 changes.

22.7.12. Executing OPT_MERGE pass (detect identical cells).
Finding identical cells in module `\io_uncore_top'.
Computing hashes of 1403 cells of `\io_uncore_top'.
Finding duplicate cells in `\io_uncore_top'.
Removed a total of 0 cells.

22.7.13. Executing OPT_DFF pass (perform DFF optimizations).

22.7.14. Executing OPT_CLEAN pass (remove unused cells and wires).
Finding unused cells or wires in module \io_uncore_top..
Removed 1 unused cells and 8 unused wires.

22.7.15. Executing OPT_EXPR pass (perform const folding).
Optimizing module io_uncore_top.

22.7.16. Rerunning OPT passes. (Maybe there is more to do..)

22.7.17. Executing OPT_MUXTREE pass (detect dead branches in mux trees).
Running muxtree optimizer on module \io_uncore_top..
  Creating internal representation of mux trees.
  Evaluating internal representation of mux trees.
  Analyzing evaluation results.
Removed 0 multiplexer ports.

22.7.18. Executing OPT_REDUCE pass (consolidate $*mux and $reduce_* inputs).
  Optimizing cells in module \io_uncore_top.
Performed a total of 0 changes.

22.7.19. Executing OPT_MERGE pass (detect identical cells).
Finding identical cells in module `\io_uncore_top'.
Computing hashes of 1402 cells of `\io_uncore_top'.
Finding duplicate cells in `\io_uncore_top'.
Removed a total of 0 cells.

22.7.20. Executing OPT_DFF pass (perform DFF optimizations).

22.7.21. Executing OPT_CLEAN pass (remove unused cells and wires).
Finding unused cells or wires in module \io_uncore_top..

22.7.22. Executing OPT_EXPR pass (perform const folding).
Optimizing module io_uncore_top.

22.7.23. Finished fast OPT passes. (There is nothing left to do.)

22.8. Executing FSM pass (extract and optimize FSM).

22.8.1. Executing FSM_DETECT pass (finding FSMs in design).
Found FSM state register io_uncore_top.u_sram_arbiter.last_grant.
Found FSM state register io_uncore_top.u_db_coalescer.state.
Found FSM state register io_uncore_top.u_cq_engine.state.
Found FSM state register io_uncore_top.u_sq_engine.state.

22.8.2. Executing FSM_EXTRACT pass (extracting FSM from design).
Extracting FSM `\u_sram_arbiter.last_grant' from module `\io_uncore_top'.
  found $adff cell for state register: $flatten\u_sram_arbiter.$procdff$6903
  root of input selection tree: $flatten\u_sram_arbiter.$0\last_grant[1:0]
  found reset state: 2'10 (from async reset)
  found ctrl input: \u_sram_arbiter.sel_valid
  found ctrl input: $flatten\u_sram_arbiter.$eq$src/sram_arbiter_synth.v:78$2807_Y
  found ctrl input: \u_sq_engine.sram_req
  found ctrl input: \u_cq_engine.sram_req
  found state code: 2'00
  found state code: 2'01
  found ctrl output: $flatten\u_sram_arbiter.$eq$src/sram_arbiter_synth.v:78$2807_Y
  ctrl inputs: { \u_sq_engine.sram_req \u_cq_engine.sram_req \u_sram_arbiter.sel_valid }
  ctrl outputs: { $flatten\u_sram_arbiter.$eq$src/sram_arbiter_synth.v:78$2807_Y $flatten\u_sram_arbiter.$0\last_grant[1:0] }
  transition:       2'00 3'--0 ->       2'00 3'100
  transition:       2'00 3'-01 ->       2'00 3'100
  transition:       2'00 3'-11 ->       2'01 3'101
  transition:       2'10 3'--0 ->       2'10 3'010
  transition:       2'10 3'001 ->       2'00 3'000
  transition:       2'10 3'011 ->       2'01 3'001
  transition:       2'10 3'1-1 ->       2'00 3'000
  transition:       2'01 3'--0 ->       2'01 3'001
  transition:       2'01 3'001 ->       2'00 3'000
  transition:       2'01 3'011 ->       2'01 3'001
  transition:       2'01 3'1-1 ->       2'00 3'000
Extracting FSM `\u_db_coalescer.state' from module `\io_uncore_top'.
  found $dff cell for state register: $flatten\u_db_coalescer.$procdff$6914
  root of input selection tree: $flatten\u_db_coalescer.$0\state[1:0]
  found reset state: 2'00 (guessed from mux tree)
  found ctrl input: \rst_n
  found state code: 2'00
  found ctrl input: $flatten\u_db_coalescer.$procmux$3733_CMP
  found ctrl input: $flatten\u_db_coalescer.$procmux$3811_CMP
  found ctrl input: $flatten\u_db_coalescer.$ge$src/db_coalescer.v:119$2794_Y
  found ctrl input: $flatten\u_db_coalescer.$logic_and$src/db_coalescer.v:121$2802_Y
  found state code: 2'11
  found ctrl input: \db_wr_valid_i
  found ctrl input: $flatten\u_db_coalescer.$logic_and$src/db_coalescer.v:110$2792_Y
  found ctrl input: $flatten\u_db_coalescer.$logic_and$src/db_coalescer.v:110$2787_Y
  found ctrl input: $flatten\u_db_coalescer.$logic_and$src/db_coalescer.v:110$2782_Y
  found ctrl input: $flatten\u_db_coalescer.$logic_and$src/db_coalescer.v:110$2777_Y
  found ctrl input: $flatten\u_db_coalescer.$logic_and$src/db_coalescer.v:110$2772_Y
  found ctrl input: $flatten\u_db_coalescer.$logic_and$src/db_coalescer.v:110$2767_Y
  found ctrl input: $flatten\u_db_coalescer.$logic_and$src/db_coalescer.v:110$2762_Y
  found ctrl input: $flatten\u_db_coalescer.$logic_and$src/db_coalescer.v:110$2757_Y
  found ctrl input: $flatten\u_db_coalescer.$logic_and$src/db_coalescer.v:110$2752_Y
  found ctrl input: $flatten\u_db_coalescer.$logic_and$src/db_coalescer.v:110$2747_Y
  found ctrl input: $flatten\u_db_coalescer.$logic_and$src/db_coalescer.v:110$2742_Y
  found ctrl input: $flatten\u_db_coalescer.$logic_and$src/db_coalescer.v:110$2737_Y
  found ctrl input: $flatten\u_db_coalescer.$logic_and$src/db_coalescer.v:110$2732_Y
  found ctrl input: $flatten\u_db_coalescer.$logic_and$src/db_coalescer.v:110$2727_Y
  found ctrl input: $flatten\u_db_coalescer.$logic_and$src/db_coalescer.v:110$2722_Y
  found ctrl input: $flatten\u_db_coalescer.$logic_and$src/db_coalescer.v:110$2717_Y
  found state code: 2'10
  found ctrl output: $flatten\u_db_coalescer.$procmux$3811_CMP
  found ctrl output: $flatten\u_db_coalescer.$procmux$3733_CMP
  found ctrl output: \stat_db_received
  found ctrl output: \stat_db_coalesced
  ctrl inputs: { $flatten\u_db_coalescer.$logic_and$src/db_coalescer.v:110$2717_Y $flatten\u_db_coalescer.$logic_and$src/db_coalescer.v:110$2722_Y $flatten\u_db_coalescer.$logic_and$src/db_coalescer.v:110$2727_Y $flatten\u_db_coalescer.$logic_and$src/db_coalescer.v:110$2732_Y $flatten\u_db_coalescer.$logic_and$src/db_coalescer.v:110$2737_Y $flatten\u_db_coalescer.$logic_and$src/db_coalescer.v:110$2742_Y $flatten\u_db_coalescer.$logic_and$src/db_coalescer.v:110$2747_Y $flatten\u_db_coalescer.$logic_and$src/db_coalescer.v:110$2752_Y $flatten\u_db_coalescer.$logic_and$src/db_coalescer.v:110$2757_Y $flatten\u_db_coalescer.$logic_and$src/db_coalescer.v:110$2762_Y $flatten\u_db_coalescer.$logic_and$src/db_coalescer.v:110$2767_Y $flatten\u_db_coalescer.$logic_and$src/db_coalescer.v:110$2772_Y $flatten\u_db_coalescer.$logic_and$src/db_coalescer.v:110$2777_Y $flatten\u_db_coalescer.$logic_and$src/db_coalescer.v:110$2782_Y $flatten\u_db_coalescer.$logic_and$src/db_coalescer.v:110$2787_Y $flatten\u_db_coalescer.$logic_and$src/db_coalescer.v:110$2792_Y $flatten\u_db_coalescer.$ge$src/db_coalescer.v:119$2794_Y $flatten\u_db_coalescer.$logic_and$src/db_coalescer.v:121$2802_Y \db_wr_valid_i \rst_n }
  ctrl outputs: { $flatten\u_db_coalescer.$0\state[1:0] $flatten\u_db_coalescer.$procmux$3733_CMP $flatten\u_db_coalescer.$procmux$3811_CMP \stat_db_coalesced \stat_db_received }
  transition:       2'00 20'-------------------0 ->       2'00 6'000100
  transition:       2'00 20'0000000000000000--01 ->       2'00 6'000100
  transition:       2'00 20'1000000000000000--01 ->       2'11 6'110100
  transition:       2'00 20'-100000000000000--01 ->       2'11 6'110100
  transition:       2'00 20'--10000000000000--01 ->       2'11 6'110100
  transition:       2'00 20'---1000000000000--01 ->       2'11 6'110100
  transition:       2'00 20'----100000000000--01 ->       2'11 6'110100
  transition:       2'00 20'-----10000000000--01 ->       2'11 6'110100
  transition:       2'00 20'------1000000000--01 ->       2'11 6'110100
  transition:       2'00 20'-------100000000--01 ->       2'11 6'110100
  transition:       2'00 20'--------10000000--01 ->       2'11 6'110100
  transition:       2'00 20'---------1000000--01 ->       2'11 6'110100
  transition:       2'00 20'----------100000--01 ->       2'11 6'110100
  transition:       2'00 20'-----------10000--01 ->       2'11 6'110100
  transition:       2'00 20'------------1000--01 ->       2'11 6'110100
  transition:       2'00 20'-------------100--01 ->       2'11 6'110100
  transition:       2'00 20'--------------10--01 ->       2'11 6'110100
  transition:       2'00 20'---------------1--01 ->       2'11 6'110100
  transition:       2'00 20'------------------11 ->       2'10 6'100100
  transition:       2'10 20'-------------------0 ->       2'00 6'001000
  transition:       2'10 20'----------------00-1 ->       2'00 6'001000
  transition:       2'10 20'----------------01-1 ->       2'11 6'111000
  transition:       2'10 20'----------------1--1 ->       2'11 6'111000
  transition:       2'11 20'-------------------0 ->       2'00 6'000010
  transition:       2'11 20'-------------------1 ->       2'00 6'000010
Extracting FSM `\u_cq_engine.state' from module `\io_uncore_top'.
  found $dff cell for state register: $flatten\u_cq_engine.$procdff$7010
  root of input selection tree: $flatten\u_cq_engine.$0\state[2:0]
  found reset state: 3'000 (guessed from mux tree)
  found ctrl input: \rst_n
  found state code: 3'000
  found ctrl input: $flatten\u_cq_engine.$procmux$4932_CMP
  found ctrl input: $flatten\u_cq_engine.$procmux$5002_CMP
  found ctrl input: $flatten\u_cq_engine.$eq$src/cq_engine.v:101$1945_Y
  found ctrl input: $flatten\u_cq_engine.$procmux$4962_CMP
  found ctrl input: $flatten\u_cq_engine.$lt$src/cq_engine.v:188$2354_Y
  found state code: 3'100
  found ctrl input: $flatten\u_cq_engine.$ge$src/cq_engine.v:177$2352_Y
  found state code: 3'011
  found ctrl input: \u_cq_engine.sram_grant
  found state code: 3'010
  found ctrl input: \cqe_valid
  found ctrl input: $flatten\u_cq_engine.$logic_and$src/cq_engine.v:152$2336_Y
  found ctrl input: $flatten\u_cq_engine.$logic_and$src/cq_engine.v:152$2330_Y
  found ctrl input: $flatten\u_cq_engine.$logic_and$src/cq_engine.v:152$2324_Y
  found ctrl input: $flatten\u_cq_engine.$logic_and$src/cq_engine.v:152$2318_Y
  found ctrl input: $flatten\u_cq_engine.$logic_and$src/cq_engine.v:152$2312_Y
  found ctrl input: $flatten\u_cq_engine.$logic_and$src/cq_engine.v:152$2306_Y
  found ctrl input: $flatten\u_cq_engine.$logic_and$src/cq_engine.v:152$2300_Y
  found ctrl input: $flatten\u_cq_engine.$logic_and$src/cq_engine.v:152$2294_Y
  found ctrl input: $flatten\u_cq_engine.$logic_and$src/cq_engine.v:152$2288_Y
  found ctrl input: $flatten\u_cq_engine.$logic_and$src/cq_engine.v:152$2282_Y
  found ctrl input: $flatten\u_cq_engine.$logic_and$src/cq_engine.v:152$2276_Y
  found ctrl input: $flatten\u_cq_engine.$logic_and$src/cq_engine.v:152$2270_Y
  found ctrl input: $flatten\u_cq_engine.$logic_and$src/cq_engine.v:152$2264_Y
  found ctrl input: $flatten\u_cq_engine.$logic_and$src/cq_engine.v:152$2258_Y
  found ctrl input: $flatten\u_cq_engine.$logic_and$src/cq_engine.v:152$2252_Y
  found ctrl input: $flatten\u_cq_engine.$logic_and$src/cq_engine.v:152$2246_Y
  found state code: 3'001
  found ctrl output: $flatten\u_cq_engine.$procmux$5002_CMP
  found ctrl output: $flatten\u_cq_engine.$procmux$4962_CMP
  found ctrl output: $flatten\u_cq_engine.$procmux$4932_CMP
  found ctrl output: \stat_batch_flush
  found ctrl output: $flatten\u_cq_engine.$eq$src/cq_engine.v:101$1945_Y
  ctrl inputs: { \u_cq_engine.sram_grant $flatten\u_cq_engine.$logic_and$src/cq_engine.v:152$2246_Y $flatten\u_cq_engine.$logic_and$src/cq_engine.v:152$2252_Y $flatten\u_cq_engine.$logic_and$src/cq_engine.v:152$2258_Y $flatten\u_cq_engine.$logic_and$src/cq_engine.v:152$2264_Y $flatten\u_cq_engine.$logic_and$src/cq_engine.v:152$2270_Y $flatten\u_cq_engine.$logic_and$src/cq_engine.v:152$2276_Y $flatten\u_cq_engine.$logic_and$src/cq_engine.v:152$2282_Y $flatten\u_cq_engine.$logic_and$src/cq_engine.v:152$2288_Y $flatten\u_cq_engine.$logic_and$src/cq_engine.v:152$2294_Y $flatten\u_cq_engine.$logic_and$src/cq_engine.v:152$2300_Y $flatten\u_cq_engine.$logic_and$src/cq_engine.v:152$2306_Y $flatten\u_cq_engine.$logic_and$src/cq_engine.v:152$2312_Y $flatten\u_cq_engine.$logic_and$src/cq_engine.v:152$2318_Y $flatten\u_cq_engine.$logic_and$src/cq_engine.v:152$2324_Y $flatten\u_cq_engine.$logic_and$src/cq_engine.v:152$2330_Y $flatten\u_cq_engine.$logic_and$src/cq_engine.v:152$2336_Y $flatten\u_cq_engine.$ge$src/cq_engine.v:177$2352_Y $flatten\u_cq_engine.$lt$src/cq_engine.v:188$2354_Y \cqe_valid \rst_n }
  ctrl outputs: { $flatten\u_cq_engine.$eq$src/cq_engine.v:101$1945_Y $flatten\u_cq_engine.$0\state[2:0] $flatten\u_cq_engine.$procmux$4932_CMP $flatten\u_cq_engine.$procmux$4962_CMP $flatten\u_cq_engine.$procmux$5002_CMP \stat_batch_flush }
  transition:      3'000 21'--------------------0 ->      3'000 8'00000100
  transition:      3'000 21'-0000000000000000--01 ->      3'000 8'00000100
  transition:      3'000 21'-1000000000000000--01 ->      3'011 8'00110100
  transition:      3'000 21'--100000000000000--01 ->      3'011 8'00110100
  transition:      3'000 21'---10000000000000--01 ->      3'011 8'00110100
  transition:      3'000 21'----1000000000000--01 ->      3'011 8'00110100
  transition:      3'000 21'-----100000000000--01 ->      3'011 8'00110100
  transition:      3'000 21'------10000000000--01 ->      3'011 8'00110100
  transition:      3'000 21'-------1000000000--01 ->      3'011 8'00110100
  transition:      3'000 21'--------100000000--01 ->      3'011 8'00110100
  transition:      3'000 21'---------10000000--01 ->      3'011 8'00110100
  transition:      3'000 21'----------1000000--01 ->      3'011 8'00110100
  transition:      3'000 21'-----------100000--01 ->      3'011 8'00110100
  transition:      3'000 21'------------10000--01 ->      3'011 8'00110100
  transition:      3'000 21'-------------1000--01 ->      3'011 8'00110100
  transition:      3'000 21'--------------100--01 ->      3'011 8'00110100
  transition:      3'000 21'---------------10--01 ->      3'011 8'00110100
  transition:      3'000 21'----------------1--01 ->      3'011 8'00110100
  transition:      3'000 21'-------------------11 ->      3'001 8'00010100
  transition:      3'100 21'--------------------0 ->      3'000 8'00000001
  transition:      3'100 21'--------------------1 ->      3'000 8'00000001
  transition:      3'010 21'--------------------0 ->      3'000 8'00000010
  transition:      3'010 21'-----------------0--1 ->      3'000 8'00000010
  transition:      3'010 21'-----------------1--1 ->      3'011 8'00110010
  transition:      3'001 21'--------------------0 ->      3'000 8'10000000
  transition:      3'001 21'0-------------------1 ->      3'001 8'10010000
  transition:      3'001 21'1-------------------1 ->      3'010 8'10100000
  transition:      3'011 21'--------------------0 ->      3'000 8'00001000
  transition:      3'011 21'------------------0-1 ->      3'100 8'01001000
  transition:      3'011 21'------------------1-1 ->      3'011 8'00111000
Extracting FSM `\u_sq_engine.state' from module `\io_uncore_top'.
  found $dff cell for state register: $flatten\u_sq_engine.$procdff$7097
  root of input selection tree: $flatten\u_sq_engine.$0\state[3:0]
  found reset state: 4'0000 (guessed from mux tree)
  found ctrl input: \rst_n
  found state code: 4'0000
  found ctrl input: $flatten\u_sq_engine.$procmux$6480_CMP
  found ctrl input: $flatten\u_sq_engine.$procmux$6503_CMP
  found ctrl input: $auto$opt_reduce.cc:137:opt_pmux$7403
  found ctrl input: $flatten\u_sq_engine.$procmux$6594_CMP
  found ctrl input: $flatten\u_sq_engine.$procmux$6005_CMP
  found ctrl input: $flatten\u_sq_engine.$procmux$5629_CMP
  found ctrl input: $flatten\u_sq_engine.$procmux$5707_CMP
  found ctrl input: $flatten\u_sq_engine.$procmux$5799_CMP
  found ctrl input: \sq_sram_grant
  found ctrl input: $flatten\u_sq_engine.$eq$src/sq_engine.v:239$1866_Y
  found state code: 4'1000
  found ctrl input: $flatten\u_sq_engine.$le$src/sq_engine.v:203$1852_Y
  found ctrl input: $flatten\u_sq_engine.$le$src/sq_engine.v:206$1855_Y
  found state code: 4'0111
  found state code: 4'0110
  found state code: 4'0101
  found ctrl input: \u_credit_manager.credit_avail
  found state code: 4'0100
  found ctrl input: $flatten\u_sq_engine.$logic_and$src/sq_engine.v:166$1828_Y
  found state code: 4'0011
  found ctrl input: $flatten\u_sq_engine.$logic_and$src/sq_engine.v:157$1819_Y
  found state code: 4'0010
  found ctrl input: \u_sq_engine.mailbox_hit
  found ctrl input: $flatten\u_sq_engine.$eq$src/sq_engine.v:146$1810_Y
  found state code: 4'0001
  found ctrl output: $flatten\u_sq_engine.$procmux$5799_CMP
  found ctrl output: $flatten\u_sq_engine.$procmux$6005_CMP
  found ctrl output: $flatten\u_sq_engine.$procmux$6659_CMP
  found ctrl output: $flatten\u_sq_engine.$procmux$6658_CMP
  found ctrl output: $flatten\u_sq_engine.$procmux$6503_CMP
  found ctrl output: $flatten\u_sq_engine.$procmux$6594_CMP
  found ctrl output: $flatten\u_sq_engine.$procmux$6480_CMP
  found ctrl output: $flatten\u_sq_engine.$procmux$5707_CMP
  found ctrl output: $flatten\u_sq_engine.$procmux$5629_CMP
  ctrl inputs: { \u_sq_engine.mailbox_hit $flatten\u_sq_engine.$eq$src/sq_engine.v:146$1810_Y $flatten\u_sq_engine.$logic_and$src/sq_engine.v:157$1819_Y $flatten\u_sq_engine.$logic_and$src/sq_engine.v:166$1828_Y $flatten\u_sq_engine.$le$src/sq_engine.v:203$1852_Y $flatten\u_sq_engine.$le$src/sq_engine.v:206$1855_Y $flatten\u_sq_engine.$eq$src/sq_engine.v:239$1866_Y \u_credit_manager.credit_avail \sq_sram_grant \rst_n $auto$opt_reduce.cc:137:opt_pmux$7403 }
  ctrl outputs: { $flatten\u_sq_engine.$0\state[3:0] $flatten\u_sq_engine.$procmux$5629_CMP $flatten\u_sq_engine.$procmux$5707_CMP $flatten\u_sq_engine.$procmux$5799_CMP $flatten\u_sq_engine.$procmux$6005_CMP $flatten\u_sq_engine.$procmux$6480_CMP $flatten\u_sq_engine.$procmux$6503_CMP $flatten\u_sq_engine.$procmux$6594_CMP $flatten\u_sq_engine.$procmux$6658_CMP $flatten\u_sq_engine.$procmux$6659_CMP }
  transition:     4'0000 11'---------0- ->     4'0000 13'0000001000000
  transition:     4'0000 11'0--------1- ->     4'0000 13'0000001000000
  transition:     4'0000 11'10-------1- ->     4'0000 13'0000001000000
  transition:     4'0000 11'11-------1- ->     4'0001 13'0001001000000
  transition:     4'1000 11'---------0- ->     4'0000 13'0000000010000
  transition:     4'1000 11'--------01- ->     4'1000 13'1000000010000
  transition:     4'1000 11'--------11- ->     4'0000 13'0000000010000
  transition:     4'0100 11'---------0- ->     4'0000 13'0000000000100
  transition:     4'0100 11'----00---1- ->     4'0111 13'0111000000100
  transition:     4'0100 11'----01---1- ->     4'0110 13'0110000000100
  transition:     4'0100 11'----1----1- ->     4'0101 13'0101000000100
  transition:     4'0010 11'---------0- ->     4'0000 13'0000100000000
  transition:     4'0010 11'---0-----1- ->     4'0010 13'0010100000000
  transition:     4'0010 11'---1-----1- ->     4'0011 13'0011100000000
  transition:     4'0110 11'---------0- ->     4'0000 13'0000000000010
  transition:     4'0110 11'---------1- ->     4'1000 13'1000000000010
  transition:     4'0001 11'---------0- ->     4'0000 13'0000010000000
  transition:     4'0001 11'--0------1- ->     4'0001 13'0001010000000
  transition:     4'0001 11'--1------1- ->     4'0010 13'0010010000000
  transition:     4'0101 11'---------0- ->     4'0000 13'0000000000001
  transition:     4'0101 11'---------1- ->     4'1000 13'1000000000001
  transition:     4'0011 11'---------0- ->     4'0000 13'0000000100000
  transition:     4'0011 11'-------0-1- ->     4'0011 13'0011000100000
  transition:     4'0011 11'-------1-1- ->     4'0100 13'0100000100000
  transition:     4'0111 11'---------0- ->     4'0000 13'0000000001000
  transition:     4'0111 11'--------01- ->     4'0111 13'0111000001000
  transition:     4'0111 11'------0-11- ->     4'0111 13'0111000001000
  transition:     4'0111 11'------1-11- ->     4'1000 13'1000000001000

22.8.3. Executing FSM_OPT pass (simple optimizations of FSMs).
Optimizing FSM `$fsm$\u_sq_engine.state$7422' from module `\io_uncore_top'.
  Removing unused input signal $auto$opt_reduce.cc:137:opt_pmux$7403.
Optimizing FSM `$fsm$\u_cq_engine.state$7415' from module `\io_uncore_top'.
  Merging pattern 21'--------------------0 and 21'--------------------1 from group (1 0 8'00000001).
  Merging pattern 21'--------------------1 and 21'--------------------0 from group (1 0 8'00000001).
Optimizing FSM `$fsm$\u_db_coalescer.state$7409' from module `\io_uncore_top'.
  Merging pattern 20'-------------------0 and 20'-------------------1 from group (2 0 6'000010).
  Merging pattern 20'-------------------1 and 20'-------------------0 from group (2 0 6'000010).
Optimizing FSM `$fsm$\u_sram_arbiter.last_grant$7406' from module `\io_uncore_top'.

22.8.4. Executing OPT_CLEAN pass (remove unused cells and wires).
Finding unused cells or wires in module \io_uncore_top..
Removed 83 unused cells and 83 unused wires.

22.8.5. Executing FSM_OPT pass (simple optimizations of FSMs).
Optimizing FSM `$fsm$\u_sq_engine.state$7422' from module `\io_uncore_top'.
  Removing unused output signal $flatten\u_sq_engine.$0\state[3:0] [0].
  Removing unused output signal $flatten\u_sq_engine.$0\state[3:0] [1].
  Removing unused output signal $flatten\u_sq_engine.$0\state[3:0] [2].
  Removing unused output signal $flatten\u_sq_engine.$0\state[3:0] [3].
Optimizing FSM `$fsm$\u_sram_arbiter.last_grant$7406' from module `\io_uncore_top'.
  Removing unused output signal $flatten\u_sram_arbiter.$0\last_grant[1:0] [0].
  Removing unused output signal $flatten\u_sram_arbiter.$0\last_grant[1:0] [1].
Optimizing FSM `$fsm$\u_db_coalescer.state$7409' from module `\io_uncore_top'.
  Removing unused output signal $flatten\u_db_coalescer.$0\state[1:0] [0].
  Removing unused output signal $flatten\u_db_coalescer.$0\state[1:0] [1].
Optimizing FSM `$fsm$\u_cq_engine.state$7415' from module `\io_uncore_top'.
  Removing unused output signal $flatten\u_cq_engine.$0\state[2:0] [0].
  Removing unused output signal $flatten\u_cq_engine.$0\state[2:0] [1].
  Removing unused output signal $flatten\u_cq_engine.$0\state[2:0] [2].

22.8.6. Executing FSM_RECODE pass (re-assigning FSM state encoding).
Recoding FSM `$fsm$\u_sq_engine.state$7422' from module `\io_uncore_top' using `auto' encoding:
  mapping auto encoding to `one-hot` for this FSM.
  0000 -> --------1
  1000 -> -------1-
  0100 -> ------1--
  0010 -> -----1---
  0110 -> ----1----
  0001 -> ---1-----
  0101 -> --1------
  0011 -> -1-------
  0111 -> 1--------
Recoding FSM `$fsm$\u_sram_arbiter.last_grant$7406' from module `\io_uncore_top' using `auto' encoding:
  mapping auto encoding to `one-hot` for this FSM.
  00 -> -1-
  10 -> --1
  01 -> 1--
Recoding FSM `$fsm$\u_db_coalescer.state$7409' from module `\io_uncore_top' using `auto' encoding:
  mapping auto encoding to `one-hot` for this FSM.
  00 -> --1
  10 -> -1-
  11 -> 1--
Recoding FSM `$fsm$\u_cq_engine.state$7415' from module `\io_uncore_top' using `auto' encoding:
  mapping auto encoding to `one-hot` for this FSM.
  000 -> ----1
  100 -> ---1-
  010 -> --1--
  001 -> -1---
  011 -> 1----

22.8.7. Executing FSM_INFO pass (dumping all available information on FSM cells).

FSM `$fsm$\u_sq_engine.state$7422' from module `io_uncore_top':
-------------------------------------

  Information on FSM $fsm$\u_sq_engine.state$7422 (\u_sq_engine.state):

  Number of input signals:   10
  Number of output signals:   9
  Number of state bits:       9

  Input signals:
    0: \rst_n
    1: \sq_sram_grant
    2: \u_credit_manager.credit_avail
    3: $flatten\u_sq_engine.$eq$src/sq_engine.v:239$1866_Y
    4: $flatten\u_sq_engine.$le$src/sq_engine.v:206$1855_Y
    5: $flatten\u_sq_engine.$le$src/sq_engine.v:203$1852_Y
    6: $flatten\u_sq_engine.$logic_and$src/sq_engine.v:166$1828_Y
    7: $flatten\u_sq_engine.$logic_and$src/sq_engine.v:157$1819_Y
    8: $flatten\u_sq_engine.$eq$src/sq_engine.v:146$1810_Y
    9: \u_sq_engine.mailbox_hit

  Output signals:
    0: $flatten\u_sq_engine.$procmux$6659_CMP
    1: $flatten\u_sq_engine.$procmux$6658_CMP
    2: $flatten\u_sq_engine.$procmux$6594_CMP
    3: $flatten\u_sq_engine.$procmux$6503_CMP
    4: $flatten\u_sq_engine.$procmux$6480_CMP
    5: $flatten\u_sq_engine.$procmux$6005_CMP
    6: $flatten\u_sq_engine.$procmux$5799_CMP
    7: $flatten\u_sq_engine.$procmux$5707_CMP
    8: $flatten\u_sq_engine.$procmux$5629_CMP

  State encoding:
    0: 9'--------1  <RESET STATE>
    1: 9'-------1-
    2: 9'------1--
    3: 9'-----1---
    4: 9'----1----
    5: 9'---1-----
    6: 9'--1------
    7: 9'-1-------
    8: 9'1--------

  Transition Table (state_in, ctrl_in, state_out, ctrl_out):
      0:     0 10'---------0   ->     0 9'001000000
      1:     0 10'10-------1   ->     0 9'001000000
      2:     0 10'0--------1   ->     0 9'001000000
      3:     0 10'11-------1   ->     5 9'001000000
      4:     1 10'---------0   ->     0 9'000010000
      5:     1 10'--------11   ->     0 9'000010000
      6:     1 10'--------01   ->     1 9'000010000
      7:     2 10'---------0   ->     0 9'000000100
      8:     2 10'----01---1   ->     4 9'000000100
      9:     2 10'----1----1   ->     6 9'000000100
     10:     2 10'----00---1   ->     8 9'000000100
     11:     3 10'---------0   ->     0 9'100000000
     12:     3 10'---0-----1   ->     3 9'100000000
     13:     3 10'---1-----1   ->     7 9'100000000
     14:     4 10'---------0   ->     0 9'000000010
     15:     4 10'---------1   ->     1 9'000000010
     16:     5 10'---------0   ->     0 9'010000000
     17:     5 10'--1------1   ->     3 9'010000000
     18:     5 10'--0------1   ->     5 9'010000000
     19:     6 10'---------0   ->     0 9'000000001
     20:     6 10'---------1   ->     1 9'000000001
     21:     7 10'---------0   ->     0 9'000100000
     22:     7 10'-------1-1   ->     2 9'000100000
     23:     7 10'-------0-1   ->     7 9'000100000
     24:     8 10'---------0   ->     0 9'000001000
     25:     8 10'------1-11   ->     1 9'000001000
     26:     8 10'--------01   ->     8 9'000001000
     27:     8 10'------0-11   ->     8 9'000001000

-------------------------------------

FSM `$fsm$\u_sram_arbiter.last_grant$7406' from module `io_uncore_top':
-------------------------------------

  Information on FSM $fsm$\u_sram_arbiter.last_grant$7406 (\u_sram_arbiter.last_grant):

  Number of input signals:    3
  Number of output signals:   1
  Number of state bits:       3

  Input signals:
    0: \u_sram_arbiter.sel_valid
    1: \u_cq_engine.sram_req
    2: \u_sq_engine.sram_req

  Output signals:
    0: $flatten\u_sram_arbiter.$eq$src/sram_arbiter_synth.v:78$2807_Y

  State encoding:
    0:      3'-1-
    1:      3'--1  <RESET STATE>
    2:      3'1--

  Transition Table (state_in, ctrl_in, state_out, ctrl_out):
      0:     0 3'--0   ->     0 1'1
      1:     0 3'-01   ->     0 1'1
      2:     0 3'-11   ->     2 1'1
      3:     1 3'001   ->     0 1'0
      4:     1 3'1-1   ->     0 1'0
      5:     1 3'--0   ->     1 1'0
      6:     1 3'011   ->     2 1'0
      7:     2 3'001   ->     0 1'0
      8:     2 3'1-1   ->     0 1'0
      9:     2 3'--0   ->     2 1'0
     10:     2 3'011   ->     2 1'0

-------------------------------------

FSM `$fsm$\u_db_coalescer.state$7409' from module `io_uncore_top':
-------------------------------------

  Information on FSM $fsm$\u_db_coalescer.state$7409 (\u_db_coalescer.state):

  Number of input signals:   20
  Number of output signals:   4
  Number of state bits:       3

  Input signals:
    0: \rst_n
    1: \db_wr_valid_i
    2: $flatten\u_db_coalescer.$logic_and$src/db_coalescer.v:121$2802_Y
    3: $flatten\u_db_coalescer.$ge$src/db_coalescer.v:119$2794_Y
    4: $flatten\u_db_coalescer.$logic_and$src/db_coalescer.v:110$2792_Y
    5: $flatten\u_db_coalescer.$logic_and$src/db_coalescer.v:110$2787_Y
    6: $flatten\u_db_coalescer.$logic_and$src/db_coalescer.v:110$2782_Y
    7: $flatten\u_db_coalescer.$logic_and$src/db_coalescer.v:110$2777_Y
    8: $flatten\u_db_coalescer.$logic_and$src/db_coalescer.v:110$2772_Y
    9: $flatten\u_db_coalescer.$logic_and$src/db_coalescer.v:110$2767_Y
   10: $flatten\u_db_coalescer.$logic_and$src/db_coalescer.v:110$2762_Y
   11: $flatten\u_db_coalescer.$logic_and$src/db_coalescer.v:110$2757_Y
   12: $flatten\u_db_coalescer.$logic_and$src/db_coalescer.v:110$2752_Y
   13: $flatten\u_db_coalescer.$logic_and$src/db_coalescer.v:110$2747_Y
   14: $flatten\u_db_coalescer.$logic_and$src/db_coalescer.v:110$2742_Y
   15: $flatten\u_db_coalescer.$logic_and$src/db_coalescer.v:110$2737_Y
   16: $flatten\u_db_coalescer.$logic_and$src/db_coalescer.v:110$2732_Y
   17: $flatten\u_db_coalescer.$logic_and$src/db_coalescer.v:110$2727_Y
   18: $flatten\u_db_coalescer.$logic_and$src/db_coalescer.v:110$2722_Y
   19: $flatten\u_db_coalescer.$logic_and$src/db_coalescer.v:110$2717_Y

  Output signals:
    0: \stat_db_received
    1: \stat_db_coalesced
    2: $flatten\u_db_coalescer.$procmux$3811_CMP
    3: $flatten\u_db_coalescer.$procmux$3733_CMP

  State encoding:
    0:      3'--1  <RESET STATE>
    1:      3'-1-
    2:      3'1--

  Transition Table (state_in, ctrl_in, state_out, ctrl_out):
      0:     0 20'-------------------0   ->     0 4'0100
      1:     0 20'0000000000000000--01   ->     0 4'0100
      2:     0 20'------------------11   ->     1 4'0100
      3:     0 20'1000000000000000--01   ->     2 4'0100
      4:     0 20'-100000000000000--01   ->     2 4'0100
      5:     0 20'--10000000000000--01   ->     2 4'0100
      6:     0 20'---1000000000000--01   ->     2 4'0100
      7:     0 20'----100000000000--01   ->     2 4'0100
      8:     0 20'-----10000000000--01   ->     2 4'0100
      9:     0 20'------1000000000--01   ->     2 4'0100
     10:     0 20'-------100000000--01   ->     2 4'0100
     11:     0 20'--------10000000--01   ->     2 4'0100
     12:     0 20'---------1000000--01   ->     2 4'0100
     13:     0 20'----------100000--01   ->     2 4'0100
     14:     0 20'-----------10000--01   ->     2 4'0100
     15:     0 20'------------1000--01   ->     2 4'0100
     16:     0 20'-------------100--01   ->     2 4'0100
     17:     0 20'--------------10--01   ->     2 4'0100
     18:     0 20'---------------1--01   ->     2 4'0100
     19:     1 20'-------------------0   ->     0 4'1000
     20:     1 20'----------------00-1   ->     0 4'1000
     21:     1 20'----------------01-1   ->     2 4'1000
     22:     1 20'----------------1--1   ->     2 4'1000
     23:     2 20'--------------------   ->     0 4'0010

-------------------------------------

FSM `$fsm$\u_cq_engine.state$7415' from module `io_uncore_top':
-------------------------------------

  Information on FSM $fsm$\u_cq_engine.state$7415 (\u_cq_engine.state):

  Number of input signals:   21
  Number of output signals:   5
  Number of state bits:       5

  Input signals:
    0: \rst_n
    1: \cqe_valid
    2: $flatten\u_cq_engine.$lt$src/cq_engine.v:188$2354_Y
    3: $flatten\u_cq_engine.$ge$src/cq_engine.v:177$2352_Y
    4: $flatten\u_cq_engine.$logic_and$src/cq_engine.v:152$2336_Y
    5: $flatten\u_cq_engine.$logic_and$src/cq_engine.v:152$2330_Y
    6: $flatten\u_cq_engine.$logic_and$src/cq_engine.v:152$2324_Y
    7: $flatten\u_cq_engine.$logic_and$src/cq_engine.v:152$2318_Y
    8: $flatten\u_cq_engine.$logic_and$src/cq_engine.v:152$2312_Y
    9: $flatten\u_cq_engine.$logic_and$src/cq_engine.v:152$2306_Y
   10: $flatten\u_cq_engine.$logic_and$src/cq_engine.v:152$2300_Y
   11: $flatten\u_cq_engine.$logic_and$src/cq_engine.v:152$2294_Y
   12: $flatten\u_cq_engine.$logic_and$src/cq_engine.v:152$2288_Y
   13: $flatten\u_cq_engine.$logic_and$src/cq_engine.v:152$2282_Y
   14: $flatten\u_cq_engine.$logic_and$src/cq_engine.v:152$2276_Y
   15: $flatten\u_cq_engine.$logic_and$src/cq_engine.v:152$2270_Y
   16: $flatten\u_cq_engine.$logic_and$src/cq_engine.v:152$2264_Y
   17: $flatten\u_cq_engine.$logic_and$src/cq_engine.v:152$2258_Y
   18: $flatten\u_cq_engine.$logic_and$src/cq_engine.v:152$2252_Y
   19: $flatten\u_cq_engine.$logic_and$src/cq_engine.v:152$2246_Y
   20: \u_cq_engine.sram_grant

  Output signals:
    0: \stat_batch_flush
    1: $flatten\u_cq_engine.$procmux$5002_CMP
    2: $flatten\u_cq_engine.$procmux$4962_CMP
    3: $flatten\u_cq_engine.$procmux$4932_CMP
    4: $flatten\u_cq_engine.$eq$src/cq_engine.v:101$1945_Y

  State encoding:
    0:    5'----1  <RESET STATE>
    1:    5'---1-
    2:    5'--1--
    3:    5'-1---
    4:    5'1----

  Transition Table (state_in, ctrl_in, state_out, ctrl_out):
      0:     0 21'--------------------0   ->     0 5'00100
      1:     0 21'-0000000000000000--01   ->     0 5'00100
      2:     0 21'-------------------11   ->     3 5'00100
      3:     0 21'-1000000000000000--01   ->     4 5'00100
      4:     0 21'--100000000000000--01   ->     4 5'00100
      5:     0 21'---10000000000000--01   ->     4 5'00100
      6:     0 21'----1000000000000--01   ->     4 5'00100
      7:     0 21'-----100000000000--01   ->     4 5'00100
      8:     0 21'------10000000000--01   ->     4 5'00100
      9:     0 21'-------1000000000--01   ->     4 5'00100
     10:     0 21'--------100000000--01   ->     4 5'00100
     11:     0 21'---------10000000--01   ->     4 5'00100
     12:     0 21'----------1000000--01   ->     4 5'00100
     13:     0 21'-----------100000--01   ->     4 5'00100
     14:     0 21'------------10000--01   ->     4 5'00100
     15:     0 21'-------------1000--01   ->     4 5'00100
     16:     0 21'--------------100--01   ->     4 5'00100
     17:     0 21'---------------10--01   ->     4 5'00100
     18:     0 21'----------------1--01   ->     4 5'00100
     19:     1 21'---------------------   ->     0 5'00001
     20:     2 21'--------------------0   ->     0 5'00010
     21:     2 21'-----------------0--1   ->     0 5'00010
     22:     2 21'-----------------1--1   ->     4 5'00010
     23:     3 21'--------------------0   ->     0 5'10000
     24:     3 21'1-------------------1   ->     2 5'10000
     25:     3 21'0-------------------1   ->     3 5'10000
     26:     4 21'--------------------0   ->     0 5'01000
     27:     4 21'------------------0-1   ->     1 5'01000
     28:     4 21'------------------1-1   ->     4 5'01000

-------------------------------------

22.8.8. Executing FSM_MAP pass (mapping FSMs to basic logic).
Mapping FSM `$fsm$\u_sq_engine.state$7422' from module `\io_uncore_top'.
Mapping FSM `$fsm$\u_sram_arbiter.last_grant$7406' from module `\io_uncore_top'.
Mapping FSM `$fsm$\u_db_coalescer.state$7409' from module `\io_uncore_top'.
Mapping FSM `$fsm$\u_cq_engine.state$7415' from module `\io_uncore_top'.

22.9. Executing OPT pass (performing simple optimizations).

22.9.1. Executing OPT_EXPR pass (perform const folding).
Optimizing module io_uncore_top.

22.9.2. Executing OPT_MERGE pass (detect identical cells).
Finding identical cells in module `\io_uncore_top'.
Computing hashes of 1430 cells of `\io_uncore_top'.
Finding duplicate cells in `\io_uncore_top'.
Computing hashes of 1425 cells of `\io_uncore_top'.
Finding duplicate cells in `\io_uncore_top'.
Removed a total of 5 cells.

22.9.3. Executing OPT_MUXTREE pass (detect dead branches in mux trees).
Running muxtree optimizer on module \io_uncore_top..
  Creating internal representation of mux trees.
  Evaluating internal representation of mux trees.
  Analyzing evaluation results.
Removed 0 multiplexer ports.

22.9.4. Executing OPT_REDUCE pass (consolidate $*mux and $reduce_* inputs).
  Optimizing cells in module \io_uncore_top.
Performed a total of 0 changes.

22.9.5. Executing OPT_MERGE pass (detect identical cells).
Finding identical cells in module `\io_uncore_top'.
Computing hashes of 1425 cells of `\io_uncore_top'.
Finding duplicate cells in `\io_uncore_top'.
Removed a total of 0 cells.

22.9.6. Executing OPT_DFF pass (perform DFF optimizations).
Adding SRST signal on $flatten\u_stat_counters.$procdff$6893 ($dff) from module io_uncore_top (D = $flatten\u_stat_counters.$procmux$2944_Y, Q = \u_stat_counters.counters[0], rval = 64'0000000000000000000000000000000000000000000000000000000000000000).
Adding EN signal on $auto$ff.cc:337:slice$7752 ($sdff) from module io_uncore_top (D = $flatten\u_stat_counters.$add$src/stat_counters.v:34$2829_Y, Q = \u_stat_counters.counters[0]).
Adding SRST signal on $flatten\u_stat_counters.$procdff$6892 ($dff) from module io_uncore_top (D = $flatten\u_stat_counters.$procmux$2939_Y, Q = \u_stat_counters.counters[1], rval = 64'0000000000000000000000000000000000000000000000000000000000000000).
Adding EN signal on $auto$ff.cc:337:slice$7754 ($sdff) from module io_uncore_top (D = $flatten\u_stat_counters.$add$src/stat_counters.v:34$2835_Y, Q = \u_stat_counters.counters[1]).
Adding SRST signal on $flatten\u_stat_counters.$procdff$6891 ($dff) from module io_uncore_top (D = $flatten\u_stat_counters.$procmux$2934_Y, Q = \u_stat_counters.counters[2], rval = 64'0000000000000000000000000000000000000000000000000000000000000000).
Adding EN signal on $auto$ff.cc:337:slice$7756 ($sdff) from module io_uncore_top (D = $flatten\u_stat_counters.$add$src/stat_counters.v:34$2841_Y, Q = \u_stat_counters.counters[2]).
Adding SRST signal on $flatten\u_stat_counters.$procdff$6890 ($dff) from module io_uncore_top (D = $flatten\u_stat_counters.$procmux$2929_Y, Q = \u_stat_counters.counters[3], rval = 64'0000000000000000000000000000000000000000000000000000000000000000).
Adding EN signal on $auto$ff.cc:337:slice$7758 ($sdff) from module io_uncore_top (D = $flatten\u_stat_counters.$add$src/stat_counters.v:34$2847_Y, Q = \u_stat_counters.counters[3]).
Adding SRST signal on $flatten\u_stat_counters.$procdff$6889 ($dff) from module io_uncore_top (D = $flatten\u_stat_counters.$procmux$2924_Y, Q = \u_stat_counters.counters[4], rval = 64'0000000000000000000000000000000000000000000000000000000000000000).
Adding EN signal on $auto$ff.cc:337:slice$7760 ($sdff) from module io_uncore_top (D = $flatten\u_stat_counters.$add$src/stat_counters.v:34$2853_Y, Q = \u_stat_counters.counters[4]).
Adding SRST signal on $flatten\u_stat_counters.$procdff$6888 ($dff) from module io_uncore_top (D = $flatten\u_stat_counters.$procmux$2919_Y, Q = \u_stat_counters.counters[5], rval = 64'0000000000000000000000000000000000000000000000000000000000000000).
Adding EN signal on $auto$ff.cc:337:slice$7762 ($sdff) from module io_uncore_top (D = $flatten\u_stat_counters.$add$src/stat_counters.v:34$2859_Y, Q = \u_stat_counters.counters[5]).
Adding SRST signal on $flatten\u_stat_counters.$procdff$6887 ($dff) from module io_uncore_top (D = $flatten\u_stat_counters.$procmux$2914_Y, Q = \u_stat_counters.counters[6], rval = 64'0000000000000000000000000000000000000000000000000000000000000000).
Adding EN signal on $auto$ff.cc:337:slice$7764 ($sdff) from module io_uncore_top (D = $flatten\u_stat_counters.$add$src/stat_counters.v:34$2865_Y, Q = \u_stat_counters.counters[6]).
Adding SRST signal on $flatten\u_stat_counters.$procdff$6886 ($dff) from module io_uncore_top (D = $flatten\u_stat_counters.$procmux$2909_Y, Q = \u_stat_counters.counters[7], rval = 64'0000000000000000000000000000000000000000000000000000000000000000).
Adding EN signal on $auto$ff.cc:337:slice$7766 ($sdff) from module io_uncore_top (D = $flatten\u_stat_counters.$add$src/stat_counters.v:34$2871_Y, Q = \u_stat_counters.counters[7]).
Adding SRST signal on $flatten\u_stat_counters.$procdff$6885 ($dff) from module io_uncore_top (D = $flatten\u_stat_counters.$procmux$2904_Y, Q = \u_stat_counters.counters[8], rval = 64'0000000000000000000000000000000000000000000000000000000000000000).
Adding SRST signal on $flatten\u_stat_counters.$procdff$6884 ($dff) from module io_uncore_top (D = $flatten\u_stat_counters.$procmux$2899_Y, Q = \u_stat_counters.counters[9], rval = 64'0000000000000000000000000000000000000000000000000000000000000000).
Adding EN signal on $auto$ff.cc:337:slice$7769 ($sdff) from module io_uncore_top (D = $flatten\u_stat_counters.$add$src/stat_counters.v:34$2883_Y, Q = \u_stat_counters.counters[9]).
Adding SRST signal on $flatten\u_sq_engine.$procdff$7120 ($dff) from module io_uncore_top (D = $flatten\u_sq_engine.$procmux$6593_Y, Q = \u_sq_engine.prp_was_list, rval = 1'0).
Adding EN signal on $auto$ff.cc:337:slice$7771 ($sdff) from module io_uncore_top (D = $flatten\u_sq_engine.$procmux$6591_Y, Q = \u_sq_engine.prp_was_list).
Adding SRST signal on $flatten\u_sq_engine.$procdff$7119 ($dff) from module io_uncore_top (D = $flatten\u_sq_engine.$procmux$6609_Y, Q = \u_sq_engine.prp_was_simple, rval = 1'0).
Adding EN signal on $auto$ff.cc:337:slice$7773 ($sdff) from module io_uncore_top (D = $flatten\u_sq_engine.$procmux$6607_Y, Q = \u_sq_engine.prp_was_simple).
Adding EN signal on $flatten\u_credit_manager.$procdff$6898 ($adff) from module io_uncore_top (D = $flatten\u_credit_manager.$0\credits[6:0], Q = \u_credit_manager.credits).
Adding EN signal on $flatten\u_sram_arbiter.$procdff$6908 ($adff) from module io_uncore_top (D = \u_sram_arbiter.sram_rdata, Q = \u_sram_arbiter.rdata_reg).
Adding SRST signal on $flatten\u_sq_engine.$procdff$7117 ($dff) from module io_uncore_top (D = $flatten\u_sq_engine.$procmux$6625_Y, Q = \u_sq_engine.prp_count, rval = 5'00000).
Adding EN signal on $auto$ff.cc:337:slice$7789 ($sdff) from module io_uncore_top (D = $flatten\u_sq_engine.$div$src/sq_engine.v:211$1859_Y [4:0], Q = \u_sq_engine.prp_count).
Adding SRST signal on $flatten\u_sq_engine.$procdff$7116 ($dff) from module io_uncore_top (D = $flatten\u_sq_engine.$procmux$6637_Y, Q = \u_sq_engine.prp_idx, rval = 5'00000).
Adding EN signal on $auto$ff.cc:337:slice$7797 ($sdff) from module io_uncore_top (D = $flatten\u_sq_engine.$procmux$6637_Y, Q = \u_sq_engine.prp_idx).
Adding SRST signal on $flatten\u_sq_engine.$procdff$7115 ($dff) from module io_uncore_top (D = $flatten\u_sq_engine.$procmux$6656_Y, Q = \u_sq_engine.cur_prp2, rval = 64'0000000000000000000000000000000000000000000000000000000000000000).
Adding EN signal on $auto$ff.cc:337:slice$7811 ($sdff) from module io_uncore_top (D = $flatten\u_sq_engine.$procmux$6656_Y, Q = \u_sq_engine.cur_prp2).
Adding SRST signal on $flatten\u_sq_engine.$procdff$7114 ($dff) from module io_uncore_top (D = $flatten\u_sq_engine.$procmux$6668_Y, Q = \u_sq_engine.cur_prp1, rval = 64'0000000000000000000000000000000000000000000000000000000000000000).
Adding EN signal on $auto$ff.cc:337:slice$7821 ($sdff) from module io_uncore_top (D = \u_sq_engine.cur_buf_addr, Q = \u_sq_engine.cur_prp1).
Adding SRST signal on $flatten\u_sq_engine.$procdff$7112 ($dff) from module io_uncore_top (D = $flatten\u_sq_engine.$procmux$6689_Y, Q = \u_sq_engine.cur_cid, rval = 6'000000).
Adding EN signal on $auto$ff.cc:337:slice$7823 ($sdff) from module io_uncore_top (D = $flatten\u_sq_engine.$memrd$\cid_counter$src/sq_engine.v:184$1842_DATA, Q = \u_sq_engine.cur_cid).
Adding SRST signal on $flatten\u_sq_engine.$procdff$7111 ($dff) from module io_uncore_top (D = $flatten\u_sq_engine.$procmux$6700_Y, Q = \u_sq_engine.cur_buf_addr, rval = 64'0000000000000000000000000000000000000000000000000000000000000000).
Adding EN signal on $auto$ff.cc:337:slice$7825 ($sdff) from module io_uncore_top (D = $flatten\u_sq_engine.$memrd$\latch_w2$src/sq_engine.v:181$1841_DATA, Q = \u_sq_engine.cur_buf_addr).
Adding SRST signal on $flatten\u_db_coalescer.$procdff$7007 ($dff) from module io_uncore_top (D = $flatten\u_db_coalescer.$procmux$4345_Y, Q = \u_db_coalescer.timer_active[15], rval = 1'0).
Adding SRST signal on $flatten\u_db_coalescer.$procdff$7006 ($dff) from module io_uncore_top (D = $flatten\u_db_coalescer.$procmux$4354_Y, Q = \u_db_coalescer.timer_active[14], rval = 1'0).
Adding SRST signal on $flatten\u_db_coalescer.$procdff$7005 ($dff) from module io_uncore_top (D = $flatten\u_db_coalescer.$procmux$4363_Y, Q = \u_db_coalescer.timer_active[13], rval = 1'0).
Adding SRST signal on $flatten\u_db_coalescer.$procdff$7004 ($dff) from module io_uncore_top (D = $flatten\u_db_coalescer.$procmux$4372_Y, Q = \u_db_coalescer.timer_active[12], rval = 1'0).
Adding SRST signal on $flatten\u_db_coalescer.$procdff$7003 ($dff) from module io_uncore_top (D = $flatten\u_db_coalescer.$procmux$4381_Y, Q = \u_db_coalescer.timer_active[11], rval = 1'0).
Adding SRST signal on $flatten\u_db_coalescer.$procdff$7002 ($dff) from module io_uncore_top (D = $flatten\u_db_coalescer.$procmux$4390_Y, Q = \u_db_coalescer.timer_active[10], rval = 1'0).
Adding SRST signal on $flatten\u_db_coalescer.$procdff$7001 ($dff) from module io_uncore_top (D = $flatten\u_db_coalescer.$procmux$4399_Y, Q = \u_db_coalescer.timer_active[9], rval = 1'0).
Adding SRST signal on $flatten\u_db_coalescer.$procdff$7000 ($dff) from module io_uncore_top (D = $flatten\u_db_coalescer.$procmux$4408_Y, Q = \u_db_coalescer.timer_active[8], rval = 1'0).
Adding SRST signal on $flatten\u_db_coalescer.$procdff$6999 ($dff) from module io_uncore_top (D = $flatten\u_db_coalescer.$procmux$4417_Y, Q = \u_db_coalescer.timer_active[7], rval = 1'0).
Adding SRST signal on $flatten\u_db_coalescer.$procdff$6998 ($dff) from module io_uncore_top (D = $flatten\u_db_coalescer.$procmux$4426_Y, Q = \u_db_coalescer.timer_active[6], rval = 1'0).
Adding SRST signal on $flatten\u_db_coalescer.$procdff$6997 ($dff) from module io_uncore_top (D = $flatten\u_db_coalescer.$procmux$4435_Y, Q = \u_db_coalescer.timer_active[5], rval = 1'0).
Adding SRST signal on $flatten\u_db_coalescer.$procdff$6996 ($dff) from module io_uncore_top (D = $flatten\u_db_coalescer.$procmux$4444_Y, Q = \u_db_coalescer.timer_active[4], rval = 1'0).
Adding SRST signal on $flatten\u_db_coalescer.$procdff$6995 ($dff) from module io_uncore_top (D = $flatten\u_db_coalescer.$procmux$4453_Y, Q = \u_db_coalescer.timer_active[3], rval = 1'0).
Adding SRST signal on $flatten\u_db_coalescer.$procdff$6994 ($dff) from module io_uncore_top (D = $flatten\u_db_coalescer.$procmux$4462_Y, Q = \u_db_coalescer.timer_active[2], rval = 1'0).
Adding SRST signal on $flatten\u_db_coalescer.$procdff$6993 ($dff) from module io_uncore_top (D = $flatten\u_db_coalescer.$procmux$4471_Y, Q = \u_db_coalescer.timer_active[1], rval = 1'0).
Adding SRST signal on $flatten\u_db_coalescer.$procdff$6992 ($dff) from module io_uncore_top (D = $flatten\u_db_coalescer.$procmux$4480_Y, Q = \u_db_coalescer.timer_active[0], rval = 1'0).
Adding SRST signal on $flatten\u_db_coalescer.$procdff$6991 ($dff) from module io_uncore_top (D = $flatten\u_db_coalescer.$procmux$4491_Y, Q = \u_db_coalescer.timer[15], rval = 7'0000000).
Adding SRST signal on $flatten\u_db_coalescer.$procdff$6990 ($dff) from module io_uncore_top (D = $flatten\u_db_coalescer.$procmux$4502_Y, Q = \u_db_coalescer.timer[14], rval = 7'0000000).
Adding SRST signal on $flatten\u_db_coalescer.$procdff$6989 ($dff) from module io_uncore_top (D = $flatten\u_db_coalescer.$procmux$4513_Y, Q = \u_db_coalescer.timer[13], rval = 7'0000000).
Adding SRST signal on $flatten\u_db_coalescer.$procdff$6988 ($dff) from module io_uncore_top (D = $flatten\u_db_coalescer.$procmux$4524_Y, Q = \u_db_coalescer.timer[12], rval = 7'0000000).
Adding SRST signal on $flatten\u_db_coalescer.$procdff$6987 ($dff) from module io_uncore_top (D = $flatten\u_db_coalescer.$procmux$4535_Y, Q = \u_db_coalescer.timer[11], rval = 7'0000000).
Adding SRST signal on $flatten\u_db_coalescer.$procdff$6986 ($dff) from module io_uncore_top (D = $flatten\u_db_coalescer.$procmux$4546_Y, Q = \u_db_coalescer.timer[10], rval = 7'0000000).
Adding SRST signal on $flatten\u_db_coalescer.$procdff$6985 ($dff) from module io_uncore_top (D = $flatten\u_db_coalescer.$procmux$4557_Y, Q = \u_db_coalescer.timer[9], rval = 7'0000000).
Adding SRST signal on $flatten\u_db_coalescer.$procdff$6984 ($dff) from module io_uncore_top (D = $flatten\u_db_coalescer.$procmux$4568_Y, Q = \u_db_coalescer.timer[8], rval = 7'0000000).
Adding SRST signal on $flatten\u_db_coalescer.$procdff$6983 ($dff) from module io_uncore_top (D = $flatten\u_db_coalescer.$procmux$4579_Y, Q = \u_db_coalescer.timer[7], rval = 7'0000000).
Adding SRST signal on $flatten\u_db_coalescer.$procdff$6982 ($dff) from module io_uncore_top (D = $flatten\u_db_coalescer.$procmux$4590_Y, Q = \u_db_coalescer.timer[6], rval = 7'0000000).
Adding SRST signal on $flatten\u_db_coalescer.$procdff$6981 ($dff) from module io_uncore_top (D = $flatten\u_db_coalescer.$procmux$4601_Y, Q = \u_db_coalescer.timer[5], rval = 7'0000000).
Adding SRST signal on $flatten\u_db_coalescer.$procdff$6980 ($dff) from module io_uncore_top (D = $flatten\u_db_coalescer.$procmux$4612_Y, Q = \u_db_coalescer.timer[4], rval = 7'0000000).
Adding SRST signal on $flatten\u_db_coalescer.$procdff$6979 ($dff) from module io_uncore_top (D = $flatten\u_db_coalescer.$procmux$4623_Y, Q = \u_db_coalescer.timer[3], rval = 7'0000000).
Adding SRST signal on $flatten\u_db_coalescer.$procdff$6978 ($dff) from module io_uncore_top (D = $flatten\u_db_coalescer.$procmux$4634_Y, Q = \u_db_coalescer.timer[2], rval = 7'0000000).
Adding SRST signal on $flatten\u_db_coalescer.$procdff$6977 ($dff) from module io_uncore_top (D = $flatten\u_db_coalescer.$procmux$4645_Y, Q = \u_db_coalescer.timer[1], rval = 7'0000000).
Adding SRST signal on $flatten\u_db_coalescer.$procdff$6976 ($dff) from module io_uncore_top (D = $flatten\u_db_coalescer.$procmux$4656_Y, Q = \u_db_coalescer.timer[0], rval = 7'0000000).
Adding SRST signal on $flatten\u_sq_engine.$procdff$7109 ($dff) from module io_uncore_top (D = $flatten\u_sq_engine.$procmux$6722_Y, Q = \u_sq_engine.cur_nlb, rval = 16'0000000000000000).
Adding EN signal on $auto$ff.cc:337:slice$7987 ($sdff) from module io_uncore_top (D = $flatten\u_sq_engine.$memrd$\latch_w1$src/sq_engine.v:178$1838_DATA [47:32], Q = \u_sq_engine.cur_nlb).
Adding SRST signal on $flatten\u_sq_engine.$procdff$7108 ($dff) from module io_uncore_top (D = $flatten\u_sq_engine.$procmux$6733_Y, Q = \u_sq_engine.cur_lba, rval = 64'0000000000000000000000000000000000000000000000000000000000000000).
Adding EN signal on $auto$ff.cc:337:slice$7989 ($sdff) from module io_uncore_top (D = { $flatten\u_sq_engine.$memrd$\latch_w1$src/sq_engine.v:178$1838_DATA [31:0] $flatten\u_sq_engine.$memrd$\latch_w0$src/sq_engine.v:175$1834_DATA [63:32] }, Q = \u_sq_engine.cur_lba).
Adding SRST signal on $flatten\u_sq_engine.$procdff$7107 ($dff) from module io_uncore_top (D = $flatten\u_sq_engine.$procmux$6744_Y, Q = \u_sq_engine.cur_nsid, rval = 16'0000000000000000).
Adding EN signal on $auto$ff.cc:337:slice$7991 ($sdff) from module io_uncore_top (D = $flatten\u_sq_engine.$memrd$\latch_w0$src/sq_engine.v:175$1834_DATA [31:16], Q = \u_sq_engine.cur_nsid).
Adding SRST signal on $flatten\u_sq_engine.$procdff$7106 ($dff) from module io_uncore_top (D = $flatten\u_sq_engine.$procmux$6755_Y, Q = \u_sq_engine.cur_flags, rval = 8'00000000).
Adding EN signal on $auto$ff.cc:337:slice$7993 ($sdff) from module io_uncore_top (D = $flatten\u_sq_engine.$memrd$\latch_w0$src/sq_engine.v:175$1834_DATA [15:8], Q = \u_sq_engine.cur_flags).
Adding SRST signal on $flatten\u_sq_engine.$procdff$7105 ($dff) from module io_uncore_top (D = $flatten\u_sq_engine.$procmux$6766_Y, Q = \u_sq_engine.cur_opcode, rval = 8'00000000).
Adding EN signal on $auto$ff.cc:337:slice$7995 ($sdff) from module io_uncore_top (D = $flatten\u_sq_engine.$memrd$\latch_w0$src/sq_engine.v:175$1834_DATA [7:0], Q = \u_sq_engine.cur_opcode).
Adding SRST signal on $flatten\u_sq_engine.$procdff$7104 ($dff) from module io_uncore_top (D = $flatten\u_sq_engine.$procmux$6774_Y, Q = \u_sq_engine.sq_qid, rval = 4'0000).
Adding EN signal on $auto$ff.cc:337:slice$7997 ($sdff) from module io_uncore_top (D = \u_sq_engine.cur_qid, Q = \u_sq_engine.sq_qid).
Adding SRST signal on $flatten\u_sq_engine.$procdff$7102 ($dff) from module io_uncore_top (D = $flatten\u_sq_engine.$procmux$6780_Y, Q = \u_sq_engine.sram_wdata, rval = 512'00000000000000000000000000000000000000000000000000000000000000000000000000000000000000000000000000000000000000000000000000000000000000000000000000000000000000000000000000000000000000000000000000000000000000000000000000000000000000000000000000000000000000000000000000000000000000000000000000000000000000000000000000000000000000000000000000000000000000000000000000000000000000000000000000000000000000000000000000000000000000000000000000000000000000000000000000000000000000000000000000000000000000000000000000000000).
Adding EN signal on $auto$ff.cc:337:slice$8001 ($sdff) from module io_uncore_top (D = $flatten\u_sq_engine.$procmux$6780_Y, Q = \u_sq_engine.sram_wdata).
Adding SRST signal on $flatten\u_sq_engine.$procdff$7101 ($dff) from module io_uncore_top (D = $flatten\u_sq_engine.$procmux$6787_Y, Q = \u_sq_engine.sram_addr, rval = 20'00000000000000000000).
Adding EN signal on $auto$ff.cc:337:slice$8005 ($sdff) from module io_uncore_top (D = $flatten\u_sq_engine.$procmux$6787_Y, Q = \u_sq_engine.sram_addr).
Adding SRST signal on $flatten\u_sq_engine.$procdff$7100 ($dff) from module io_uncore_top (D = $flatten\u_sq_engine.$procmux$6794_Y, Q = \u_sq_engine.sram_wr, rval = 1'0).
Adding EN signal on $auto$ff.cc:337:slice$8009 ($sdff) from module io_uncore_top (D = 1'1, Q = \u_sq_engine.sram_wr).
Adding SRST signal on $flatten\u_sq_engine.$procdff$7099 ($dff) from module io_uncore_top (D = $flatten\u_sq_engine.$procmux$6501_Y, Q = \u_sq_engine.sram_req, rval = 1'0).
Adding SRST signal on $flatten\u_sq_engine.$procdff$7098 ($dff) from module io_uncore_top (D = $flatten\u_sq_engine.$procmux$6812_Y, Q = \u_sq_engine.cur_qid, rval = 4'0000).
Adding EN signal on $auto$ff.cc:337:slice$8012 ($sdff) from module io_uncore_top (D = \u_sq_engine.mailbox_qid, Q = \u_sq_engine.cur_qid).
Adding SRST signal on $flatten\u_sq_engine.$procdff$7096 ($dff) from module io_uncore_top (D = $flatten\u_sq_engine.$procmux$6477_Y, Q = \u_sq_engine.credit_dec, rval = 1'0).
Adding SRST signal on $flatten\u_db_coalescer.$procdff$6915 ($dff) from module io_uncore_top (D = $flatten\u_db_coalescer.$procmux$4270_Y, Q = \u_db_coalescer.cur_qid, rval = 4'0000).
Adding EN signal on $auto$ff.cc:337:slice$8019 ($sdff) from module io_uncore_top (D = $flatten\u_db_coalescer.$procmux$4268_Y, Q = \u_db_coalescer.cur_qid).
Adding SRST signal on $flatten\u_db_coalescer.$procdff$6913 ($dff) from module io_uncore_top (D = $flatten\u_db_coalescer.$procmux$4325_Y, Q = \u_db_coalescer.dev_db_is_sq, rval = 1'0).
Adding EN signal on $auto$ff.cc:337:slice$8025 ($sdff) from module io_uncore_top (D = $flatten\u_db_coalescer.$memrd$\latest_is_sq$src/db_coalescer.v:132$2804_DATA, Q = \u_db_coalescer.dev_db_is_sq).
Adding SRST signal on $flatten\u_db_coalescer.$procdff$6912 ($dff) from module io_uncore_top (D = $flatten\u_db_coalescer.$procmux$4331_Y, Q = \u_db_coalescer.dev_db_tail, rval = 16'0000000000000000).
Adding EN signal on $auto$ff.cc:337:slice$8027 ($sdff) from module io_uncore_top (D = $flatten\u_db_coalescer.$memrd$\latest_tail$src/db_coalescer.v:131$2803_DATA, Q = \u_db_coalescer.dev_db_tail).
Adding SRST signal on $flatten\u_db_coalescer.$procdff$6911 ($dff) from module io_uncore_top (D = $flatten\u_db_coalescer.$procmux$4337_Y, Q = \u_db_coalescer.dev_db_qid, rval = 4'0000).
Adding EN signal on $auto$ff.cc:337:slice$8029 ($sdff) from module io_uncore_top (D = \u_db_coalescer.cur_qid, Q = \u_db_coalescer.dev_db_qid).
Adding SRST signal on $flatten\u_cq_engine.$procdff$7094 ($dff) from module io_uncore_top (D = $flatten\u_cq_engine.$procmux$5269_Y, Q = \u_cq_engine.timer_active[15], rval = 1'0).
Adding EN signal on $auto$ff.cc:337:slice$8031 ($sdff) from module io_uncore_top (D = 1'1, Q = \u_cq_engine.timer_active[15]).
Adding SRST signal on $flatten\u_cq_engine.$procdff$7093 ($dff) from module io_uncore_top (D = $flatten\u_cq_engine.$procmux$5278_Y, Q = \u_cq_engine.timer_active[14], rval = 1'0).
Adding EN signal on $auto$ff.cc:337:slice$8037 ($sdff) from module io_uncore_top (D = 1'1, Q = \u_cq_engine.timer_active[14]).
Adding SRST signal on $flatten\u_cq_engine.$procdff$7092 ($dff) from module io_uncore_top (D = $flatten\u_cq_engine.$procmux$5287_Y, Q = \u_cq_engine.timer_active[13], rval = 1'0).
Adding EN signal on $auto$ff.cc:337:slice$8043 ($sdff) from module io_uncore_top (D = 1'1, Q = \u_cq_engine.timer_active[13]).
Adding SRST signal on $flatten\u_cq_engine.$procdff$7091 ($dff) from module io_uncore_top (D = $flatten\u_cq_engine.$procmux$5296_Y, Q = \u_cq_engine.timer_active[12], rval = 1'0).
Adding EN signal on $auto$ff.cc:337:slice$8049 ($sdff) from module io_uncore_top (D = 1'1, Q = \u_cq_engine.timer_active[12]).
Adding SRST signal on $flatten\u_cq_engine.$procdff$7090 ($dff) from module io_uncore_top (D = $flatten\u_cq_engine.$procmux$5305_Y, Q = \u_cq_engine.timer_active[11], rval = 1'0).
Adding EN signal on $auto$ff.cc:337:slice$8055 ($sdff) from module io_uncore_top (D = 1'1, Q = \u_cq_engine.timer_active[11]).
Adding SRST signal on $flatten\u_cq_engine.$procdff$7089 ($dff) from module io_uncore_top (D = $flatten\u_cq_engine.$procmux$5314_Y, Q = \u_cq_engine.timer_active[10], rval = 1'0).
Adding EN signal on $auto$ff.cc:337:slice$8061 ($sdff) from module io_uncore_top (D = 1'1, Q = \u_cq_engine.timer_active[10]).
Adding SRST signal on $flatten\u_cq_engine.$procdff$7088 ($dff) from module io_uncore_top (D = $flatten\u_cq_engine.$procmux$5323_Y, Q = \u_cq_engine.timer_active[9], rval = 1'0).
Adding EN signal on $auto$ff.cc:337:slice$8067 ($sdff) from module io_uncore_top (D = 1'1, Q = \u_cq_engine.timer_active[9]).
Adding SRST signal on $flatten\u_cq_engine.$procdff$7087 ($dff) from module io_uncore_top (D = $flatten\u_cq_engine.$procmux$5332_Y, Q = \u_cq_engine.timer_active[8], rval = 1'0).
Adding EN signal on $auto$ff.cc:337:slice$8073 ($sdff) from module io_uncore_top (D = 1'1, Q = \u_cq_engine.timer_active[8]).
Adding SRST signal on $flatten\u_cq_engine.$procdff$7086 ($dff) from module io_uncore_top (D = $flatten\u_cq_engine.$procmux$5341_Y, Q = \u_cq_engine.timer_active[7], rval = 1'0).
Adding EN signal on $auto$ff.cc:337:slice$8079 ($sdff) from module io_uncore_top (D = 1'1, Q = \u_cq_engine.timer_active[7]).
Adding SRST signal on $flatten\u_cq_engine.$procdff$7085 ($dff) from module io_uncore_top (D = $flatten\u_cq_engine.$procmux$5350_Y, Q = \u_cq_engine.timer_active[6], rval = 1'0).
Adding EN signal on $auto$ff.cc:337:slice$8085 ($sdff) from module io_uncore_top (D = 1'1, Q = \u_cq_engine.timer_active[6]).
Adding SRST signal on $flatten\u_cq_engine.$procdff$7084 ($dff) from module io_uncore_top (D = $flatten\u_cq_engine.$procmux$5359_Y, Q = \u_cq_engine.timer_active[5], rval = 1'0).
Adding EN signal on $auto$ff.cc:337:slice$8091 ($sdff) from module io_uncore_top (D = 1'1, Q = \u_cq_engine.timer_active[5]).
Adding SRST signal on $flatten\u_cq_engine.$procdff$7083 ($dff) from module io_uncore_top (D = $flatten\u_cq_engine.$procmux$5368_Y, Q = \u_cq_engine.timer_active[4], rval = 1'0).
Adding EN signal on $auto$ff.cc:337:slice$8097 ($sdff) from module io_uncore_top (D = 1'1, Q = \u_cq_engine.timer_active[4]).
Adding SRST signal on $flatten\u_cq_engine.$procdff$7082 ($dff) from module io_uncore_top (D = $flatten\u_cq_engine.$procmux$5377_Y, Q = \u_cq_engine.timer_active[3], rval = 1'0).
Adding EN signal on $auto$ff.cc:337:slice$8103 ($sdff) from module io_uncore_top (D = 1'1, Q = \u_cq_engine.timer_active[3]).
Adding SRST signal on $flatten\u_cq_engine.$procdff$7081 ($dff) from module io_uncore_top (D = $flatten\u_cq_engine.$procmux$5386_Y, Q = \u_cq_engine.timer_active[2], rval = 1'0).
Adding EN signal on $auto$ff.cc:337:slice$8109 ($sdff) from module io_uncore_top (D = 1'1, Q = \u_cq_engine.timer_active[2]).
Adding SRST signal on $flatten\u_cq_engine.$procdff$7080 ($dff) from module io_uncore_top (D = $flatten\u_cq_engine.$procmux$5395_Y, Q = \u_cq_engine.timer_active[1], rval = 1'0).
Adding EN signal on $auto$ff.cc:337:slice$8115 ($sdff) from module io_uncore_top (D = 1'1, Q = \u_cq_engine.timer_active[1]).
Adding SRST signal on $flatten\u_cq_engine.$procdff$7079 ($dff) from module io_uncore_top (D = $flatten\u_cq_engine.$procmux$5404_Y, Q = \u_cq_engine.timer_active[0], rval = 1'0).
Adding EN signal on $auto$ff.cc:337:slice$8121 ($sdff) from module io_uncore_top (D = 1'1, Q = \u_cq_engine.timer_active[0]).
Adding SRST signal on $flatten\u_cq_engine.$procdff$7078 ($dff) from module io_uncore_top (D = { $flatten\u_cq_engine.$procmux$5412_Y [4] $flatten\u_cq_engine.$procmux$5412_Y [2:0] }, Q = { \u_cq_engine.timer[15] [4] \u_cq_engine.timer[15] [2:0] }, rval = 4'0000).
Adding SRST signal on $flatten\u_cq_engine.$procdff$7078 ($dff) from module io_uncore_top (D = { $flatten\u_cq_engine.$procmux$5415_Y [9:5] $flatten\u_cq_engine.$procmux$5415_Y [3] }, Q = { \u_cq_engine.timer[15] [9:5] \u_cq_engine.timer[15] [3] }, rval = 6'000000).
Adding EN signal on $auto$ff.cc:337:slice$8132 ($sdff) from module io_uncore_top (D = { $flatten\u_cq_engine.$procmux$5415_Y [9:5] $flatten\u_cq_engine.$procmux$5415_Y [3] }, Q = { \u_cq_engine.timer[15] [9:5] \u_cq_engine.timer[15] [3] }).
Adding EN signal on $auto$ff.cc:337:slice$8127 ($sdff) from module io_uncore_top (D = { $flatten\u_cq_engine.$sub$src/cq_engine.v:106$2149_Y [4] $flatten\u_cq_engine.$sub$src/cq_engine.v:106$2149_Y [2:0] }, Q = { \u_cq_engine.timer[15] [4] \u_cq_engine.timer[15] [2:0] }).
Adding SRST signal on $flatten\u_cq_engine.$procdff$7077 ($dff) from module io_uncore_top (D = { $flatten\u_cq_engine.$procmux$5423_Y [4] $flatten\u_cq_engine.$procmux$5423_Y [2:0] }, Q = { \u_cq_engine.timer[14] [4] \u_cq_engine.timer[14] [2:0] }, rval = 4'0000).
Adding SRST signal on $flatten\u_cq_engine.$procdff$7077 ($dff) from module io_uncore_top (D = { $flatten\u_cq_engine.$procmux$5426_Y [9:5] $flatten\u_cq_engine.$procmux$5426_Y [3] }, Q = { \u_cq_engine.timer[14] [9:5] \u_cq_engine.timer[14] [3] }, rval = 6'000000).
Adding EN signal on $auto$ff.cc:337:slice$8146 ($sdff) from module io_uncore_top (D = { $flatten\u_cq_engine.$procmux$5426_Y [9:5] $flatten\u_cq_engine.$procmux$5426_Y [3] }, Q = { \u_cq_engine.timer[14] [9:5] \u_cq_engine.timer[14] [3] }).
Adding EN signal on $auto$ff.cc:337:slice$8141 ($sdff) from module io_uncore_top (D = { $flatten\u_cq_engine.$sub$src/cq_engine.v:106$2136_Y [4] $flatten\u_cq_engine.$sub$src/cq_engine.v:106$2136_Y [2:0] }, Q = { \u_cq_engine.timer[14] [4] \u_cq_engine.timer[14] [2:0] }).
Adding SRST signal on $flatten\u_cq_engine.$procdff$7076 ($dff) from module io_uncore_top (D = { $flatten\u_cq_engine.$procmux$5434_Y [4] $flatten\u_cq_engine.$procmux$5434_Y [2:0] }, Q = { \u_cq_engine.timer[13] [4] \u_cq_engine.timer[13] [2:0] }, rval = 4'0000).
Adding SRST signal on $flatten\u_cq_engine.$procdff$7076 ($dff) from module io_uncore_top (D = { $flatten\u_cq_engine.$procmux$5437_Y [9:5] $flatten\u_cq_engine.$procmux$5437_Y [3] }, Q = { \u_cq_engine.timer[13] [9:5] \u_cq_engine.timer[13] [3] }, rval = 6'000000).
Adding EN signal on $auto$ff.cc:337:slice$8160 ($sdff) from module io_uncore_top (D = { $flatten\u_cq_engine.$procmux$5437_Y [9:5] $flatten\u_cq_engine.$procmux$5437_Y [3] }, Q = { \u_cq_engine.timer[13] [9:5] \u_cq_engine.timer[13] [3] }).
Adding EN signal on $auto$ff.cc:337:slice$8155 ($sdff) from module io_uncore_top (D = { $flatten\u_cq_engine.$sub$src/cq_engine.v:106$2123_Y [4] $flatten\u_cq_engine.$sub$src/cq_engine.v:106$2123_Y [2:0] }, Q = { \u_cq_engine.timer[13] [4] \u_cq_engine.timer[13] [2:0] }).
Adding SRST signal on $flatten\u_cq_engine.$procdff$7075 ($dff) from module io_uncore_top (D = { $flatten\u_cq_engine.$procmux$5445_Y [4] $flatten\u_cq_engine.$procmux$5445_Y [2:0] }, Q = { \u_cq_engine.timer[12] [4] \u_cq_engine.timer[12] [2:0] }, rval = 4'0000).
Adding SRST signal on $flatten\u_cq_engine.$procdff$7075 ($dff) from module io_uncore_top (D = { $flatten\u_cq_engine.$procmux$5448_Y [9:5] $flatten\u_cq_engine.$procmux$5448_Y [3] }, Q = { \u_cq_engine.timer[12] [9:5] \u_cq_engine.timer[12] [3] }, rval = 6'000000).
Adding EN signal on $auto$ff.cc:337:slice$8174 ($sdff) from module io_uncore_top (D = { $flatten\u_cq_engine.$procmux$5448_Y [9:5] $flatten\u_cq_engine.$procmux$5448_Y [3] }, Q = { \u_cq_engine.timer[12] [9:5] \u_cq_engine.timer[12] [3] }).
Adding EN signal on $auto$ff.cc:337:slice$8169 ($sdff) from module io_uncore_top (D = { $flatten\u_cq_engine.$sub$src/cq_engine.v:106$2110_Y [4] $flatten\u_cq_engine.$sub$src/cq_engine.v:106$2110_Y [2:0] }, Q = { \u_cq_engine.timer[12] [4] \u_cq_engine.timer[12] [2:0] }).
Adding SRST signal on $flatten\u_cq_engine.$procdff$7074 ($dff) from module io_uncore_top (D = { $flatten\u_cq_engine.$procmux$5456_Y [4] $flatten\u_cq_engine.$procmux$5456_Y [2:0] }, Q = { \u_cq_engine.timer[11] [4] \u_cq_engine.timer[11] [2:0] }, rval = 4'0000).
Adding SRST signal on $flatten\u_cq_engine.$procdff$7074 ($dff) from module io_uncore_top (D = { $flatten\u_cq_engine.$procmux$5459_Y [9:5] $flatten\u_cq_engine.$procmux$5459_Y [3] }, Q = { \u_cq_engine.timer[11] [9:5] \u_cq_engine.timer[11] [3] }, rval = 6'000000).
Adding EN signal on $auto$ff.cc:337:slice$8188 ($sdff) from module io_uncore_top (D = { $flatten\u_cq_engine.$procmux$5459_Y [9:5] $flatten\u_cq_engine.$procmux$5459_Y [3] }, Q = { \u_cq_engine.timer[11] [9:5] \u_cq_engine.timer[11] [3] }).
Adding EN signal on $auto$ff.cc:337:slice$8183 ($sdff) from module io_uncore_top (D = { $flatten\u_cq_engine.$sub$src/cq_engine.v:106$2097_Y [4] $flatten\u_cq_engine.$sub$src/cq_engine.v:106$2097_Y [2:0] }, Q = { \u_cq_engine.timer[11] [4] \u_cq_engine.timer[11] [2:0] }).
Adding SRST signal on $flatten\u_cq_engine.$procdff$7073 ($dff) from module io_uncore_top (D = { $flatten\u_cq_engine.$procmux$5467_Y [4] $flatten\u_cq_engine.$procmux$5467_Y [2:0] }, Q = { \u_cq_engine.timer[10] [4] \u_cq_engine.timer[10] [2:0] }, rval = 4'0000).
Adding SRST signal on $flatten\u_cq_engine.$procdff$7073 ($dff) from module io_uncore_top (D = { $flatten\u_cq_engine.$procmux$5470_Y [9:5] $flatten\u_cq_engine.$procmux$5470_Y [3] }, Q = { \u_cq_engine.timer[10] [9:5] \u_cq_engine.timer[10] [3] }, rval = 6'000000).
Adding EN signal on $auto$ff.cc:337:slice$8202 ($sdff) from module io_uncore_top (D = { $flatten\u_cq_engine.$procmux$5470_Y [9:5] $flatten\u_cq_engine.$procmux$5470_Y [3] }, Q = { \u_cq_engine.timer[10] [9:5] \u_cq_engine.timer[10] [3] }).
Adding EN signal on $auto$ff.cc:337:slice$8197 ($sdff) from module io_uncore_top (D = { $flatten\u_cq_engine.$sub$src/cq_engine.v:106$2084_Y [4] $flatten\u_cq_engine.$sub$src/cq_engine.v:106$2084_Y [2:0] }, Q = { \u_cq_engine.timer[10] [4] \u_cq_engine.timer[10] [2:0] }).
Adding SRST signal on $flatten\u_cq_engine.$procdff$7072 ($dff) from module io_uncore_top (D = { $flatten\u_cq_engine.$procmux$5478_Y [4] $flatten\u_cq_engine.$procmux$5478_Y [2:0] }, Q = { \u_cq_engine.timer[9] [4] \u_cq_engine.timer[9] [2:0] }, rval = 4'0000).
Adding SRST signal on $flatten\u_cq_engine.$procdff$7072 ($dff) from module io_uncore_top (D = { $flatten\u_cq_engine.$procmux$5481_Y [9:5] $flatten\u_cq_engine.$procmux$5481_Y [3] }, Q = { \u_cq_engine.timer[9] [9:5] \u_cq_engine.timer[9] [3] }, rval = 6'000000).
Adding EN signal on $auto$ff.cc:337:slice$8216 ($sdff) from module io_uncore_top (D = { $flatten\u_cq_engine.$procmux$5481_Y [9:5] $flatten\u_cq_engine.$procmux$5481_Y [3] }, Q = { \u_cq_engine.timer[9] [9:5] \u_cq_engine.timer[9] [3] }).
Adding EN signal on $auto$ff.cc:337:slice$8211 ($sdff) from module io_uncore_top (D = { $flatten\u_cq_engine.$sub$src/cq_engine.v:106$2071_Y [4] $flatten\u_cq_engine.$sub$src/cq_engine.v:106$2071_Y [2:0] }, Q = { \u_cq_engine.timer[9] [4] \u_cq_engine.timer[9] [2:0] }).
Adding SRST signal on $flatten\u_cq_engine.$procdff$7071 ($dff) from module io_uncore_top (D = { $flatten\u_cq_engine.$procmux$5489_Y [4] $flatten\u_cq_engine.$procmux$5489_Y [2:0] }, Q = { \u_cq_engine.timer[8] [4] \u_cq_engine.timer[8] [2:0] }, rval = 4'0000).
Adding SRST signal on $flatten\u_cq_engine.$procdff$7071 ($dff) from module io_uncore_top (D = { $flatten\u_cq_engine.$procmux$5492_Y [9:5] $flatten\u_cq_engine.$procmux$5492_Y [3] }, Q = { \u_cq_engine.timer[8] [9:5] \u_cq_engine.timer[8] [3] }, rval = 6'000000).
Adding EN signal on $auto$ff.cc:337:slice$8230 ($sdff) from module io_uncore_top (D = { $flatten\u_cq_engine.$procmux$5492_Y [9:5] $flatten\u_cq_engine.$procmux$5492_Y [3] }, Q = { \u_cq_engine.timer[8] [9:5] \u_cq_engine.timer[8] [3] }).
Adding EN signal on $auto$ff.cc:337:slice$8225 ($sdff) from module io_uncore_top (D = { $flatten\u_cq_engine.$sub$src/cq_engine.v:106$2058_Y [4] $flatten\u_cq_engine.$sub$src/cq_engine.v:106$2058_Y [2:0] }, Q = { \u_cq_engine.timer[8] [4] \u_cq_engine.timer[8] [2:0] }).
Adding SRST signal on $flatten\u_cq_engine.$procdff$7070 ($dff) from module io_uncore_top (D = { $flatten\u_cq_engine.$procmux$5500_Y [4] $flatten\u_cq_engine.$procmux$5500_Y [2:0] }, Q = { \u_cq_engine.timer[7] [4] \u_cq_engine.timer[7] [2:0] }, rval = 4'0000).
Adding SRST signal on $flatten\u_cq_engine.$procdff$7070 ($dff) from module io_uncore_top (D = { $flatten\u_cq_engine.$procmux$5503_Y [9:5] $flatten\u_cq_engine.$procmux$5503_Y [3] }, Q = { \u_cq_engine.timer[7] [9:5] \u_cq_engine.timer[7] [3] }, rval = 6'000000).
Adding EN signal on $auto$ff.cc:337:slice$8244 ($sdff) from module io_uncore_top (D = { $flatten\u_cq_engine.$procmux$5503_Y [9:5] $flatten\u_cq_engine.$procmux$5503_Y [3] }, Q = { \u_cq_engine.timer[7] [9:5] \u_cq_engine.timer[7] [3] }).
Adding EN signal on $auto$ff.cc:337:slice$8239 ($sdff) from module io_uncore_top (D = { $flatten\u_cq_engine.$sub$src/cq_engine.v:106$2045_Y [4] $flatten\u_cq_engine.$sub$src/cq_engine.v:106$2045_Y [2:0] }, Q = { \u_cq_engine.timer[7] [4] \u_cq_engine.timer[7] [2:0] }).
Adding SRST signal on $flatten\u_cq_engine.$procdff$7069 ($dff) from module io_uncore_top (D = { $flatten\u_cq_engine.$procmux$5511_Y [4] $flatten\u_cq_engine.$procmux$5511_Y [2:0] }, Q = { \u_cq_engine.timer[6] [4] \u_cq_engine.timer[6] [2:0] }, rval = 4'0000).
Adding SRST signal on $flatten\u_cq_engine.$procdff$7069 ($dff) from module io_uncore_top (D = { $flatten\u_cq_engine.$procmux$5514_Y [9:5] $flatten\u_cq_engine.$procmux$5514_Y [3] }, Q = { \u_cq_engine.timer[6] [9:5] \u_cq_engine.timer[6] [3] }, rval = 6'000000).
Adding EN signal on $auto$ff.cc:337:slice$8258 ($sdff) from module io_uncore_top (D = { $flatten\u_cq_engine.$procmux$5514_Y [9:5] $flatten\u_cq_engine.$procmux$5514_Y [3] }, Q = { \u_cq_engine.timer[6] [9:5] \u_cq_engine.timer[6] [3] }).
Adding EN signal on $auto$ff.cc:337:slice$8253 ($sdff) from module io_uncore_top (D = { $flatten\u_cq_engine.$sub$src/cq_engine.v:106$2032_Y [4] $flatten\u_cq_engine.$sub$src/cq_engine.v:106$2032_Y [2:0] }, Q = { \u_cq_engine.timer[6] [4] \u_cq_engine.timer[6] [2:0] }).
Adding SRST signal on $flatten\u_cq_engine.$procdff$7068 ($dff) from module io_uncore_top (D = { $flatten\u_cq_engine.$procmux$5522_Y [4] $flatten\u_cq_engine.$procmux$5522_Y [2:0] }, Q = { \u_cq_engine.timer[5] [4] \u_cq_engine.timer[5] [2:0] }, rval = 4'0000).
Adding SRST signal on $flatten\u_cq_engine.$procdff$7068 ($dff) from module io_uncore_top (D = { $flatten\u_cq_engine.$procmux$5525_Y [9:5] $flatten\u_cq_engine.$procmux$5525_Y [3] }, Q = { \u_cq_engine.timer[5] [9:5] \u_cq_engine.timer[5] [3] }, rval = 6'000000).
Adding EN signal on $auto$ff.cc:337:slice$8272 ($sdff) from module io_uncore_top (D = { $flatten\u_cq_engine.$procmux$5525_Y [9:5] $flatten\u_cq_engine.$procmux$5525_Y [3] }, Q = { \u_cq_engine.timer[5] [9:5] \u_cq_engine.timer[5] [3] }).
Adding EN signal on $auto$ff.cc:337:slice$8267 ($sdff) from module io_uncore_top (D = { $flatten\u_cq_engine.$sub$src/cq_engine.v:106$2019_Y [4] $flatten\u_cq_engine.$sub$src/cq_engine.v:106$2019_Y [2:0] }, Q = { \u_cq_engine.timer[5] [4] \u_cq_engine.timer[5] [2:0] }).
Adding SRST signal on $flatten\u_cq_engine.$procdff$7067 ($dff) from module io_uncore_top (D = { $flatten\u_cq_engine.$procmux$5533_Y [4] $flatten\u_cq_engine.$procmux$5533_Y [2:0] }, Q = { \u_cq_engine.timer[4] [4] \u_cq_engine.timer[4] [2:0] }, rval = 4'0000).
Adding SRST signal on $flatten\u_cq_engine.$procdff$7067 ($dff) from module io_uncore_top (D = { $flatten\u_cq_engine.$procmux$5536_Y [9:5] $flatten\u_cq_engine.$procmux$5536_Y [3] }, Q = { \u_cq_engine.timer[4] [9:5] \u_cq_engine.timer[4] [3] }, rval = 6'000000).
Adding EN signal on $auto$ff.cc:337:slice$8286 ($sdff) from module io_uncore_top (D = { $flatten\u_cq_engine.$procmux$5536_Y [9:5] $flatten\u_cq_engine.$procmux$5536_Y [3] }, Q = { \u_cq_engine.timer[4] [9:5] \u_cq_engine.timer[4] [3] }).
Adding EN signal on $auto$ff.cc:337:slice$8281 ($sdff) from module io_uncore_top (D = { $flatten\u_cq_engine.$sub$src/cq_engine.v:106$2006_Y [4] $flatten\u_cq_engine.$sub$src/cq_engine.v:106$2006_Y [2:0] }, Q = { \u_cq_engine.timer[4] [4] \u_cq_engine.timer[4] [2:0] }).
Adding SRST signal on $flatten\u_cq_engine.$procdff$7066 ($dff) from module io_uncore_top (D = { $flatten\u_cq_engine.$procmux$5544_Y [4] $flatten\u_cq_engine.$procmux$5544_Y [2:0] }, Q = { \u_cq_engine.timer[3] [4] \u_cq_engine.timer[3] [2:0] }, rval = 4'0000).
Adding SRST signal on $flatten\u_cq_engine.$procdff$7066 ($dff) from module io_uncore_top (D = { $flatten\u_cq_engine.$procmux$5547_Y [9:5] $flatten\u_cq_engine.$procmux$5547_Y [3] }, Q = { \u_cq_engine.timer[3] [9:5] \u_cq_engine.timer[3] [3] }, rval = 6'000000).
Adding EN signal on $auto$ff.cc:337:slice$8300 ($sdff) from module io_uncore_top (D = { $flatten\u_cq_engine.$procmux$5547_Y [9:5] $flatten\u_cq_engine.$procmux$5547_Y [3] }, Q = { \u_cq_engine.timer[3] [9:5] \u_cq_engine.timer[3] [3] }).
Adding EN signal on $auto$ff.cc:337:slice$8295 ($sdff) from module io_uncore_top (D = { $flatten\u_cq_engine.$sub$src/cq_engine.v:106$1993_Y [4] $flatten\u_cq_engine.$sub$src/cq_engine.v:106$1993_Y [2:0] }, Q = { \u_cq_engine.timer[3] [4] \u_cq_engine.timer[3] [2:0] }).
Adding SRST signal on $flatten\u_cq_engine.$procdff$7065 ($dff) from module io_uncore_top (D = { $flatten\u_cq_engine.$procmux$5555_Y [4] $flatten\u_cq_engine.$procmux$5555_Y [2:0] }, Q = { \u_cq_engine.timer[2] [4] \u_cq_engine.timer[2] [2:0] }, rval = 4'0000).
Adding SRST signal on $flatten\u_cq_engine.$procdff$7065 ($dff) from module io_uncore_top (D = { $flatten\u_cq_engine.$procmux$5558_Y [9:5] $flatten\u_cq_engine.$procmux$5558_Y [3] }, Q = { \u_cq_engine.timer[2] [9:5] \u_cq_engine.timer[2] [3] }, rval = 6'000000).
Adding EN signal on $auto$ff.cc:337:slice$8314 ($sdff) from module io_uncore_top (D = { $flatten\u_cq_engine.$procmux$5558_Y [9:5] $flatten\u_cq_engine.$procmux$5558_Y [3] }, Q = { \u_cq_engine.timer[2] [9:5] \u_cq_engine.timer[2] [3] }).
Adding EN signal on $auto$ff.cc:337:slice$8309 ($sdff) from module io_uncore_top (D = { $flatten\u_cq_engine.$sub$src/cq_engine.v:106$1980_Y [4] $flatten\u_cq_engine.$sub$src/cq_engine.v:106$1980_Y [2:0] }, Q = { \u_cq_engine.timer[2] [4] \u_cq_engine.timer[2] [2:0] }).
Adding SRST signal on $flatten\u_cq_engine.$procdff$7064 ($dff) from module io_uncore_top (D = { $flatten\u_cq_engine.$procmux$5566_Y [4] $flatten\u_cq_engine.$procmux$5566_Y [2:0] }, Q = { \u_cq_engine.timer[1] [4] \u_cq_engine.timer[1] [2:0] }, rval = 4'0000).
Adding SRST signal on $flatten\u_cq_engine.$procdff$7064 ($dff) from module io_uncore_top (D = { $flatten\u_cq_engine.$procmux$5569_Y [9:5] $flatten\u_cq_engine.$procmux$5569_Y [3] }, Q = { \u_cq_engine.timer[1] [9:5] \u_cq_engine.timer[1] [3] }, rval = 6'000000).
Adding EN signal on $auto$ff.cc:337:slice$8328 ($sdff) from module io_uncore_top (D = { $flatten\u_cq_engine.$procmux$5569_Y [9:5] $flatten\u_cq_engine.$procmux$5569_Y [3] }, Q = { \u_cq_engine.timer[1] [9:5] \u_cq_engine.timer[1] [3] }).
Adding EN signal on $auto$ff.cc:337:slice$8323 ($sdff) from module io_uncore_top (D = { $flatten\u_cq_engine.$sub$src/cq_engine.v:106$1967_Y [4] $flatten\u_cq_engine.$sub$src/cq_engine.v:106$1967_Y [2:0] }, Q = { \u_cq_engine.timer[1] [4] \u_cq_engine.timer[1] [2:0] }).
Adding SRST signal on $flatten\u_cq_engine.$procdff$7063 ($dff) from module io_uncore_top (D = { $flatten\u_cq_engine.$procmux$5577_Y [4] $flatten\u_cq_engine.$procmux$5577_Y [2:0] }, Q = { \u_cq_engine.timer[0] [4] \u_cq_engine.timer[0] [2:0] }, rval = 4'0000).
Adding SRST signal on $flatten\u_cq_engine.$procdff$7063 ($dff) from module io_uncore_top (D = { $flatten\u_cq_engine.$procmux$5580_Y [9:5] $flatten\u_cq_engine.$procmux$5580_Y [3] }, Q = { \u_cq_engine.timer[0] [9:5] \u_cq_engine.timer[0] [3] }, rval = 6'000000).
Adding EN signal on $auto$ff.cc:337:slice$8342 ($sdff) from module io_uncore_top (D = { $flatten\u_cq_engine.$procmux$5580_Y [9:5] $flatten\u_cq_engine.$procmux$5580_Y [3] }, Q = { \u_cq_engine.timer[0] [9:5] \u_cq_engine.timer[0] [3] }).
Adding EN signal on $auto$ff.cc:337:slice$8337 ($sdff) from module io_uncore_top (D = { $flatten\u_cq_engine.$sub$src/cq_engine.v:106$1954_Y [4] $flatten\u_cq_engine.$sub$src/cq_engine.v:106$1954_Y [2:0] }, Q = { \u_cq_engine.timer[0] [4] \u_cq_engine.timer[0] [2:0] }).
Adding SRST signal on $flatten\u_cq_engine.$procdff$7021 ($dff) from module io_uncore_top (D = $flatten\u_cq_engine.$procmux$4997_Y, Q = \u_cq_engine.flush_idx, rval = 6'000000).
Adding EN signal on $auto$ff.cc:337:slice$8351 ($sdff) from module io_uncore_top (D = $flatten\u_cq_engine.$procmux$4997_Y, Q = \u_cq_engine.flush_idx).
Adding SRST signal on $flatten\u_cq_engine.$procdff$7020 ($dff) from module io_uncore_top (D = $flatten\u_cq_engine.$procmux$5048_Y, Q = \u_cq_engine.flush_count, rval = 4'0000).
Adding EN signal on $auto$ff.cc:337:slice$8367 ($sdff) from module io_uncore_top (D = $flatten\u_cq_engine.$procmux$5048_Y, Q = \u_cq_engine.flush_count).
Adding SRST signal on $flatten\u_cq_engine.$procdff$7018 ($dff) from module io_uncore_top (D = $flatten\u_cq_engine.$procmux$5109_Y, Q = \u_cq_engine.dma_wr_data, rval = 128'00000000000000000000000000000000000000000000000000000000000000000000000000000000000000000000000000000000000000000000000000000000).
Adding EN signal on $auto$ff.cc:337:slice$8379 ($sdff) from module io_uncore_top (D = \u_sram_arbiter.rdata_reg [127:0], Q = \u_cq_engine.dma_wr_data).
Adding SRST signal on $flatten\u_cq_engine.$procdff$7017 ($dff) from module io_uncore_top (D = $flatten\u_cq_engine.$procmux$5121_Y, Q = \u_cq_engine.dma_wr_addr, rval = 64'0000000000000000000000000000000000000000000000000000000000000000).
Adding EN signal on $auto$ff.cc:337:slice$8383 ($sdff) from module io_uncore_top (D = { 50'00000000000000000000000000000000000000000000000000 \u_cq_engine.cur_qid \u_cq_engine.flush_idx 4'0000 }, Q = \u_cq_engine.dma_wr_addr).
Adding SRST signal on $flatten\u_cq_engine.$procdff$7016 ($dff) from module io_uncore_top (D = $flatten\u_cq_engine.$3$memwr$\batch_count$src/cq_engine.v:167$1902_EN[3:0]$2343 [0], Q = \u_cq_engine.dma_wr_req, rval = 1'0).
Adding SRST signal on $flatten\u_cq_engine.$procdff$7015 ($dff) from module io_uncore_top (D = $flatten\u_cq_engine.$procmux$5134_Y, Q = \u_cq_engine.sram_wdata, rval = 512'00000000000000000000000000000000000000000000000000000000000000000000000000000000000000000000000000000000000000000000000000000000000000000000000000000000000000000000000000000000000000000000000000000000000000000000000000000000000000000000000000000000000000000000000000000000000000000000000000000000000000000000000000000000000000000000000000000000000000000000000000000000000000000000000000000000000000000000000000000000000000000000000000000000000000000000000000000000000000000000000000000000000000000000000000000000).
Adding EN signal on $auto$ff.cc:337:slice$8390 ($sdff) from module io_uncore_top (D = { 384'000000000000000000000000000000000000000000000000000000000000000000000000000000000000000000000000000000000000000000000000000000000000000000000000000000000000000000000000000000000000000000000000000000000000000000000000000000000000000000000000000000000000000000000000000000000000000000000000000000000000000000000000000000000000000000000000000000000000000000000000000000000000000000000000 \cqe_data }, Q = \u_cq_engine.sram_wdata).
Adding SRST signal on $flatten\u_cq_engine.$procdff$7014 ($dff) from module io_uncore_top (D = $flatten\u_cq_engine.$procmux$5144_Y, Q = \u_cq_engine.sram_addr, rval = 20'00000000000000000000).
Adding EN signal on $auto$ff.cc:337:slice$8394 ($sdff) from module io_uncore_top (D = $flatten\u_cq_engine.$procmux$5144_Y, Q = \u_cq_engine.sram_addr).
Adding SRST signal on $flatten\u_cq_engine.$procdff$7013 ($dff) from module io_uncore_top (D = $flatten\u_cq_engine.$procmux$5158_Y, Q = \u_cq_engine.sram_wr, rval = 1'0).
Adding EN signal on $auto$ff.cc:337:slice$8404 ($sdff) from module io_uncore_top (D = $flatten\u_cq_engine.$procmux$5158_Y, Q = \u_cq_engine.sram_wr).
Adding SRST signal on $flatten\u_cq_engine.$procdff$7012 ($dff) from module io_uncore_top (D = $flatten\u_cq_engine.$procmux$4953_Y, Q = \u_cq_engine.sram_req, rval = 1'0).
Adding SRST signal on $flatten\u_cq_engine.$procdff$7011 ($dff) from module io_uncore_top (D = $flatten\u_cq_engine.$procmux$5207_Y, Q = \u_cq_engine.cur_qid, rval = 4'0000).
Adding EN signal on $auto$ff.cc:337:slice$8415 ($sdff) from module io_uncore_top (D = $flatten\u_cq_engine.$procmux$5205_Y, Q = \u_cq_engine.cur_qid).
Setting constant 0-bit at position 128 on $auto$ff.cc:337:slice$8391 ($sdffe) from module io_uncore_top.
Setting constant 0-bit at position 129 on $auto$ff.cc:337:slice$8391 ($sdffe) from module io_uncore_top.
Setting constant 0-bit at position 130 on $auto$ff.cc:337:slice$8391 ($sdffe) from module io_uncore_top.
Setting constant 0-bit at position 131 on $auto$ff.cc:337:slice$8391 ($sdffe) from module io_uncore_top.
Setting constant 0-bit at position 132 on $auto$ff.cc:337:slice$8391 ($sdffe) from module io_uncore_top.
Setting constant 0-bit at position 133 on $auto$ff.cc:337:slice$8391 ($sdffe) from module io_uncore_top.
Setting constant 0-bit at position 134 on $auto$ff.cc:337:slice$8391 ($sdffe) from module io_uncore_top.
Setting constant 0-bit at position 135 on $auto$ff.cc:337:slice$8391 ($sdffe) from module io_uncore_top.
Setting constant 0-bit at position 136 on $auto$ff.cc:337:slice$8391 ($sdffe) from module io_uncore_top.
Setting constant 0-bit at position 137 on $auto$ff.cc:337:slice$8391 ($sdffe) from module io_uncore_top.
Setting constant 0-bit at position 138 on $auto$ff.cc:337:slice$8391 ($sdffe) from module io_uncore_top.
Setting constant 0-bit at position 139 on $auto$ff.cc:337:slice$8391 ($sdffe) from module io_uncore_top.
Setting constant 0-bit at position 140 on $auto$ff.cc:337:slice$8391 ($sdffe) from module io_uncore_top.
Setting constant 0-bit at position 141 on $auto$ff.cc:337:slice$8391 ($sdffe) from module io_uncore_top.
Setting constant 0-bit at position 142 on $auto$ff.cc:337:slice$8391 ($sdffe) from module io_uncore_top.
Setting constant 0-bit at position 143 on $auto$ff.cc:337:slice$8391 ($sdffe) from module io_uncore_top.
Setting constant 0-bit at position 144 on $auto$ff.cc:337:slice$8391 ($sdffe) from module io_uncore_top.
Setting constant 0-bit at position 145 on $auto$ff.cc:337:slice$8391 ($sdffe) from module io_uncore_top.
Setting constant 0-bit at position 146 on $auto$ff.cc:337:slice$8391 ($sdffe) from module io_uncore_top.
Setting constant 0-bit at position 147 on $auto$ff.cc:337:slice$8391 ($sdffe) from module io_uncore_top.
Setting constant 0-bit at position 148 on $auto$ff.cc:337:slice$8391 ($sdffe) from module io_uncore_top.
Setting constant 0-bit at position 149 on $auto$ff.cc:337:slice$8391 ($sdffe) from module io_uncore_top.
Setting constant 0-bit at position 150 on $auto$ff.cc:337:slice$8391 ($sdffe) from module io_uncore_top.
Setting constant 0-bit at position 151 on $auto$ff.cc:337:slice$8391 ($sdffe) from module io_uncore_top.
Setting constant 0-bit at position 152 on $auto$ff.cc:337:slice$8391 ($sdffe) from module io_uncore_top.
Setting constant 0-bit at position 153 on $auto$ff.cc:337:slice$8391 ($sdffe) from module io_uncore_top.
Setting constant 0-bit at position 154 on $auto$ff.cc:337:slice$8391 ($sdffe) from module io_uncore_top.
Setting constant 0-bit at position 155 on $auto$ff.cc:337:slice$8391 ($sdffe) from module io_uncore_top.
Setting constant 0-bit at position 156 on $auto$ff.cc:337:slice$8391 ($sdffe) from module io_uncore_top.
Setting constant 0-bit at position 157 on $auto$ff.cc:337:slice$8391 ($sdffe) from module io_uncore_top.
Setting constant 0-bit at position 158 on $auto$ff.cc:337:slice$8391 ($sdffe) from module io_uncore_top.
Setting constant 0-bit at position 159 on $auto$ff.cc:337:slice$8391 ($sdffe) from module io_uncore_top.
Setting constant 0-bit at position 160 on $auto$ff.cc:337:slice$8391 ($sdffe) from module io_uncore_top.
Setting constant 0-bit at position 161 on $auto$ff.cc:337:slice$8391 ($sdffe) from module io_uncore_top.
Setting constant 0-bit at position 162 on $auto$ff.cc:337:slice$8391 ($sdffe) from module io_uncore_top.
Setting constant 0-bit at position 163 on $auto$ff.cc:337:slice$8391 ($sdffe) from module io_uncore_top.
Setting constant 0-bit at position 164 on $auto$ff.cc:337:slice$8391 ($sdffe) from module io_uncore_top.
Setting constant 0-bit at position 165 on $auto$ff.cc:337:slice$8391 ($sdffe) from module io_uncore_top.
Setting constant 0-bit at position 166 on $auto$ff.cc:337:slice$8391 ($sdffe) from module io_uncore_top.
Setting constant 0-bit at position 167 on $auto$ff.cc:337:slice$8391 ($sdffe) from module io_uncore_top.
Setting constant 0-bit at position 168 on $auto$ff.cc:337:slice$8391 ($sdffe) from module io_uncore_top.
Setting constant 0-bit at position 169 on $auto$ff.cc:337:slice$8391 ($sdffe) from module io_uncore_top.
Setting constant 0-bit at position 170 on $auto$ff.cc:337:slice$8391 ($sdffe) from module io_uncore_top.
Setting constant 0-bit at position 171 on $auto$ff.cc:337:slice$8391 ($sdffe) from module io_uncore_top.
Setting constant 0-bit at position 172 on $auto$ff.cc:337:slice$8391 ($sdffe) from module io_uncore_top.
Setting constant 0-bit at position 173 on $auto$ff.cc:337:slice$8391 ($sdffe) from module io_uncore_top.
Setting constant 0-bit at position 174 on $auto$ff.cc:337:slice$8391 ($sdffe) from module io_uncore_top.
Setting constant 0-bit at position 175 on $auto$ff.cc:337:slice$8391 ($sdffe) from module io_uncore_top.
Setting constant 0-bit at position 176 on $auto$ff.cc:337:slice$8391 ($sdffe) from module io_uncore_top.
Setting constant 0-bit at position 177 on $auto$ff.cc:337:slice$8391 ($sdffe) from module io_uncore_top.
Setting constant 0-bit at position 178 on $auto$ff.cc:337:slice$8391 ($sdffe) from module io_uncore_top.
Setting constant 0-bit at position 179 on $auto$ff.cc:337:slice$8391 ($sdffe) from module io_uncore_top.
Setting constant 0-bit at position 180 on $auto$ff.cc:337:slice$8391 ($sdffe) from module io_uncore_top.
Setting constant 0-bit at position 181 on $auto$ff.cc:337:slice$8391 ($sdffe) from module io_uncore_top.
Setting constant 0-bit at position 182 on $auto$ff.cc:337:slice$8391 ($sdffe) from module io_uncore_top.
Setting constant 0-bit at position 183 on $auto$ff.cc:337:slice$8391 ($sdffe) from module io_uncore_top.
Setting constant 0-bit at position 184 on $auto$ff.cc:337:slice$8391 ($sdffe) from module io_uncore_top.
Setting constant 0-bit at position 185 on $auto$ff.cc:337:slice$8391 ($sdffe) from module io_uncore_top.
Setting constant 0-bit at position 186 on $auto$ff.cc:337:slice$8391 ($sdffe) from module io_uncore_top.
Setting constant 0-bit at position 187 on $auto$ff.cc:337:slice$8391 ($sdffe) from module io_uncore_top.
Setting constant 0-bit at position 188 on $auto$ff.cc:337:slice$8391 ($sdffe) from module io_uncore_top.
Setting constant 0-bit at position 189 on $auto$ff.cc:337:slice$8391 ($sdffe) from module io_uncore_top.
Setting constant 0-bit at position 190 on $auto$ff.cc:337:slice$8391 ($sdffe) from module io_uncore_top.
Setting constant 0-bit at position 191 on $auto$ff.cc:337:slice$8391 ($sdffe) from module io_uncore_top.
Setting constant 0-bit at position 192 on $auto$ff.cc:337:slice$8391 ($sdffe) from module io_uncore_top.
Setting constant 0-bit at position 193 on $auto$ff.cc:337:slice$8391 ($sdffe) from module io_uncore_top.
Setting constant 0-bit at position 194 on $auto$ff.cc:337:slice$8391 ($sdffe) from module io_uncore_top.
Setting constant 0-bit at position 195 on $auto$ff.cc:337:slice$8391 ($sdffe) from module io_uncore_top.
Setting constant 0-bit at position 196 on $auto$ff.cc:337:slice$8391 ($sdffe) from module io_uncore_top.
Setting constant 0-bit at position 197 on $auto$ff.cc:337:slice$8391 ($sdffe) from module io_uncore_top.
Setting constant 0-bit at position 198 on $auto$ff.cc:337:slice$8391 ($sdffe) from module io_uncore_top.
Setting constant 0-bit at position 199 on $auto$ff.cc:337:slice$8391 ($sdffe) from module io_uncore_top.
Setting constant 0-bit at position 200 on $auto$ff.cc:337:slice$8391 ($sdffe) from module io_uncore_top.
Setting constant 0-bit at position 201 on $auto$ff.cc:337:slice$8391 ($sdffe) from module io_uncore_top.
Setting constant 0-bit at position 202 on $auto$ff.cc:337:slice$8391 ($sdffe) from module io_uncore_top.
Setting constant 0-bit at position 203 on $auto$ff.cc:337:slice$8391 ($sdffe) from module io_uncore_top.
Setting constant 0-bit at position 204 on $auto$ff.cc:337:slice$8391 ($sdffe) from module io_uncore_top.
Setting constant 0-bit at position 205 on $auto$ff.cc:337:slice$8391 ($sdffe) from module io_uncore_top.
Setting constant 0-bit at position 206 on $auto$ff.cc:337:slice$8391 ($sdffe) from module io_uncore_top.
Setting constant 0-bit at position 207 on $auto$ff.cc:337:slice$8391 ($sdffe) from module io_uncore_top.
Setting constant 0-bit at position 208 on $auto$ff.cc:337:slice$8391 ($sdffe) from module io_uncore_top.
Setting constant 0-bit at position 209 on $auto$ff.cc:337:slice$8391 ($sdffe) from module io_uncore_top.
Setting constant 0-bit at position 210 on $auto$ff.cc:337:slice$8391 ($sdffe) from module io_uncore_top.
Setting constant 0-bit at position 211 on $auto$ff.cc:337:slice$8391 ($sdffe) from module io_uncore_top.
Setting constant 0-bit at position 212 on $auto$ff.cc:337:slice$8391 ($sdffe) from module io_uncore_top.
Setting constant 0-bit at position 213 on $auto$ff.cc:337:slice$8391 ($sdffe) from module io_uncore_top.
Setting constant 0-bit at position 214 on $auto$ff.cc:337:slice$8391 ($sdffe) from module io_uncore_top.
Setting constant 0-bit at position 215 on $auto$ff.cc:337:slice$8391 ($sdffe) from module io_uncore_top.
Setting constant 0-bit at position 216 on $auto$ff.cc:337:slice$8391 ($sdffe) from module io_uncore_top.
Setting constant 0-bit at position 217 on $auto$ff.cc:337:slice$8391 ($sdffe) from module io_uncore_top.
Setting constant 0-bit at position 218 on $auto$ff.cc:337:slice$8391 ($sdffe) from module io_uncore_top.
Setting constant 0-bit at position 219 on $auto$ff.cc:337:slice$8391 ($sdffe) from module io_uncore_top.
Setting constant 0-bit at position 220 on $auto$ff.cc:337:slice$8391 ($sdffe) from module io_uncore_top.
Setting constant 0-bit at position 221 on $auto$ff.cc:337:slice$8391 ($sdffe) from module io_uncore_top.
Setting constant 0-bit at position 222 on $auto$ff.cc:337:slice$8391 ($sdffe) from module io_uncore_top.
Setting constant 0-bit at position 223 on $auto$ff.cc:337:slice$8391 ($sdffe) from module io_uncore_top.
Setting constant 0-bit at position 224 on $auto$ff.cc:337:slice$8391 ($sdffe) from module io_uncore_top.
Setting constant 0-bit at position 225 on $auto$ff.cc:337:slice$8391 ($sdffe) from module io_uncore_top.
Setting constant 0-bit at position 226 on $auto$ff.cc:337:slice$8391 ($sdffe) from module io_uncore_top.
Setting constant 0-bit at position 227 on $auto$ff.cc:337:slice$8391 ($sdffe) from module io_uncore_top.
Setting constant 0-bit at position 228 on $auto$ff.cc:337:slice$8391 ($sdffe) from module io_uncore_top.
Setting constant 0-bit at position 229 on $auto$ff.cc:337:slice$8391 ($sdffe) from module io_uncore_top.
Setting constant 0-bit at position 230 on $auto$ff.cc:337:slice$8391 ($sdffe) from module io_uncore_top.
Setting constant 0-bit at position 231 on $auto$ff.cc:337:slice$8391 ($sdffe) from module io_uncore_top.
Setting constant 0-bit at position 232 on $auto$ff.cc:337:slice$8391 ($sdffe) from module io_uncore_top.
Setting constant 0-bit at position 233 on $auto$ff.cc:337:slice$8391 ($sdffe) from module io_uncore_top.
Setting constant 0-bit at position 234 on $auto$ff.cc:337:slice$8391 ($sdffe) from module io_uncore_top.
Setting constant 0-bit at position 235 on $auto$ff.cc:337:slice$8391 ($sdffe) from module io_uncore_top.
Setting constant 0-bit at position 236 on $auto$ff.cc:337:slice$8391 ($sdffe) from module io_uncore_top.
Setting constant 0-bit at position 237 on $auto$ff.cc:337:slice$8391 ($sdffe) from module io_uncore_top.
Setting constant 0-bit at position 238 on $auto$ff.cc:337:slice$8391 ($sdffe) from module io_uncore_top.
Setting constant 0-bit at position 239 on $auto$ff.cc:337:slice$8391 ($sdffe) from module io_uncore_top.
Setting constant 0-bit at position 240 on $auto$ff.cc:337:slice$8391 ($sdffe) from module io_uncore_top.
Setting constant 0-bit at position 241 on $auto$ff.cc:337:slice$8391 ($sdffe) from module io_uncore_top.
Setting constant 0-bit at position 242 on $auto$ff.cc:337:slice$8391 ($sdffe) from module io_uncore_top.
Setting constant 0-bit at position 243 on $auto$ff.cc:337:slice$8391 ($sdffe) from module io_uncore_top.
Setting constant 0-bit at position 244 on $auto$ff.cc:337:slice$8391 ($sdffe) from module io_uncore_top.
Setting constant 0-bit at position 245 on $auto$ff.cc:337:slice$8391 ($sdffe) from module io_uncore_top.
Setting constant 0-bit at position 246 on $auto$ff.cc:337:slice$8391 ($sdffe) from module io_uncore_top.
Setting constant 0-bit at position 247 on $auto$ff.cc:337:slice$8391 ($sdffe) from module io_uncore_top.
Setting constant 0-bit at position 248 on $auto$ff.cc:337:slice$8391 ($sdffe) from module io_uncore_top.
Setting constant 0-bit at position 249 on $auto$ff.cc:337:slice$8391 ($sdffe) from module io_uncore_top.
Setting constant 0-bit at position 250 on $auto$ff.cc:337:slice$8391 ($sdffe) from module io_uncore_top.
Setting constant 0-bit at position 251 on $auto$ff.cc:337:slice$8391 ($sdffe) from module io_uncore_top.
Setting constant 0-bit at position 252 on $auto$ff.cc:337:slice$8391 ($sdffe) from module io_uncore_top.
Setting constant 0-bit at position 253 on $auto$ff.cc:337:slice$8391 ($sdffe) from module io_uncore_top.
Setting constant 0-bit at position 254 on $auto$ff.cc:337:slice$8391 ($sdffe) from module io_uncore_top.
Setting constant 0-bit at position 255 on $auto$ff.cc:337:slice$8391 ($sdffe) from module io_uncore_top.
Setting constant 0-bit at position 256 on $auto$ff.cc:337:slice$8391 ($sdffe) from module io_uncore_top.
Setting constant 0-bit at position 257 on $auto$ff.cc:337:slice$8391 ($sdffe) from module io_uncore_top.
Setting constant 0-bit at position 258 on $auto$ff.cc:337:slice$8391 ($sdffe) from module io_uncore_top.
Setting constant 0-bit at position 259 on $auto$ff.cc:337:slice$8391 ($sdffe) from module io_uncore_top.
Setting constant 0-bit at position 260 on $auto$ff.cc:337:slice$8391 ($sdffe) from module io_uncore_top.
Setting constant 0-bit at position 261 on $auto$ff.cc:337:slice$8391 ($sdffe) from module io_uncore_top.
Setting constant 0-bit at position 262 on $auto$ff.cc:337:slice$8391 ($sdffe) from module io_uncore_top.
Setting constant 0-bit at position 263 on $auto$ff.cc:337:slice$8391 ($sdffe) from module io_uncore_top.
Setting constant 0-bit at position 264 on $auto$ff.cc:337:slice$8391 ($sdffe) from module io_uncore_top.
Setting constant 0-bit at position 265 on $auto$ff.cc:337:slice$8391 ($sdffe) from module io_uncore_top.
Setting constant 0-bit at position 266 on $auto$ff.cc:337:slice$8391 ($sdffe) from module io_uncore_top.
Setting constant 0-bit at position 267 on $auto$ff.cc:337:slice$8391 ($sdffe) from module io_uncore_top.
Setting constant 0-bit at position 268 on $auto$ff.cc:337:slice$8391 ($sdffe) from module io_uncore_top.
Setting constant 0-bit at position 269 on $auto$ff.cc:337:slice$8391 ($sdffe) from module io_uncore_top.
Setting constant 0-bit at position 270 on $auto$ff.cc:337:slice$8391 ($sdffe) from module io_uncore_top.
Setting constant 0-bit at position 271 on $auto$ff.cc:337:slice$8391 ($sdffe) from module io_uncore_top.
Setting constant 0-bit at position 272 on $auto$ff.cc:337:slice$8391 ($sdffe) from module io_uncore_top.
Setting constant 0-bit at position 273 on $auto$ff.cc:337:slice$8391 ($sdffe) from module io_uncore_top.
Setting constant 0-bit at position 274 on $auto$ff.cc:337:slice$8391 ($sdffe) from module io_uncore_top.
Setting constant 0-bit at position 275 on $auto$ff.cc:337:slice$8391 ($sdffe) from module io_uncore_top.
Setting constant 0-bit at position 276 on $auto$ff.cc:337:slice$8391 ($sdffe) from module io_uncore_top.
Setting constant 0-bit at position 277 on $auto$ff.cc:337:slice$8391 ($sdffe) from module io_uncore_top.
Setting constant 0-bit at position 278 on $auto$ff.cc:337:slice$8391 ($sdffe) from module io_uncore_top.
Setting constant 0-bit at position 279 on $auto$ff.cc:337:slice$8391 ($sdffe) from module io_uncore_top.
Setting constant 0-bit at position 280 on $auto$ff.cc:337:slice$8391 ($sdffe) from module io_uncore_top.
Setting constant 0-bit at position 281 on $auto$ff.cc:337:slice$8391 ($sdffe) from module io_uncore_top.
Setting constant 0-bit at position 282 on $auto$ff.cc:337:slice$8391 ($sdffe) from module io_uncore_top.
Setting constant 0-bit at position 283 on $auto$ff.cc:337:slice$8391 ($sdffe) from module io_uncore_top.
Setting constant 0-bit at position 284 on $auto$ff.cc:337:slice$8391 ($sdffe) from module io_uncore_top.
Setting constant 0-bit at position 285 on $auto$ff.cc:337:slice$8391 ($sdffe) from module io_uncore_top.
Setting constant 0-bit at position 286 on $auto$ff.cc:337:slice$8391 ($sdffe) from module io_uncore_top.
Setting constant 0-bit at position 287 on $auto$ff.cc:337:slice$8391 ($sdffe) from module io_uncore_top.
Setting constant 0-bit at position 288 on $auto$ff.cc:337:slice$8391 ($sdffe) from module io_uncore_top.
Setting constant 0-bit at position 289 on $auto$ff.cc:337:slice$8391 ($sdffe) from module io_uncore_top.
Setting constant 0-bit at position 290 on $auto$ff.cc:337:slice$8391 ($sdffe) from module io_uncore_top.
Setting constant 0-bit at position 291 on $auto$ff.cc:337:slice$8391 ($sdffe) from module io_uncore_top.
Setting constant 0-bit at position 292 on $auto$ff.cc:337:slice$8391 ($sdffe) from module io_uncore_top.
Setting constant 0-bit at position 293 on $auto$ff.cc:337:slice$8391 ($sdffe) from module io_uncore_top.
Setting constant 0-bit at position 294 on $auto$ff.cc:337:slice$8391 ($sdffe) from module io_uncore_top.
Setting constant 0-bit at position 295 on $auto$ff.cc:337:slice$8391 ($sdffe) from module io_uncore_top.
Setting constant 0-bit at position 296 on $auto$ff.cc:337:slice$8391 ($sdffe) from module io_uncore_top.
Setting constant 0-bit at position 297 on $auto$ff.cc:337:slice$8391 ($sdffe) from module io_uncore_top.
Setting constant 0-bit at position 298 on $auto$ff.cc:337:slice$8391 ($sdffe) from module io_uncore_top.
Setting constant 0-bit at position 299 on $auto$ff.cc:337:slice$8391 ($sdffe) from module io_uncore_top.
Setting constant 0-bit at position 300 on $auto$ff.cc:337:slice$8391 ($sdffe) from module io_uncore_top.
Setting constant 0-bit at position 301 on $auto$ff.cc:337:slice$8391 ($sdffe) from module io_uncore_top.
Setting constant 0-bit at position 302 on $auto$ff.cc:337:slice$8391 ($sdffe) from module io_uncore_top.
Setting constant 0-bit at position 303 on $auto$ff.cc:337:slice$8391 ($sdffe) from module io_uncore_top.
Setting constant 0-bit at position 304 on $auto$ff.cc:337:slice$8391 ($sdffe) from module io_uncore_top.
Setting constant 0-bit at position 305 on $auto$ff.cc:337:slice$8391 ($sdffe) from module io_uncore_top.
Setting constant 0-bit at position 306 on $auto$ff.cc:337:slice$8391 ($sdffe) from module io_uncore_top.
Setting constant 0-bit at position 307 on $auto$ff.cc:337:slice$8391 ($sdffe) from module io_uncore_top.
Setting constant 0-bit at position 308 on $auto$ff.cc:337:slice$8391 ($sdffe) from module io_uncore_top.
Setting constant 0-bit at position 309 on $auto$ff.cc:337:slice$8391 ($sdffe) from module io_uncore_top.
Setting constant 0-bit at position 310 on $auto$ff.cc:337:slice$8391 ($sdffe) from module io_uncore_top.
Setting constant 0-bit at position 311 on $auto$ff.cc:337:slice$8391 ($sdffe) from module io_uncore_top.
Setting constant 0-bit at position 312 on $auto$ff.cc:337:slice$8391 ($sdffe) from module io_uncore_top.
Setting constant 0-bit at position 313 on $auto$ff.cc:337:slice$8391 ($sdffe) from module io_uncore_top.
Setting constant 0-bit at position 314 on $auto$ff.cc:337:slice$8391 ($sdffe) from module io_uncore_top.
Setting constant 0-bit at position 315 on $auto$ff.cc:337:slice$8391 ($sdffe) from module io_uncore_top.
Setting constant 0-bit at position 316 on $auto$ff.cc:337:slice$8391 ($sdffe) from module io_uncore_top.
Setting constant 0-bit at position 317 on $auto$ff.cc:337:slice$8391 ($sdffe) from module io_uncore_top.
Setting constant 0-bit at position 318 on $auto$ff.cc:337:slice$8391 ($sdffe) from module io_uncore_top.
Setting constant 0-bit at position 319 on $auto$ff.cc:337:slice$8391 ($sdffe) from module io_uncore_top.
Setting constant 0-bit at position 320 on $auto$ff.cc:337:slice$8391 ($sdffe) from module io_uncore_top.
Setting constant 0-bit at position 321 on $auto$ff.cc:337:slice$8391 ($sdffe) from module io_uncore_top.
Setting constant 0-bit at position 322 on $auto$ff.cc:337:slice$8391 ($sdffe) from module io_uncore_top.
Setting constant 0-bit at position 323 on $auto$ff.cc:337:slice$8391 ($sdffe) from module io_uncore_top.
Setting constant 0-bit at position 324 on $auto$ff.cc:337:slice$8391 ($sdffe) from module io_uncore_top.
Setting constant 0-bit at position 325 on $auto$ff.cc:337:slice$8391 ($sdffe) from module io_uncore_top.
Setting constant 0-bit at position 326 on $auto$ff.cc:337:slice$8391 ($sdffe) from module io_uncore_top.
Setting constant 0-bit at position 327 on $auto$ff.cc:337:slice$8391 ($sdffe) from module io_uncore_top.
Setting constant 0-bit at position 328 on $auto$ff.cc:337:slice$8391 ($sdffe) from module io_uncore_top.
Setting constant 0-bit at position 329 on $auto$ff.cc:337:slice$8391 ($sdffe) from module io_uncore_top.
Setting constant 0-bit at position 330 on $auto$ff.cc:337:slice$8391 ($sdffe) from module io_uncore_top.
Setting constant 0-bit at position 331 on $auto$ff.cc:337:slice$8391 ($sdffe) from module io_uncore_top.
Setting constant 0-bit at position 332 on $auto$ff.cc:337:slice$8391 ($sdffe) from module io_uncore_top.
Setting constant 0-bit at position 333 on $auto$ff.cc:337:slice$8391 ($sdffe) from module io_uncore_top.
Setting constant 0-bit at position 334 on $auto$ff.cc:337:slice$8391 ($sdffe) from module io_uncore_top.
Setting constant 0-bit at position 335 on $auto$ff.cc:337:slice$8391 ($sdffe) from module io_uncore_top.
Setting constant 0-bit at position 336 on $auto$ff.cc:337:slice$8391 ($sdffe) from module io_uncore_top.
Setting constant 0-bit at position 337 on $auto$ff.cc:337:slice$8391 ($sdffe) from module io_uncore_top.
Setting constant 0-bit at position 338 on $auto$ff.cc:337:slice$8391 ($sdffe) from module io_uncore_top.
Setting constant 0-bit at position 339 on $auto$ff.cc:337:slice$8391 ($sdffe) from module io_uncore_top.
Setting constant 0-bit at position 340 on $auto$ff.cc:337:slice$8391 ($sdffe) from module io_uncore_top.
Setting constant 0-bit at position 341 on $auto$ff.cc:337:slice$8391 ($sdffe) from module io_uncore_top.
Setting constant 0-bit at position 342 on $auto$ff.cc:337:slice$8391 ($sdffe) from module io_uncore_top.
Setting constant 0-bit at position 343 on $auto$ff.cc:337:slice$8391 ($sdffe) from module io_uncore_top.
Setting constant 0-bit at position 344 on $auto$ff.cc:337:slice$8391 ($sdffe) from module io_uncore_top.
Setting constant 0-bit at position 345 on $auto$ff.cc:337:slice$8391 ($sdffe) from module io_uncore_top.
Setting constant 0-bit at position 346 on $auto$ff.cc:337:slice$8391 ($sdffe) from module io_uncore_top.
Setting constant 0-bit at position 347 on $auto$ff.cc:337:slice$8391 ($sdffe) from module io_uncore_top.
Setting constant 0-bit at position 348 on $auto$ff.cc:337:slice$8391 ($sdffe) from module io_uncore_top.
Setting constant 0-bit at position 349 on $auto$ff.cc:337:slice$8391 ($sdffe) from module io_uncore_top.
Setting constant 0-bit at position 350 on $auto$ff.cc:337:slice$8391 ($sdffe) from module io_uncore_top.
Setting constant 0-bit at position 351 on $auto$ff.cc:337:slice$8391 ($sdffe) from module io_uncore_top.
Setting constant 0-bit at position 352 on $auto$ff.cc:337:slice$8391 ($sdffe) from module io_uncore_top.
Setting constant 0-bit at position 353 on $auto$ff.cc:337:slice$8391 ($sdffe) from module io_uncore_top.
Setting constant 0-bit at position 354 on $auto$ff.cc:337:slice$8391 ($sdffe) from module io_uncore_top.
Setting constant 0-bit at position 355 on $auto$ff.cc:337:slice$8391 ($sdffe) from module io_uncore_top.
Setting constant 0-bit at position 356 on $auto$ff.cc:337:slice$8391 ($sdffe) from module io_uncore_top.
Setting constant 0-bit at position 357 on $auto$ff.cc:337:slice$8391 ($sdffe) from module io_uncore_top.
Setting constant 0-bit at position 358 on $auto$ff.cc:337:slice$8391 ($sdffe) from module io_uncore_top.
Setting constant 0-bit at position 359 on $auto$ff.cc:337:slice$8391 ($sdffe) from module io_uncore_top.
Setting constant 0-bit at position 360 on $auto$ff.cc:337:slice$8391 ($sdffe) from module io_uncore_top.
Setting constant 0-bit at position 361 on $auto$ff.cc:337:slice$8391 ($sdffe) from module io_uncore_top.
Setting constant 0-bit at position 362 on $auto$ff.cc:337:slice$8391 ($sdffe) from module io_uncore_top.
Setting constant 0-bit at position 363 on $auto$ff.cc:337:slice$8391 ($sdffe) from module io_uncore_top.
Setting constant 0-bit at position 364 on $auto$ff.cc:337:slice$8391 ($sdffe) from module io_uncore_top.
Setting constant 0-bit at position 365 on $auto$ff.cc:337:slice$8391 ($sdffe) from module io_uncore_top.
Setting constant 0-bit at position 366 on $auto$ff.cc:337:slice$8391 ($sdffe) from module io_uncore_top.
Setting constant 0-bit at position 367 on $auto$ff.cc:337:slice$8391 ($sdffe) from module io_uncore_top.
Setting constant 0-bit at position 368 on $auto$ff.cc:337:slice$8391 ($sdffe) from module io_uncore_top.
Setting constant 0-bit at position 369 on $auto$ff.cc:337:slice$8391 ($sdffe) from module io_uncore_top.
Setting constant 0-bit at position 370 on $auto$ff.cc:337:slice$8391 ($sdffe) from module io_uncore_top.
Setting constant 0-bit at position 371 on $auto$ff.cc:337:slice$8391 ($sdffe) from module io_uncore_top.
Setting constant 0-bit at position 372 on $auto$ff.cc:337:slice$8391 ($sdffe) from module io_uncore_top.
Setting constant 0-bit at position 373 on $auto$ff.cc:337:slice$8391 ($sdffe) from module io_uncore_top.
Setting constant 0-bit at position 374 on $auto$ff.cc:337:slice$8391 ($sdffe) from module io_uncore_top.
Setting constant 0-bit at position 375 on $auto$ff.cc:337:slice$8391 ($sdffe) from module io_uncore_top.
Setting constant 0-bit at position 376 on $auto$ff.cc:337:slice$8391 ($sdffe) from module io_uncore_top.
Setting constant 0-bit at position 377 on $auto$ff.cc:337:slice$8391 ($sdffe) from module io_uncore_top.
Setting constant 0-bit at position 378 on $auto$ff.cc:337:slice$8391 ($sdffe) from module io_uncore_top.
Setting constant 0-bit at position 379 on $auto$ff.cc:337:slice$8391 ($sdffe) from module io_uncore_top.
Setting constant 0-bit at position 380 on $auto$ff.cc:337:slice$8391 ($sdffe) from module io_uncore_top.
Setting constant 0-bit at position 381 on $auto$ff.cc:337:slice$8391 ($sdffe) from module io_uncore_top.
Setting constant 0-bit at position 382 on $auto$ff.cc:337:slice$8391 ($sdffe) from module io_uncore_top.
Setting constant 0-bit at position 383 on $auto$ff.cc:337:slice$8391 ($sdffe) from module io_uncore_top.
Setting constant 0-bit at position 384 on $auto$ff.cc:337:slice$8391 ($sdffe) from module io_uncore_top.
Setting constant 0-bit at position 385 on $auto$ff.cc:337:slice$8391 ($sdffe) from module io_uncore_top.
Setting constant 0-bit at position 386 on $auto$ff.cc:337:slice$8391 ($sdffe) from module io_uncore_top.
Setting constant 0-bit at position 387 on $auto$ff.cc:337:slice$8391 ($sdffe) from module io_uncore_top.
Setting constant 0-bit at position 388 on $auto$ff.cc:337:slice$8391 ($sdffe) from module io_uncore_top.
Setting constant 0-bit at position 389 on $auto$ff.cc:337:slice$8391 ($sdffe) from module io_uncore_top.
Setting constant 0-bit at position 390 on $auto$ff.cc:337:slice$8391 ($sdffe) from module io_uncore_top.
Setting constant 0-bit at position 391 on $auto$ff.cc:337:slice$8391 ($sdffe) from module io_uncore_top.
Setting constant 0-bit at position 392 on $auto$ff.cc:337:slice$8391 ($sdffe) from module io_uncore_top.
Setting constant 0-bit at position 393 on $auto$ff.cc:337:slice$8391 ($sdffe) from module io_uncore_top.
Setting constant 0-bit at position 394 on $auto$ff.cc:337:slice$8391 ($sdffe) from module io_uncore_top.
Setting constant 0-bit at position 395 on $auto$ff.cc:337:slice$8391 ($sdffe) from module io_uncore_top.
Setting constant 0-bit at position 396 on $auto$ff.cc:337:slice$8391 ($sdffe) from module io_uncore_top.
Setting constant 0-bit at position 397 on $auto$ff.cc:337:slice$8391 ($sdffe) from module io_uncore_top.
Setting constant 0-bit at position 398 on $auto$ff.cc:337:slice$8391 ($sdffe) from module io_uncore_top.
Setting constant 0-bit at position 399 on $auto$ff.cc:337:slice$8391 ($sdffe) from module io_uncore_top.
Setting constant 0-bit at position 400 on $auto$ff.cc:337:slice$8391 ($sdffe) from module io_uncore_top.
Setting constant 0-bit at position 401 on $auto$ff.cc:337:slice$8391 ($sdffe) from module io_uncore_top.
Setting constant 0-bit at position 402 on $auto$ff.cc:337:slice$8391 ($sdffe) from module io_uncore_top.
Setting constant 0-bit at position 403 on $auto$ff.cc:337:slice$8391 ($sdffe) from module io_uncore_top.
Setting constant 0-bit at position 404 on $auto$ff.cc:337:slice$8391 ($sdffe) from module io_uncore_top.
Setting constant 0-bit at position 405 on $auto$ff.cc:337:slice$8391 ($sdffe) from module io_uncore_top.
Setting constant 0-bit at position 406 on $auto$ff.cc:337:slice$8391 ($sdffe) from module io_uncore_top.
Setting constant 0-bit at position 407 on $auto$ff.cc:337:slice$8391 ($sdffe) from module io_uncore_top.
Setting constant 0-bit at position 408 on $auto$ff.cc:337:slice$8391 ($sdffe) from module io_uncore_top.
Setting constant 0-bit at position 409 on $auto$ff.cc:337:slice$8391 ($sdffe) from module io_uncore_top.
Setting constant 0-bit at position 410 on $auto$ff.cc:337:slice$8391 ($sdffe) from module io_uncore_top.
Setting constant 0-bit at position 411 on $auto$ff.cc:337:slice$8391 ($sdffe) from module io_uncore_top.
Setting constant 0-bit at position 412 on $auto$ff.cc:337:slice$8391 ($sdffe) from module io_uncore_top.
Setting constant 0-bit at position 413 on $auto$ff.cc:337:slice$8391 ($sdffe) from module io_uncore_top.
Setting constant 0-bit at position 414 on $auto$ff.cc:337:slice$8391 ($sdffe) from module io_uncore_top.
Setting constant 0-bit at position 415 on $auto$ff.cc:337:slice$8391 ($sdffe) from module io_uncore_top.
Setting constant 0-bit at position 416 on $auto$ff.cc:337:slice$8391 ($sdffe) from module io_uncore_top.
Setting constant 0-bit at position 417 on $auto$ff.cc:337:slice$8391 ($sdffe) from module io_uncore_top.
Setting constant 0-bit at position 418 on $auto$ff.cc:337:slice$8391 ($sdffe) from module io_uncore_top.
Setting constant 0-bit at position 419 on $auto$ff.cc:337:slice$8391 ($sdffe) from module io_uncore_top.
Setting constant 0-bit at position 420 on $auto$ff.cc:337:slice$8391 ($sdffe) from module io_uncore_top.
Setting constant 0-bit at position 421 on $auto$ff.cc:337:slice$8391 ($sdffe) from module io_uncore_top.
Setting constant 0-bit at position 422 on $auto$ff.cc:337:slice$8391 ($sdffe) from module io_uncore_top.
Setting constant 0-bit at position 423 on $auto$ff.cc:337:slice$8391 ($sdffe) from module io_uncore_top.
Setting constant 0-bit at position 424 on $auto$ff.cc:337:slice$8391 ($sdffe) from module io_uncore_top.
Setting constant 0-bit at position 425 on $auto$ff.cc:337:slice$8391 ($sdffe) from module io_uncore_top.
Setting constant 0-bit at position 426 on $auto$ff.cc:337:slice$8391 ($sdffe) from module io_uncore_top.
Setting constant 0-bit at position 427 on $auto$ff.cc:337:slice$8391 ($sdffe) from module io_uncore_top.
Setting constant 0-bit at position 428 on $auto$ff.cc:337:slice$8391 ($sdffe) from module io_uncore_top.
Setting constant 0-bit at position 429 on $auto$ff.cc:337:slice$8391 ($sdffe) from module io_uncore_top.
Setting constant 0-bit at position 430 on $auto$ff.cc:337:slice$8391 ($sdffe) from module io_uncore_top.
Setting constant 0-bit at position 431 on $auto$ff.cc:337:slice$8391 ($sdffe) from module io_uncore_top.
Setting constant 0-bit at position 432 on $auto$ff.cc:337:slice$8391 ($sdffe) from module io_uncore_top.
Setting constant 0-bit at position 433 on $auto$ff.cc:337:slice$8391 ($sdffe) from module io_uncore_top.
Setting constant 0-bit at position 434 on $auto$ff.cc:337:slice$8391 ($sdffe) from module io_uncore_top.
Setting constant 0-bit at position 435 on $auto$ff.cc:337:slice$8391 ($sdffe) from module io_uncore_top.
Setting constant 0-bit at position 436 on $auto$ff.cc:337:slice$8391 ($sdffe) from module io_uncore_top.
Setting constant 0-bit at position 437 on $auto$ff.cc:337:slice$8391 ($sdffe) from module io_uncore_top.
Setting constant 0-bit at position 438 on $auto$ff.cc:337:slice$8391 ($sdffe) from module io_uncore_top.
Setting constant 0-bit at position 439 on $auto$ff.cc:337:slice$8391 ($sdffe) from module io_uncore_top.
Setting constant 0-bit at position 440 on $auto$ff.cc:337:slice$8391 ($sdffe) from module io_uncore_top.
Setting constant 0-bit at position 441 on $auto$ff.cc:337:slice$8391 ($sdffe) from module io_uncore_top.
Setting constant 0-bit at position 442 on $auto$ff.cc:337:slice$8391 ($sdffe) from module io_uncore_top.
Setting constant 0-bit at position 443 on $auto$ff.cc:337:slice$8391 ($sdffe) from module io_uncore_top.
Setting constant 0-bit at position 444 on $auto$ff.cc:337:slice$8391 ($sdffe) from module io_uncore_top.
Setting constant 0-bit at position 445 on $auto$ff.cc:337:slice$8391 ($sdffe) from module io_uncore_top.
Setting constant 0-bit at position 446 on $auto$ff.cc:337:slice$8391 ($sdffe) from module io_uncore_top.
Setting constant 0-bit at position 447 on $auto$ff.cc:337:slice$8391 ($sdffe) from module io_uncore_top.
Setting constant 0-bit at position 448 on $auto$ff.cc:337:slice$8391 ($sdffe) from module io_uncore_top.
Setting constant 0-bit at position 449 on $auto$ff.cc:337:slice$8391 ($sdffe) from module io_uncore_top.
Setting constant 0-bit at position 450 on $auto$ff.cc:337:slice$8391 ($sdffe) from module io_uncore_top.
Setting constant 0-bit at position 451 on $auto$ff.cc:337:slice$8391 ($sdffe) from module io_uncore_top.
Setting constant 0-bit at position 452 on $auto$ff.cc:337:slice$8391 ($sdffe) from module io_uncore_top.
Setting constant 0-bit at position 453 on $auto$ff.cc:337:slice$8391 ($sdffe) from module io_uncore_top.
Setting constant 0-bit at position 454 on $auto$ff.cc:337:slice$8391 ($sdffe) from module io_uncore_top.
Setting constant 0-bit at position 455 on $auto$ff.cc:337:slice$8391 ($sdffe) from module io_uncore_top.
Setting constant 0-bit at position 456 on $auto$ff.cc:337:slice$8391 ($sdffe) from module io_uncore_top.
Setting constant 0-bit at position 457 on $auto$ff.cc:337:slice$8391 ($sdffe) from module io_uncore_top.
Setting constant 0-bit at position 458 on $auto$ff.cc:337:slice$8391 ($sdffe) from module io_uncore_top.
Setting constant 0-bit at position 459 on $auto$ff.cc:337:slice$8391 ($sdffe) from module io_uncore_top.
Setting constant 0-bit at position 460 on $auto$ff.cc:337:slice$8391 ($sdffe) from module io_uncore_top.
Setting constant 0-bit at position 461 on $auto$ff.cc:337:slice$8391 ($sdffe) from module io_uncore_top.
Setting constant 0-bit at position 462 on $auto$ff.cc:337:slice$8391 ($sdffe) from module io_uncore_top.
Setting constant 0-bit at position 463 on $auto$ff.cc:337:slice$8391 ($sdffe) from module io_uncore_top.
Setting constant 0-bit at position 464 on $auto$ff.cc:337:slice$8391 ($sdffe) from module io_uncore_top.
Setting constant 0-bit at position 465 on $auto$ff.cc:337:slice$8391 ($sdffe) from module io_uncore_top.
Setting constant 0-bit at position 466 on $auto$ff.cc:337:slice$8391 ($sdffe) from module io_uncore_top.
Setting constant 0-bit at position 467 on $auto$ff.cc:337:slice$8391 ($sdffe) from module io_uncore_top.
Setting constant 0-bit at position 468 on $auto$ff.cc:337:slice$8391 ($sdffe) from module io_uncore_top.
Setting constant 0-bit at position 469 on $auto$ff.cc:337:slice$8391 ($sdffe) from module io_uncore_top.
Setting constant 0-bit at position 470 on $auto$ff.cc:337:slice$8391 ($sdffe) from module io_uncore_top.
Setting constant 0-bit at position 471 on $auto$ff.cc:337:slice$8391 ($sdffe) from module io_uncore_top.
Setting constant 0-bit at position 472 on $auto$ff.cc:337:slice$8391 ($sdffe) from module io_uncore_top.
Setting constant 0-bit at position 473 on $auto$ff.cc:337:slice$8391 ($sdffe) from module io_uncore_top.
Setting constant 0-bit at position 474 on $auto$ff.cc:337:slice$8391 ($sdffe) from module io_uncore_top.
Setting constant 0-bit at position 475 on $auto$ff.cc:337:slice$8391 ($sdffe) from module io_uncore_top.
Setting constant 0-bit at position 476 on $auto$ff.cc:337:slice$8391 ($sdffe) from module io_uncore_top.
Setting constant 0-bit at position 477 on $auto$ff.cc:337:slice$8391 ($sdffe) from module io_uncore_top.
Setting constant 0-bit at position 478 on $auto$ff.cc:337:slice$8391 ($sdffe) from module io_uncore_top.
Setting constant 0-bit at position 479 on $auto$ff.cc:337:slice$8391 ($sdffe) from module io_uncore_top.
Setting constant 0-bit at position 480 on $auto$ff.cc:337:slice$8391 ($sdffe) from module io_uncore_top.
Setting constant 0-bit at position 481 on $auto$ff.cc:337:slice$8391 ($sdffe) from module io_uncore_top.
Setting constant 0-bit at position 482 on $auto$ff.cc:337:slice$8391 ($sdffe) from module io_uncore_top.
Setting constant 0-bit at position 483 on $auto$ff.cc:337:slice$8391 ($sdffe) from module io_uncore_top.
Setting constant 0-bit at position 484 on $auto$ff.cc:337:slice$8391 ($sdffe) from module io_uncore_top.
Setting constant 0-bit at position 485 on $auto$ff.cc:337:slice$8391 ($sdffe) from module io_uncore_top.
Setting constant 0-bit at position 486 on $auto$ff.cc:337:slice$8391 ($sdffe) from module io_uncore_top.
Setting constant 0-bit at position 487 on $auto$ff.cc:337:slice$8391 ($sdffe) from module io_uncore_top.
Setting constant 0-bit at position 488 on $auto$ff.cc:337:slice$8391 ($sdffe) from module io_uncore_top.
Setting constant 0-bit at position 489 on $auto$ff.cc:337:slice$8391 ($sdffe) from module io_uncore_top.
Setting constant 0-bit at position 490 on $auto$ff.cc:337:slice$8391 ($sdffe) from module io_uncore_top.
Setting constant 0-bit at position 491 on $auto$ff.cc:337:slice$8391 ($sdffe) from module io_uncore_top.
Setting constant 0-bit at position 492 on $auto$ff.cc:337:slice$8391 ($sdffe) from module io_uncore_top.
Setting constant 0-bit at position 493 on $auto$ff.cc:337:slice$8391 ($sdffe) from module io_uncore_top.
Setting constant 0-bit at position 494 on $auto$ff.cc:337:slice$8391 ($sdffe) from module io_uncore_top.
Setting constant 0-bit at position 495 on $auto$ff.cc:337:slice$8391 ($sdffe) from module io_uncore_top.
Setting constant 0-bit at position 496 on $auto$ff.cc:337:slice$8391 ($sdffe) from module io_uncore_top.
Setting constant 0-bit at position 497 on $auto$ff.cc:337:slice$8391 ($sdffe) from module io_uncore_top.
Setting constant 0-bit at position 498 on $auto$ff.cc:337:slice$8391 ($sdffe) from module io_uncore_top.
Setting constant 0-bit at position 499 on $auto$ff.cc:337:slice$8391 ($sdffe) from module io_uncore_top.
Setting constant 0-bit at position 500 on $auto$ff.cc:337:slice$8391 ($sdffe) from module io_uncore_top.
Setting constant 0-bit at position 501 on $auto$ff.cc:337:slice$8391 ($sdffe) from module io_uncore_top.
Setting constant 0-bit at position 502 on $auto$ff.cc:337:slice$8391 ($sdffe) from module io_uncore_top.
Setting constant 0-bit at position 503 on $auto$ff.cc:337:slice$8391 ($sdffe) from module io_uncore_top.
Setting constant 0-bit at position 504 on $auto$ff.cc:337:slice$8391 ($sdffe) from module io_uncore_top.
Setting constant 0-bit at position 505 on $auto$ff.cc:337:slice$8391 ($sdffe) from module io_uncore_top.
Setting constant 0-bit at position 506 on $auto$ff.cc:337:slice$8391 ($sdffe) from module io_uncore_top.
Setting constant 0-bit at position 507 on $auto$ff.cc:337:slice$8391 ($sdffe) from module io_uncore_top.
Setting constant 0-bit at position 508 on $auto$ff.cc:337:slice$8391 ($sdffe) from module io_uncore_top.
Setting constant 0-bit at position 509 on $auto$ff.cc:337:slice$8391 ($sdffe) from module io_uncore_top.
Setting constant 0-bit at position 510 on $auto$ff.cc:337:slice$8391 ($sdffe) from module io_uncore_top.
Setting constant 0-bit at position 511 on $auto$ff.cc:337:slice$8391 ($sdffe) from module io_uncore_top.
Setting constant 0-bit at position 0 on $auto$ff.cc:337:slice$8384 ($sdffe) from module io_uncore_top.
Setting constant 0-bit at position 1 on $auto$ff.cc:337:slice$8384 ($sdffe) from module io_uncore_top.
Setting constant 0-bit at position 2 on $auto$ff.cc:337:slice$8384 ($sdffe) from module io_uncore_top.
Setting constant 0-bit at position 3 on $auto$ff.cc:337:slice$8384 ($sdffe) from module io_uncore_top.
Setting constant 0-bit at position 14 on $auto$ff.cc:337:slice$8384 ($sdffe) from module io_uncore_top.
Setting constant 0-bit at position 15 on $auto$ff.cc:337:slice$8384 ($sdffe) from module io_uncore_top.
Setting constant 0-bit at position 16 on $auto$ff.cc:337:slice$8384 ($sdffe) from module io_uncore_top.
Setting constant 0-bit at position 17 on $auto$ff.cc:337:slice$8384 ($sdffe) from module io_uncore_top.
Setting constant 0-bit at position 18 on $auto$ff.cc:337:slice$8384 ($sdffe) from module io_uncore_top.
Setting constant 0-bit at position 19 on $auto$ff.cc:337:slice$8384 ($sdffe) from module io_uncore_top.
Setting constant 0-bit at position 20 on $auto$ff.cc:337:slice$8384 ($sdffe) from module io_uncore_top.
Setting constant 0-bit at position 21 on $auto$ff.cc:337:slice$8384 ($sdffe) from module io_uncore_top.
Setting constant 0-bit at position 22 on $auto$ff.cc:337:slice$8384 ($sdffe) from module io_uncore_top.
Setting constant 0-bit at position 23 on $auto$ff.cc:337:slice$8384 ($sdffe) from module io_uncore_top.
Setting constant 0-bit at position 24 on $auto$ff.cc:337:slice$8384 ($sdffe) from module io_uncore_top.
Setting constant 0-bit at position 25 on $auto$ff.cc:337:slice$8384 ($sdffe) from module io_uncore_top.
Setting constant 0-bit at position 26 on $auto$ff.cc:337:slice$8384 ($sdffe) from module io_uncore_top.
Setting constant 0-bit at position 27 on $auto$ff.cc:337:slice$8384 ($sdffe) from module io_uncore_top.
Setting constant 0-bit at position 28 on $auto$ff.cc:337:slice$8384 ($sdffe) from module io_uncore_top.
Setting constant 0-bit at position 29 on $auto$ff.cc:337:slice$8384 ($sdffe) from module io_uncore_top.
Setting constant 0-bit at position 30 on $auto$ff.cc:337:slice$8384 ($sdffe) from module io_uncore_top.
Setting constant 0-bit at position 31 on $auto$ff.cc:337:slice$8384 ($sdffe) from module io_uncore_top.
Setting constant 0-bit at position 32 on $auto$ff.cc:337:slice$8384 ($sdffe) from module io_uncore_top.
Setting constant 0-bit at position 33 on $auto$ff.cc:337:slice$8384 ($sdffe) from module io_uncore_top.
Setting constant 0-bit at position 34 on $auto$ff.cc:337:slice$8384 ($sdffe) from module io_uncore_top.
Setting constant 0-bit at position 35 on $auto$ff.cc:337:slice$8384 ($sdffe) from module io_uncore_top.
Setting constant 0-bit at position 36 on $auto$ff.cc:337:slice$8384 ($sdffe) from module io_uncore_top.
Setting constant 0-bit at position 37 on $auto$ff.cc:337:slice$8384 ($sdffe) from module io_uncore_top.
Setting constant 0-bit at position 38 on $auto$ff.cc:337:slice$8384 ($sdffe) from module io_uncore_top.
Setting constant 0-bit at position 39 on $auto$ff.cc:337:slice$8384 ($sdffe) from module io_uncore_top.
Setting constant 0-bit at position 40 on $auto$ff.cc:337:slice$8384 ($sdffe) from module io_uncore_top.
Setting constant 0-bit at position 41 on $auto$ff.cc:337:slice$8384 ($sdffe) from module io_uncore_top.
Setting constant 0-bit at position 42 on $auto$ff.cc:337:slice$8384 ($sdffe) from module io_uncore_top.
Setting constant 0-bit at position 43 on $auto$ff.cc:337:slice$8384 ($sdffe) from module io_uncore_top.
Setting constant 0-bit at position 44 on $auto$ff.cc:337:slice$8384 ($sdffe) from module io_uncore_top.
Setting constant 0-bit at position 45 on $auto$ff.cc:337:slice$8384 ($sdffe) from module io_uncore_top.
Setting constant 0-bit at position 46 on $auto$ff.cc:337:slice$8384 ($sdffe) from module io_uncore_top.
Setting constant 0-bit at position 47 on $auto$ff.cc:337:slice$8384 ($sdffe) from module io_uncore_top.
Setting constant 0-bit at position 48 on $auto$ff.cc:337:slice$8384 ($sdffe) from module io_uncore_top.
Setting constant 0-bit at position 49 on $auto$ff.cc:337:slice$8384 ($sdffe) from module io_uncore_top.
Setting constant 0-bit at position 50 on $auto$ff.cc:337:slice$8384 ($sdffe) from module io_uncore_top.
Setting constant 0-bit at position 51 on $auto$ff.cc:337:slice$8384 ($sdffe) from module io_uncore_top.
Setting constant 0-bit at position 52 on $auto$ff.cc:337:slice$8384 ($sdffe) from module io_uncore_top.
Setting constant 0-bit at position 53 on $auto$ff.cc:337:slice$8384 ($sdffe) from module io_uncore_top.
Setting constant 0-bit at position 54 on $auto$ff.cc:337:slice$8384 ($sdffe) from module io_uncore_top.
Setting constant 0-bit at position 55 on $auto$ff.cc:337:slice$8384 ($sdffe) from module io_uncore_top.
Setting constant 0-bit at position 56 on $auto$ff.cc:337:slice$8384 ($sdffe) from module io_uncore_top.
Setting constant 0-bit at position 57 on $auto$ff.cc:337:slice$8384 ($sdffe) from module io_uncore_top.
Setting constant 0-bit at position 58 on $auto$ff.cc:337:slice$8384 ($sdffe) from module io_uncore_top.
Setting constant 0-bit at position 59 on $auto$ff.cc:337:slice$8384 ($sdffe) from module io_uncore_top.
Setting constant 0-bit at position 60 on $auto$ff.cc:337:slice$8384 ($sdffe) from module io_uncore_top.
Setting constant 0-bit at position 61 on $auto$ff.cc:337:slice$8384 ($sdffe) from module io_uncore_top.
Setting constant 0-bit at position 62 on $auto$ff.cc:337:slice$8384 ($sdffe) from module io_uncore_top.
Setting constant 0-bit at position 63 on $auto$ff.cc:337:slice$8384 ($sdffe) from module io_uncore_top.

22.9.7. Executing OPT_CLEAN pass (remove unused cells and wires).
Finding unused cells or wires in module \io_uncore_top..
Removed 235 unused cells and 319 unused wires.

22.9.8. Executing OPT_EXPR pass (perform const folding).
Optimizing module io_uncore_top.

22.9.9. Rerunning OPT passes. (Maybe there is more to do..)

22.9.10. Executing OPT_MUXTREE pass (detect dead branches in mux trees).
Running muxtree optimizer on module \io_uncore_top..
  Creating internal representation of mux trees.
  Evaluating internal representation of mux trees.
  Analyzing evaluation results.
Removed 0 multiplexer ports.

22.9.11. Executing OPT_REDUCE pass (consolidate $*mux and $reduce_* inputs).
  Optimizing cells in module \io_uncore_top.
Performed a total of 0 changes.

22.9.12. Executing OPT_MERGE pass (detect identical cells).
Finding identical cells in module `\io_uncore_top'.
Computing hashes of 1434 cells of `\io_uncore_top'.
Finding duplicate cells in `\io_uncore_top'.
Computing hashes of 1344 cells of `\io_uncore_top'.
Finding duplicate cells in `\io_uncore_top'.
Computing hashes of 1311 cells of `\io_uncore_top'.
Finding duplicate cells in `\io_uncore_top'.
Removed a total of 123 cells.

22.9.13. Executing OPT_DFF pass (perform DFF optimizations).
Handling D = Q on $auto$ff.cc:337:slice$7768 ($sdff) from module io_uncore_top (conecting SRST instead).
Handling D = Q on $auto$ff.cc:337:slice$7827 ($sdff) from module io_uncore_top (conecting SRST instead).
Handling D = Q on $auto$ff.cc:337:slice$7832 ($sdff) from module io_uncore_top (conecting SRST instead).
Handling D = Q on $auto$ff.cc:337:slice$7837 ($sdff) from module io_uncore_top (conecting SRST instead).
Handling D = Q on $auto$ff.cc:337:slice$7842 ($sdff) from module io_uncore_top (conecting SRST instead).
Handling D = Q on $auto$ff.cc:337:slice$7847 ($sdff) from module io_uncore_top (conecting SRST instead).
Handling D = Q on $auto$ff.cc:337:slice$7852 ($sdff) from module io_uncore_top (conecting SRST instead).
Handling D = Q on $auto$ff.cc:337:slice$7857 ($sdff) from module io_uncore_top (conecting SRST instead).
Handling D = Q on $auto$ff.cc:337:slice$7862 ($sdff) from module io_uncore_top (conecting SRST instead).
Handling D = Q on $auto$ff.cc:337:slice$7867 ($sdff) from module io_uncore_top (conecting SRST instead).
Handling D = Q on $auto$ff.cc:337:slice$7872 ($sdff) from module io_uncore_top (conecting SRST instead).
Handling D = Q on $auto$ff.cc:337:slice$7877 ($sdff) from module io_uncore_top (conecting SRST instead).
Handling D = Q on $auto$ff.cc:337:slice$7882 ($sdff) from module io_uncore_top (conecting SRST instead).
Handling D = Q on $auto$ff.cc:337:slice$7887 ($sdff) from module io_uncore_top (conecting SRST instead).
Handling D = Q on $auto$ff.cc:337:slice$7892 ($sdff) from module io_uncore_top (conecting SRST instead).
Handling D = Q on $auto$ff.cc:337:slice$7897 ($sdff) from module io_uncore_top (conecting SRST instead).
Handling D = Q on $auto$ff.cc:337:slice$7902 ($sdff) from module io_uncore_top (conecting SRST instead).
Adding EN signal on $auto$ff.cc:337:slice$7907 ($sdff) from module io_uncore_top (D = $flatten\u_db_coalescer.$sub$src/db_coalescer.v:76$2558_Y, Q = \u_db_coalescer.timer[15]).
Adding EN signal on $auto$ff.cc:337:slice$7912 ($sdff) from module io_uncore_top (D = $flatten\u_db_coalescer.$sub$src/db_coalescer.v:76$2549_Y, Q = \u_db_coalescer.timer[14]).
Adding EN signal on $auto$ff.cc:337:slice$7917 ($sdff) from module io_uncore_top (D = $flatten\u_db_coalescer.$sub$src/db_coalescer.v:76$2540_Y, Q = \u_db_coalescer.timer[13]).
Adding EN signal on $auto$ff.cc:337:slice$7922 ($sdff) from module io_uncore_top (D = $flatten\u_db_coalescer.$sub$src/db_coalescer.v:76$2531_Y, Q = \u_db_coalescer.timer[12]).
Adding EN signal on $auto$ff.cc:337:slice$7927 ($sdff) from module io_uncore_top (D = $flatten\u_db_coalescer.$sub$src/db_coalescer.v:76$2522_Y, Q = \u_db_coalescer.timer[11]).
Adding EN signal on $auto$ff.cc:337:slice$7932 ($sdff) from module io_uncore_top (D = $flatten\u_db_coalescer.$sub$src/db_coalescer.v:76$2513_Y, Q = \u_db_coalescer.timer[10]).
Adding EN signal on $auto$ff.cc:337:slice$7937 ($sdff) from module io_uncore_top (D = $flatten\u_db_coalescer.$sub$src/db_coalescer.v:76$2504_Y, Q = \u_db_coalescer.timer[9]).
Adding EN signal on $auto$ff.cc:337:slice$7942 ($sdff) from module io_uncore_top (D = $flatten\u_db_coalescer.$sub$src/db_coalescer.v:76$2495_Y, Q = \u_db_coalescer.timer[8]).
Adding EN signal on $auto$ff.cc:337:slice$7947 ($sdff) from module io_uncore_top (D = $flatten\u_db_coalescer.$sub$src/db_coalescer.v:76$2486_Y, Q = \u_db_coalescer.timer[7]).
Adding EN signal on $auto$ff.cc:337:slice$7952 ($sdff) from module io_uncore_top (D = $flatten\u_db_coalescer.$sub$src/db_coalescer.v:76$2477_Y, Q = \u_db_coalescer.timer[6]).
Adding EN signal on $auto$ff.cc:337:slice$7957 ($sdff) from module io_uncore_top (D = $flatten\u_db_coalescer.$sub$src/db_coalescer.v:76$2468_Y, Q = \u_db_coalescer.timer[5]).
Adding EN signal on $auto$ff.cc:337:slice$7962 ($sdff) from module io_uncore_top (D = $flatten\u_db_coalescer.$sub$src/db_coalescer.v:76$2459_Y, Q = \u_db_coalescer.timer[4]).
Adding EN signal on $auto$ff.cc:337:slice$7967 ($sdff) from module io_uncore_top (D = $flatten\u_db_coalescer.$sub$src/db_coalescer.v:76$2450_Y, Q = \u_db_coalescer.timer[3]).
Adding EN signal on $auto$ff.cc:337:slice$7972 ($sdff) from module io_uncore_top (D = $flatten\u_db_coalescer.$sub$src/db_coalescer.v:76$2441_Y, Q = \u_db_coalescer.timer[2]).
Adding EN signal on $auto$ff.cc:337:slice$7977 ($sdff) from module io_uncore_top (D = $flatten\u_db_coalescer.$sub$src/db_coalescer.v:76$2432_Y, Q = \u_db_coalescer.timer[1]).
Adding EN signal on $auto$ff.cc:337:slice$7982 ($sdff) from module io_uncore_top (D = $flatten\u_db_coalescer.$sub$src/db_coalescer.v:76$2423_Y, Q = \u_db_coalescer.timer[0]).
Setting constant 0-bit at position 0 on $auto$ff.cc:337:slice$7902 ($dffe) from module io_uncore_top.
Setting constant 0-bit at position 0 on $auto$ff.cc:337:slice$7897 ($dffe) from module io_uncore_top.
Setting constant 0-bit at position 0 on $auto$ff.cc:337:slice$7892 ($dffe) from module io_uncore_top.
Setting constant 0-bit at position 0 on $auto$ff.cc:337:slice$7887 ($dffe) from module io_uncore_top.
Setting constant 0-bit at position 0 on $auto$ff.cc:337:slice$7882 ($dffe) from module io_uncore_top.
Setting constant 0-bit at position 0 on $auto$ff.cc:337:slice$7877 ($dffe) from module io_uncore_top.
Setting constant 0-bit at position 0 on $auto$ff.cc:337:slice$7872 ($dffe) from module io_uncore_top.
Setting constant 0-bit at position 0 on $auto$ff.cc:337:slice$7867 ($dffe) from module io_uncore_top.
Setting constant 0-bit at position 0 on $auto$ff.cc:337:slice$7862 ($dffe) from module io_uncore_top.
Setting constant 0-bit at position 0 on $auto$ff.cc:337:slice$7857 ($dffe) from module io_uncore_top.
Setting constant 0-bit at position 0 on $auto$ff.cc:337:slice$7852 ($dffe) from module io_uncore_top.
Setting constant 0-bit at position 0 on $auto$ff.cc:337:slice$7847 ($dffe) from module io_uncore_top.
Setting constant 0-bit at position 0 on $auto$ff.cc:337:slice$7842 ($dffe) from module io_uncore_top.
Setting constant 0-bit at position 0 on $auto$ff.cc:337:slice$7837 ($dffe) from module io_uncore_top.
Setting constant 0-bit at position 0 on $auto$ff.cc:337:slice$7832 ($dffe) from module io_uncore_top.
Setting constant 0-bit at position 0 on $auto$ff.cc:337:slice$7827 ($dffe) from module io_uncore_top.
Setting constant 0-bit at position 0 on $auto$ff.cc:337:slice$7768 ($dffe) from module io_uncore_top.
Setting constant 0-bit at position 1 on $auto$ff.cc:337:slice$7768 ($dffe) from module io_uncore_top.
Setting constant 0-bit at position 2 on $auto$ff.cc:337:slice$7768 ($dffe) from module io_uncore_top.
Setting constant 0-bit at position 3 on $auto$ff.cc:337:slice$7768 ($dffe) from module io_uncore_top.
Setting constant 0-bit at position 4 on $auto$ff.cc:337:slice$7768 ($dffe) from module io_uncore_top.
Setting constant 0-bit at position 5 on $auto$ff.cc:337:slice$7768 ($dffe) from module io_uncore_top.
Setting constant 0-bit at position 6 on $auto$ff.cc:337:slice$7768 ($dffe) from module io_uncore_top.
Setting constant 0-bit at position 7 on $auto$ff.cc:337:slice$7768 ($dffe) from module io_uncore_top.
Setting constant 0-bit at position 8 on $auto$ff.cc:337:slice$7768 ($dffe) from module io_uncore_top.
Setting constant 0-bit at position 9 on $auto$ff.cc:337:slice$7768 ($dffe) from module io_uncore_top.
Setting constant 0-bit at position 10 on $auto$ff.cc:337:slice$7768 ($dffe) from module io_uncore_top.
Setting constant 0-bit at position 11 on $auto$ff.cc:337:slice$7768 ($dffe) from module io_uncore_top.
Setting constant 0-bit at position 12 on $auto$ff.cc:337:slice$7768 ($dffe) from module io_uncore_top.
Setting constant 0-bit at position 13 on $auto$ff.cc:337:slice$7768 ($dffe) from module io_uncore_top.
Setting constant 0-bit at position 14 on $auto$ff.cc:337:slice$7768 ($dffe) from module io_uncore_top.
Setting constant 0-bit at position 15 on $auto$ff.cc:337:slice$7768 ($dffe) from module io_uncore_top.
Setting constant 0-bit at position 16 on $auto$ff.cc:337:slice$7768 ($dffe) from module io_uncore_top.
Setting constant 0-bit at position 17 on $auto$ff.cc:337:slice$7768 ($dffe) from module io_uncore_top.
Setting constant 0-bit at position 18 on $auto$ff.cc:337:slice$7768 ($dffe) from module io_uncore_top.
Setting constant 0-bit at position 19 on $auto$ff.cc:337:slice$7768 ($dffe) from module io_uncore_top.
Setting constant 0-bit at position 20 on $auto$ff.cc:337:slice$7768 ($dffe) from module io_uncore_top.
Setting constant 0-bit at position 21 on $auto$ff.cc:337:slice$7768 ($dffe) from module io_uncore_top.
Setting constant 0-bit at position 22 on $auto$ff.cc:337:slice$7768 ($dffe) from module io_uncore_top.
Setting constant 0-bit at position 23 on $auto$ff.cc:337:slice$7768 ($dffe) from module io_uncore_top.
Setting constant 0-bit at position 24 on $auto$ff.cc:337:slice$7768 ($dffe) from module io_uncore_top.
Setting constant 0-bit at position 25 on $auto$ff.cc:337:slice$7768 ($dffe) from module io_uncore_top.
Setting constant 0-bit at position 26 on $auto$ff.cc:337:slice$7768 ($dffe) from module io_uncore_top.
Setting constant 0-bit at position 27 on $auto$ff.cc:337:slice$7768 ($dffe) from module io_uncore_top.
Setting constant 0-bit at position 28 on $auto$ff.cc:337:slice$7768 ($dffe) from module io_uncore_top.
Setting constant 0-bit at position 29 on $auto$ff.cc:337:slice$7768 ($dffe) from module io_uncore_top.
Setting constant 0-bit at position 30 on $auto$ff.cc:337:slice$7768 ($dffe) from module io_uncore_top.
Setting constant 0-bit at position 31 on $auto$ff.cc:337:slice$7768 ($dffe) from module io_uncore_top.
Setting constant 0-bit at position 32 on $auto$ff.cc:337:slice$7768 ($dffe) from module io_uncore_top.
Setting constant 0-bit at position 33 on $auto$ff.cc:337:slice$7768 ($dffe) from module io_uncore_top.
Setting constant 0-bit at position 34 on $auto$ff.cc:337:slice$7768 ($dffe) from module io_uncore_top.
Setting constant 0-bit at position 35 on $auto$ff.cc:337:slice$7768 ($dffe) from module io_uncore_top.
Setting constant 0-bit at position 36 on $auto$ff.cc:337:slice$7768 ($dffe) from module io_uncore_top.
Setting constant 0-bit at position 37 on $auto$ff.cc:337:slice$7768 ($dffe) from module io_uncore_top.
Setting constant 0-bit at position 38 on $auto$ff.cc:337:slice$7768 ($dffe) from module io_uncore_top.
Setting constant 0-bit at position 39 on $auto$ff.cc:337:slice$7768 ($dffe) from module io_uncore_top.
Setting constant 0-bit at position 40 on $auto$ff.cc:337:slice$7768 ($dffe) from module io_uncore_top.
Setting constant 0-bit at position 41 on $auto$ff.cc:337:slice$7768 ($dffe) from module io_uncore_top.
Setting constant 0-bit at position 42 on $auto$ff.cc:337:slice$7768 ($dffe) from module io_uncore_top.
Setting constant 0-bit at position 43 on $auto$ff.cc:337:slice$7768 ($dffe) from module io_uncore_top.
Setting constant 0-bit at position 44 on $auto$ff.cc:337:slice$7768 ($dffe) from module io_uncore_top.
Setting constant 0-bit at position 45 on $auto$ff.cc:337:slice$7768 ($dffe) from module io_uncore_top.
Setting constant 0-bit at position 46 on $auto$ff.cc:337:slice$7768 ($dffe) from module io_uncore_top.
Setting constant 0-bit at position 47 on $auto$ff.cc:337:slice$7768 ($dffe) from module io_uncore_top.
Setting constant 0-bit at position 48 on $auto$ff.cc:337:slice$7768 ($dffe) from module io_uncore_top.
Setting constant 0-bit at position 49 on $auto$ff.cc:337:slice$7768 ($dffe) from module io_uncore_top.
Setting constant 0-bit at position 50 on $auto$ff.cc:337:slice$7768 ($dffe) from module io_uncore_top.
Setting constant 0-bit at position 51 on $auto$ff.cc:337:slice$7768 ($dffe) from module io_uncore_top.
Setting constant 0-bit at position 52 on $auto$ff.cc:337:slice$7768 ($dffe) from module io_uncore_top.
Setting constant 0-bit at position 53 on $auto$ff.cc:337:slice$7768 ($dffe) from module io_uncore_top.
Setting constant 0-bit at position 54 on $auto$ff.cc:337:slice$7768 ($dffe) from module io_uncore_top.
Setting constant 0-bit at position 55 on $auto$ff.cc:337:slice$7768 ($dffe) from module io_uncore_top.
Setting constant 0-bit at position 56 on $auto$ff.cc:337:slice$7768 ($dffe) from module io_uncore_top.
Setting constant 0-bit at position 57 on $auto$ff.cc:337:slice$7768 ($dffe) from module io_uncore_top.
Setting constant 0-bit at position 58 on $auto$ff.cc:337:slice$7768 ($dffe) from module io_uncore_top.
Setting constant 0-bit at position 59 on $auto$ff.cc:337:slice$7768 ($dffe) from module io_uncore_top.
Setting constant 0-bit at position 60 on $auto$ff.cc:337:slice$7768 ($dffe) from module io_uncore_top.
Setting constant 0-bit at position 61 on $auto$ff.cc:337:slice$7768 ($dffe) from module io_uncore_top.
Setting constant 0-bit at position 62 on $auto$ff.cc:337:slice$7768 ($dffe) from module io_uncore_top.
Setting constant 0-bit at position 63 on $auto$ff.cc:337:slice$7768 ($dffe) from module io_uncore_top.

22.9.14. Executing OPT_CLEAN pass (remove unused cells and wires).
Finding unused cells or wires in module \io_uncore_top..
Removed 16 unused cells and 139 unused wires.

22.9.15. Executing OPT_EXPR pass (perform const folding).
Optimizing module io_uncore_top.

22.9.16. Rerunning OPT passes. (Maybe there is more to do..)

22.9.17. Executing OPT_MUXTREE pass (detect dead branches in mux trees).
Running muxtree optimizer on module \io_uncore_top..
  Creating internal representation of mux trees.
  Evaluating internal representation of mux trees.
  Analyzing evaluation results.
Removed 0 multiplexer ports.

22.9.18. Executing OPT_REDUCE pass (consolidate $*mux and $reduce_* inputs).
  Optimizing cells in module \io_uncore_top.
    New ctrl vector for $pmux cell $flatten\u_db_coalescer.$procmux$3739: $auto$opt_reduce.cc:137:opt_pmux$8440
  Optimizing cells in module \io_uncore_top.
Performed a total of 1 changes.

22.9.19. Executing OPT_MERGE pass (detect identical cells).
Finding identical cells in module `\io_uncore_top'.
Computing hashes of 1214 cells of `\io_uncore_top'.
Finding duplicate cells in `\io_uncore_top'.
Computing hashes of 1213 cells of `\io_uncore_top'.
Finding duplicate cells in `\io_uncore_top'.
Removed a total of 1 cells.

22.9.20. Executing OPT_DFF pass (perform DFF optimizations).
Handling never-active EN on $auto$ff.cc:337:slice$8423 ($sdffe) from module io_uncore_top (connecting SRST instead).
Handling never-active EN on $auto$ff.cc:337:slice$8424 ($sdffe) from module io_uncore_top (connecting SRST instead).
Handling never-active EN on $auto$ff.cc:337:slice$8425 ($sdffe) from module io_uncore_top (connecting SRST instead).
Handling never-active EN on $auto$ff.cc:337:slice$8426 ($sdffe) from module io_uncore_top (connecting SRST instead).
Handling never-active EN on $auto$ff.cc:337:slice$8427 ($sdffe) from module io_uncore_top (connecting SRST instead).
Handling never-active EN on $auto$ff.cc:337:slice$8428 ($sdffe) from module io_uncore_top (connecting SRST instead).
Handling never-active EN on $auto$ff.cc:337:slice$8429 ($sdffe) from module io_uncore_top (connecting SRST instead).
Handling never-active EN on $auto$ff.cc:337:slice$8430 ($sdffe) from module io_uncore_top (connecting SRST instead).
Handling never-active EN on $auto$ff.cc:337:slice$8431 ($sdffe) from module io_uncore_top (connecting SRST instead).
Handling never-active EN on $auto$ff.cc:337:slice$8432 ($sdffe) from module io_uncore_top (connecting SRST instead).
Handling never-active EN on $auto$ff.cc:337:slice$8433 ($sdffe) from module io_uncore_top (connecting SRST instead).
Handling never-active EN on $auto$ff.cc:337:slice$8434 ($sdffe) from module io_uncore_top (connecting SRST instead).
Handling never-active EN on $auto$ff.cc:337:slice$8435 ($sdffe) from module io_uncore_top (connecting SRST instead).
Handling never-active EN on $auto$ff.cc:337:slice$8436 ($sdffe) from module io_uncore_top (connecting SRST instead).
Handling never-active EN on $auto$ff.cc:337:slice$8437 ($sdffe) from module io_uncore_top (connecting SRST instead).
Handling never-active EN on $auto$ff.cc:337:slice$8438 ($sdffe) from module io_uncore_top (connecting SRST instead).
Setting constant 0-bit at position 0 on $auto$ff.cc:337:slice$8438 ($dffe) from module io_uncore_top.
Setting constant 0-bit at position 1 on $auto$ff.cc:337:slice$8438 ($dffe) from module io_uncore_top.
Setting constant 0-bit at position 2 on $auto$ff.cc:337:slice$8438 ($dffe) from module io_uncore_top.
Setting constant 0-bit at position 3 on $auto$ff.cc:337:slice$8438 ($dffe) from module io_uncore_top.
Setting constant 0-bit at position 4 on $auto$ff.cc:337:slice$8438 ($dffe) from module io_uncore_top.
Setting constant 0-bit at position 5 on $auto$ff.cc:337:slice$8438 ($dffe) from module io_uncore_top.
Setting constant 0-bit at position 6 on $auto$ff.cc:337:slice$8438 ($dffe) from module io_uncore_top.
Setting constant 0-bit at position 0 on $auto$ff.cc:337:slice$8437 ($dffe) from module io_uncore_top.
Setting constant 0-bit at position 1 on $auto$ff.cc:337:slice$8437 ($dffe) from module io_uncore_top.
Setting constant 0-bit at position 2 on $auto$ff.cc:337:slice$8437 ($dffe) from module io_uncore_top.
Setting constant 0-bit at position 3 on $auto$ff.cc:337:slice$8437 ($dffe) from module io_uncore_top.
Setting constant 0-bit at position 4 on $auto$ff.cc:337:slice$8437 ($dffe) from module io_uncore_top.
Setting constant 0-bit at position 5 on $auto$ff.cc:337:slice$8437 ($dffe) from module io_uncore_top.
Setting constant 0-bit at position 6 on $auto$ff.cc:337:slice$8437 ($dffe) from module io_uncore_top.
Setting constant 0-bit at position 0 on $auto$ff.cc:337:slice$8436 ($dffe) from module io_uncore_top.
Setting constant 0-bit at position 1 on $auto$ff.cc:337:slice$8436 ($dffe) from module io_uncore_top.
Setting constant 0-bit at position 2 on $auto$ff.cc:337:slice$8436 ($dffe) from module io_uncore_top.
Setting constant 0-bit at position 3 on $auto$ff.cc:337:slice$8436 ($dffe) from module io_uncore_top.
Setting constant 0-bit at position 4 on $auto$ff.cc:337:slice$8436 ($dffe) from module io_uncore_top.
Setting constant 0-bit at position 5 on $auto$ff.cc:337:slice$8436 ($dffe) from module io_uncore_top.
Setting constant 0-bit at position 6 on $auto$ff.cc:337:slice$8436 ($dffe) from module io_uncore_top.
Setting constant 0-bit at position 0 on $auto$ff.cc:337:slice$8435 ($dffe) from module io_uncore_top.
Setting constant 0-bit at position 1 on $auto$ff.cc:337:slice$8435 ($dffe) from module io_uncore_top.
Setting constant 0-bit at position 2 on $auto$ff.cc:337:slice$8435 ($dffe) from module io_uncore_top.
Setting constant 0-bit at position 3 on $auto$ff.cc:337:slice$8435 ($dffe) from module io_uncore_top.
Setting constant 0-bit at position 4 on $auto$ff.cc:337:slice$8435 ($dffe) from module io_uncore_top.
Setting constant 0-bit at position 5 on $auto$ff.cc:337:slice$8435 ($dffe) from module io_uncore_top.
Setting constant 0-bit at position 6 on $auto$ff.cc:337:slice$8435 ($dffe) from module io_uncore_top.
Setting constant 0-bit at position 0 on $auto$ff.cc:337:slice$8434 ($dffe) from module io_uncore_top.
Setting constant 0-bit at position 1 on $auto$ff.cc:337:slice$8434 ($dffe) from module io_uncore_top.
Setting constant 0-bit at position 2 on $auto$ff.cc:337:slice$8434 ($dffe) from module io_uncore_top.
Setting constant 0-bit at position 3 on $auto$ff.cc:337:slice$8434 ($dffe) from module io_uncore_top.
Setting constant 0-bit at position 4 on $auto$ff.cc:337:slice$8434 ($dffe) from module io_uncore_top.
Setting constant 0-bit at position 5 on $auto$ff.cc:337:slice$8434 ($dffe) from module io_uncore_top.
Setting constant 0-bit at position 6 on $auto$ff.cc:337:slice$8434 ($dffe) from module io_uncore_top.
Setting constant 0-bit at position 0 on $auto$ff.cc:337:slice$8433 ($dffe) from module io_uncore_top.
Setting constant 0-bit at position 1 on $auto$ff.cc:337:slice$8433 ($dffe) from module io_uncore_top.
Setting constant 0-bit at position 2 on $auto$ff.cc:337:slice$8433 ($dffe) from module io_uncore_top.
Setting constant 0-bit at position 3 on $auto$ff.cc:337:slice$8433 ($dffe) from module io_uncore_top.
Setting constant 0-bit at position 4 on $auto$ff.cc:337:slice$8433 ($dffe) from module io_uncore_top.
Setting constant 0-bit at position 5 on $auto$ff.cc:337:slice$8433 ($dffe) from module io_uncore_top.
Setting constant 0-bit at position 6 on $auto$ff.cc:337:slice$8433 ($dffe) from module io_uncore_top.
Setting constant 0-bit at position 0 on $auto$ff.cc:337:slice$8432 ($dffe) from module io_uncore_top.
Setting constant 0-bit at position 1 on $auto$ff.cc:337:slice$8432 ($dffe) from module io_uncore_top.
Setting constant 0-bit at position 2 on $auto$ff.cc:337:slice$8432 ($dffe) from module io_uncore_top.
Setting constant 0-bit at position 3 on $auto$ff.cc:337:slice$8432 ($dffe) from module io_uncore_top.
Setting constant 0-bit at position 4 on $auto$ff.cc:337:slice$8432 ($dffe) from module io_uncore_top.
Setting constant 0-bit at position 5 on $auto$ff.cc:337:slice$8432 ($dffe) from module io_uncore_top.
Setting constant 0-bit at position 6 on $auto$ff.cc:337:slice$8432 ($dffe) from module io_uncore_top.
Setting constant 0-bit at position 0 on $auto$ff.cc:337:slice$8431 ($dffe) from module io_uncore_top.
Setting constant 0-bit at position 1 on $auto$ff.cc:337:slice$8431 ($dffe) from module io_uncore_top.
Setting constant 0-bit at position 2 on $auto$ff.cc:337:slice$8431 ($dffe) from module io_uncore_top.
Setting constant 0-bit at position 3 on $auto$ff.cc:337:slice$8431 ($dffe) from module io_uncore_top.
Setting constant 0-bit at position 4 on $auto$ff.cc:337:slice$8431 ($dffe) from module io_uncore_top.
Setting constant 0-bit at position 5 on $auto$ff.cc:337:slice$8431 ($dffe) from module io_uncore_top.
Setting constant 0-bit at position 6 on $auto$ff.cc:337:slice$8431 ($dffe) from module io_uncore_top.
Setting constant 0-bit at position 0 on $auto$ff.cc:337:slice$8430 ($dffe) from module io_uncore_top.
Setting constant 0-bit at position 1 on $auto$ff.cc:337:slice$8430 ($dffe) from module io_uncore_top.
Setting constant 0-bit at position 2 on $auto$ff.cc:337:slice$8430 ($dffe) from module io_uncore_top.
Setting constant 0-bit at position 3 on $auto$ff.cc:337:slice$8430 ($dffe) from module io_uncore_top.
Setting constant 0-bit at position 4 on $auto$ff.cc:337:slice$8430 ($dffe) from module io_uncore_top.
Setting constant 0-bit at position 5 on $auto$ff.cc:337:slice$8430 ($dffe) from module io_uncore_top.
Setting constant 0-bit at position 6 on $auto$ff.cc:337:slice$8430 ($dffe) from module io_uncore_top.
Setting constant 0-bit at position 0 on $auto$ff.cc:337:slice$8429 ($dffe) from module io_uncore_top.
Setting constant 0-bit at position 1 on $auto$ff.cc:337:slice$8429 ($dffe) from module io_uncore_top.
Setting constant 0-bit at position 2 on $auto$ff.cc:337:slice$8429 ($dffe) from module io_uncore_top.
Setting constant 0-bit at position 3 on $auto$ff.cc:337:slice$8429 ($dffe) from module io_uncore_top.
Setting constant 0-bit at position 4 on $auto$ff.cc:337:slice$8429 ($dffe) from module io_uncore_top.
Setting constant 0-bit at position 5 on $auto$ff.cc:337:slice$8429 ($dffe) from module io_uncore_top.
Setting constant 0-bit at position 6 on $auto$ff.cc:337:slice$8429 ($dffe) from module io_uncore_top.
Setting constant 0-bit at position 0 on $auto$ff.cc:337:slice$8428 ($dffe) from module io_uncore_top.
Setting constant 0-bit at position 1 on $auto$ff.cc:337:slice$8428 ($dffe) from module io_uncore_top.
Setting constant 0-bit at position 2 on $auto$ff.cc:337:slice$8428 ($dffe) from module io_uncore_top.
Setting constant 0-bit at position 3 on $auto$ff.cc:337:slice$8428 ($dffe) from module io_uncore_top.
Setting constant 0-bit at position 4 on $auto$ff.cc:337:slice$8428 ($dffe) from module io_uncore_top.
Setting constant 0-bit at position 5 on $auto$ff.cc:337:slice$8428 ($dffe) from module io_uncore_top.
Setting constant 0-bit at position 6 on $auto$ff.cc:337:slice$8428 ($dffe) from module io_uncore_top.
Setting constant 0-bit at position 0 on $auto$ff.cc:337:slice$8427 ($dffe) from module io_uncore_top.
Setting constant 0-bit at position 1 on $auto$ff.cc:337:slice$8427 ($dffe) from module io_uncore_top.
Setting constant 0-bit at position 2 on $auto$ff.cc:337:slice$8427 ($dffe) from module io_uncore_top.
Setting constant 0-bit at position 3 on $auto$ff.cc:337:slice$8427 ($dffe) from module io_uncore_top.
Setting constant 0-bit at position 4 on $auto$ff.cc:337:slice$8427 ($dffe) from module io_uncore_top.
Setting constant 0-bit at position 5 on $auto$ff.cc:337:slice$8427 ($dffe) from module io_uncore_top.
Setting constant 0-bit at position 6 on $auto$ff.cc:337:slice$8427 ($dffe) from module io_uncore_top.
Setting constant 0-bit at position 0 on $auto$ff.cc:337:slice$8426 ($dffe) from module io_uncore_top.
Setting constant 0-bit at position 1 on $auto$ff.cc:337:slice$8426 ($dffe) from module io_uncore_top.
Setting constant 0-bit at position 2 on $auto$ff.cc:337:slice$8426 ($dffe) from module io_uncore_top.
Setting constant 0-bit at position 3 on $auto$ff.cc:337:slice$8426 ($dffe) from module io_uncore_top.
Setting constant 0-bit at position 4 on $auto$ff.cc:337:slice$8426 ($dffe) from module io_uncore_top.
Setting constant 0-bit at position 5 on $auto$ff.cc:337:slice$8426 ($dffe) from module io_uncore_top.
Setting constant 0-bit at position 6 on $auto$ff.cc:337:slice$8426 ($dffe) from module io_uncore_top.
Setting constant 0-bit at position 0 on $auto$ff.cc:337:slice$8425 ($dffe) from module io_uncore_top.
Setting constant 0-bit at position 1 on $auto$ff.cc:337:slice$8425 ($dffe) from module io_uncore_top.
Setting constant 0-bit at position 2 on $auto$ff.cc:337:slice$8425 ($dffe) from module io_uncore_top.
Setting constant 0-bit at position 3 on $auto$ff.cc:337:slice$8425 ($dffe) from module io_uncore_top.
Setting constant 0-bit at position 4 on $auto$ff.cc:337:slice$8425 ($dffe) from module io_uncore_top.
Setting constant 0-bit at position 5 on $auto$ff.cc:337:slice$8425 ($dffe) from module io_uncore_top.
Setting constant 0-bit at position 6 on $auto$ff.cc:337:slice$8425 ($dffe) from module io_uncore_top.
Setting constant 0-bit at position 0 on $auto$ff.cc:337:slice$8424 ($dffe) from module io_uncore_top.
Setting constant 0-bit at position 1 on $auto$ff.cc:337:slice$8424 ($dffe) from module io_uncore_top.
Setting constant 0-bit at position 2 on $auto$ff.cc:337:slice$8424 ($dffe) from module io_uncore_top.
Setting constant 0-bit at position 3 on $auto$ff.cc:337:slice$8424 ($dffe) from module io_uncore_top.
Setting constant 0-bit at position 4 on $auto$ff.cc:337:slice$8424 ($dffe) from module io_uncore_top.
Setting constant 0-bit at position 5 on $auto$ff.cc:337:slice$8424 ($dffe) from module io_uncore_top.
Setting constant 0-bit at position 6 on $auto$ff.cc:337:slice$8424 ($dffe) from module io_uncore_top.
Setting constant 0-bit at position 0 on $auto$ff.cc:337:slice$8423 ($dffe) from module io_uncore_top.
Setting constant 0-bit at position 1 on $auto$ff.cc:337:slice$8423 ($dffe) from module io_uncore_top.
Setting constant 0-bit at position 2 on $auto$ff.cc:337:slice$8423 ($dffe) from module io_uncore_top.
Setting constant 0-bit at position 3 on $auto$ff.cc:337:slice$8423 ($dffe) from module io_uncore_top.
Setting constant 0-bit at position 4 on $auto$ff.cc:337:slice$8423 ($dffe) from module io_uncore_top.
Setting constant 0-bit at position 5 on $auto$ff.cc:337:slice$8423 ($dffe) from module io_uncore_top.
Setting constant 0-bit at position 6 on $auto$ff.cc:337:slice$8423 ($dffe) from module io_uncore_top.

22.9.21. Executing OPT_CLEAN pass (remove unused cells and wires).
Finding unused cells or wires in module \io_uncore_top..
Removed 112 unused cells and 178 unused wires.

22.9.22. Executing OPT_EXPR pass (perform const folding).
Optimizing module io_uncore_top.

22.9.23. Rerunning OPT passes. (Maybe there is more to do..)

22.9.24. Executing OPT_MUXTREE pass (detect dead branches in mux trees).
Running muxtree optimizer on module \io_uncore_top..
  Creating internal representation of mux trees.
  Evaluating internal representation of mux trees.
  Analyzing evaluation results.
Removed 0 multiplexer ports.

22.9.25. Executing OPT_REDUCE pass (consolidate $*mux and $reduce_* inputs).
  Optimizing cells in module \io_uncore_top.
    New input vector for $reduce_or cell $auto$fsm_map.cc:144:implement_pattern_cache$7646: { $auto$fsm_map.cc:118:implement_pattern_cache$7640 $auto$fsm_map.cc:118:implement_pattern_cache$7644 }
    New ctrl vector for $pmux cell $flatten\u_db_coalescer.$procmux$3712: $auto$opt_reduce.cc:137:opt_pmux$8442
  Optimizing cells in module \io_uncore_top.
Performed a total of 2 changes.

22.9.26. Executing OPT_MERGE pass (detect identical cells).
Finding identical cells in module `\io_uncore_top'.
Computing hashes of 1054 cells of `\io_uncore_top'.
Finding duplicate cells in `\io_uncore_top'.
Computing hashes of 1053 cells of `\io_uncore_top'.
Finding duplicate cells in `\io_uncore_top'.
Removed a total of 1 cells.

22.9.27. Executing OPT_DFF pass (perform DFF optimizations).

22.9.28. Executing OPT_CLEAN pass (remove unused cells and wires).
Finding unused cells or wires in module \io_uncore_top..
Removed 0 unused cells and 33 unused wires.

22.9.29. Executing OPT_EXPR pass (perform const folding).
Optimizing module io_uncore_top.

22.9.30. Rerunning OPT passes. (Maybe there is more to do..)

22.9.31. Executing OPT_MUXTREE pass (detect dead branches in mux trees).
Running muxtree optimizer on module \io_uncore_top..
  Creating internal representation of mux trees.
  Evaluating internal representation of mux trees.
  Analyzing evaluation results.
Removed 0 multiplexer ports.

22.9.32. Executing OPT_REDUCE pass (consolidate $*mux and $reduce_* inputs).
  Optimizing cells in module \io_uncore_top.
Performed a total of 0 changes.

22.9.33. Executing OPT_MERGE pass (detect identical cells).
Finding identical cells in module `\io_uncore_top'.
Computing hashes of 1053 cells of `\io_uncore_top'.
Finding duplicate cells in `\io_uncore_top'.
Removed a total of 0 cells.

22.9.34. Executing OPT_DFF pass (perform DFF optimizations).

22.9.35. Executing OPT_CLEAN pass (remove unused cells and wires).
Finding unused cells or wires in module \io_uncore_top..

22.9.36. Executing OPT_EXPR pass (perform const folding).
Optimizing module io_uncore_top.

22.9.37. Finished fast OPT passes. (There is nothing left to do.)

22.10. Executing WREDUCE pass (reducing word size of cells).
Removed top 28 address bits (of 32) from memory init port io_uncore_top.$flatten\u_sq_engine.$auto$proc_memwr.cc:45:proc_memwr$7371 (u_sq_engine.latch_w0).
Removed top 28 address bits (of 32) from memory read port io_uncore_top.$flatten\u_cq_engine.$memrd$\batch_count$src/cq_engine.v:79$1907 (u_cq_engine.batch_count).
Removed top 28 address bits (of 32) from memory init port io_uncore_top.$flatten\u_sq_engine.$auto$proc_memwr.cc:45:proc_memwr$7370 (u_sq_engine.cid_counter).
Removed top 28 address bits (of 32) from memory read port io_uncore_top.$flatten\u_cq_engine.$memrd$\batch_count$src/cq_engine.v:79$1909 (u_cq_engine.batch_count).
Removed top 28 address bits (of 32) from memory init port io_uncore_top.$flatten\u_sq_engine.$auto$proc_memwr.cc:45:proc_memwr$7378 (u_sq_engine.latch_w2).
Removed top 28 address bits (of 32) from memory init port io_uncore_top.$flatten\u_sq_engine.$auto$proc_memwr.cc:45:proc_memwr$7321 (u_sq_engine.latch_w0).
Removed top 28 address bits (of 32) from memory read port io_uncore_top.$flatten\u_cq_engine.$memrd$\batch_count$src/cq_engine.v:79$1911 (u_cq_engine.batch_count).
Removed top 28 address bits (of 32) from memory init port io_uncore_top.$flatten\u_sq_engine.$auto$proc_memwr.cc:45:proc_memwr$7355 (u_sq_engine.cid_counter).
Removed top 28 address bits (of 32) from memory read port io_uncore_top.$flatten\u_cq_engine.$memrd$\batch_count$src/cq_engine.v:79$1913 (u_cq_engine.batch_count).
Removed top 28 address bits (of 32) from memory init port io_uncore_top.$flatten\u_sq_engine.$auto$proc_memwr.cc:45:proc_memwr$7375 (u_sq_engine.cid_counter).
Removed top 28 address bits (of 32) from memory read port io_uncore_top.$flatten\u_cq_engine.$memrd$\batch_count$src/cq_engine.v:79$1915 (u_cq_engine.batch_count).
Removed top 28 address bits (of 32) from memory init port io_uncore_top.$flatten\u_sq_engine.$auto$proc_memwr.cc:45:proc_memwr$7368 (u_sq_engine.latch_w2).
Removed top 28 address bits (of 32) from memory init port io_uncore_top.$flatten\u_sq_engine.$auto$proc_memwr.cc:45:proc_memwr$7367 (u_sq_engine.latch_w1).
Removed top 28 address bits (of 32) from memory read port io_uncore_top.$flatten\u_cq_engine.$memrd$\batch_count$src/cq_engine.v:79$1917 (u_cq_engine.batch_count).
Removed top 28 address bits (of 32) from memory read port io_uncore_top.$flatten\u_cq_engine.$memrd$\batch_count$src/cq_engine.v:79$1919 (u_cq_engine.batch_count).
Removed top 28 address bits (of 32) from memory init port io_uncore_top.$flatten\u_sq_engine.$auto$proc_memwr.cc:45:proc_memwr$7366 (u_sq_engine.latch_w0).
Removed top 28 address bits (of 32) from memory read port io_uncore_top.$flatten\u_cq_engine.$memrd$\batch_count$src/cq_engine.v:79$1921 (u_cq_engine.batch_count).
Removed top 28 address bits (of 32) from memory init port io_uncore_top.$flatten\u_sq_engine.$auto$proc_memwr.cc:45:proc_memwr$7380 (u_sq_engine.cid_counter).
Removed top 28 address bits (of 32) from memory read port io_uncore_top.$flatten\u_cq_engine.$memrd$\batch_count$src/cq_engine.v:79$1923 (u_cq_engine.batch_count).
Removed top 28 address bits (of 32) from memory init port io_uncore_top.$flatten\u_sq_engine.$auto$proc_memwr.cc:45:proc_memwr$7365 (u_sq_engine.cid_counter).
Removed top 28 address bits (of 32) from memory read port io_uncore_top.$flatten\u_cq_engine.$memrd$\batch_count$src/cq_engine.v:79$1925 (u_cq_engine.batch_count).
Removed top 28 address bits (of 32) from memory init port io_uncore_top.$flatten\u_sq_engine.$auto$proc_memwr.cc:45:proc_memwr$7377 (u_sq_engine.latch_w1).
Removed top 28 address bits (of 32) from memory init port io_uncore_top.$flatten\u_sq_engine.$auto$proc_memwr.cc:45:proc_memwr$7340 (u_sq_engine.cid_counter).
Removed top 28 address bits (of 32) from memory init port io_uncore_top.$flatten\u_sq_engine.$auto$proc_memwr.cc:45:proc_memwr$7350 (u_sq_engine.cid_counter).
Removed top 28 address bits (of 32) from memory init port io_uncore_top.$flatten\u_sq_engine.$auto$proc_memwr.cc:45:proc_memwr$7331 (u_sq_engine.latch_w0).
Removed top 28 address bits (of 32) from memory init port io_uncore_top.$flatten\u_cq_engine.$auto$proc_memwr.cc:45:proc_memwr$7302 (u_cq_engine.batch_count).
Removed top 28 address bits (of 32) from memory init port io_uncore_top.$flatten\u_cq_engine.$auto$proc_memwr.cc:45:proc_memwr$7301 (u_cq_engine.cq_tail).
Removed top 28 address bits (of 32) from memory init port io_uncore_top.$flatten\u_cq_engine.$auto$proc_memwr.cc:45:proc_memwr$7300 (u_cq_engine.batch_count).
Removed top 28 address bits (of 32) from memory init port io_uncore_top.$flatten\u_cq_engine.$auto$proc_memwr.cc:45:proc_memwr$7299 (u_cq_engine.cq_tail).
Removed top 28 address bits (of 32) from memory init port io_uncore_top.$flatten\u_cq_engine.$auto$proc_memwr.cc:45:proc_memwr$7298 (u_cq_engine.batch_count).
Removed top 28 address bits (of 32) from memory init port io_uncore_top.$flatten\u_cq_engine.$auto$proc_memwr.cc:45:proc_memwr$7297 (u_cq_engine.cq_tail).
Removed top 28 address bits (of 32) from memory init port io_uncore_top.$flatten\u_cq_engine.$auto$proc_memwr.cc:45:proc_memwr$7296 (u_cq_engine.batch_count).
Removed top 28 address bits (of 32) from memory init port io_uncore_top.$flatten\u_cq_engine.$auto$proc_memwr.cc:45:proc_memwr$7295 (u_cq_engine.cq_tail).
Removed top 28 address bits (of 32) from memory init port io_uncore_top.$flatten\u_cq_engine.$auto$proc_memwr.cc:45:proc_memwr$7294 (u_cq_engine.batch_count).
Removed top 28 address bits (of 32) from memory init port io_uncore_top.$flatten\u_cq_engine.$auto$proc_memwr.cc:45:proc_memwr$7293 (u_cq_engine.cq_tail).
Removed top 28 address bits (of 32) from memory init port io_uncore_top.$flatten\u_cq_engine.$auto$proc_memwr.cc:45:proc_memwr$7292 (u_cq_engine.batch_count).
Removed top 28 address bits (of 32) from memory init port io_uncore_top.$flatten\u_cq_engine.$auto$proc_memwr.cc:45:proc_memwr$7291 (u_cq_engine.cq_tail).
Removed top 28 address bits (of 32) from memory init port io_uncore_top.$flatten\u_cq_engine.$auto$proc_memwr.cc:45:proc_memwr$7290 (u_cq_engine.batch_count).
Removed top 28 address bits (of 32) from memory init port io_uncore_top.$flatten\u_cq_engine.$auto$proc_memwr.cc:45:proc_memwr$7289 (u_cq_engine.cq_tail).
Removed top 28 address bits (of 32) from memory init port io_uncore_top.$flatten\u_cq_engine.$auto$proc_memwr.cc:45:proc_memwr$7288 (u_cq_engine.batch_count).
Removed top 28 address bits (of 32) from memory init port io_uncore_top.$flatten\u_cq_engine.$auto$proc_memwr.cc:45:proc_memwr$7287 (u_cq_engine.cq_tail).
Removed top 28 address bits (of 32) from memory init port io_uncore_top.$flatten\u_cq_engine.$auto$proc_memwr.cc:45:proc_memwr$7286 (u_cq_engine.batch_count).
Removed top 28 address bits (of 32) from memory init port io_uncore_top.$flatten\u_cq_engine.$auto$proc_memwr.cc:45:proc_memwr$7285 (u_cq_engine.cq_tail).
Removed top 28 address bits (of 32) from memory init port io_uncore_top.$flatten\u_cq_engine.$auto$proc_memwr.cc:45:proc_memwr$7284 (u_cq_engine.batch_count).
Removed top 28 address bits (of 32) from memory init port io_uncore_top.$flatten\u_cq_engine.$auto$proc_memwr.cc:45:proc_memwr$7283 (u_cq_engine.cq_tail).
Removed top 28 address bits (of 32) from memory init port io_uncore_top.$flatten\u_cq_engine.$auto$proc_memwr.cc:45:proc_memwr$7282 (u_cq_engine.batch_count).
Removed top 28 address bits (of 32) from memory init port io_uncore_top.$flatten\u_cq_engine.$auto$proc_memwr.cc:45:proc_memwr$7281 (u_cq_engine.cq_tail).
Removed top 28 address bits (of 32) from memory init port io_uncore_top.$flatten\u_sq_engine.$auto$proc_memwr.cc:45:proc_memwr$7383 (u_sq_engine.latch_w2).
Removed top 28 address bits (of 32) from memory init port io_uncore_top.$flatten\u_cq_engine.$auto$proc_memwr.cc:45:proc_memwr$7280 (u_cq_engine.batch_count).
Removed top 28 address bits (of 32) from memory init port io_uncore_top.$flatten\u_cq_engine.$auto$proc_memwr.cc:45:proc_memwr$7279 (u_cq_engine.cq_tail).
Removed top 28 address bits (of 32) from memory init port io_uncore_top.$flatten\u_cq_engine.$auto$proc_memwr.cc:45:proc_memwr$7278 (u_cq_engine.batch_count).
Removed top 28 address bits (of 32) from memory init port io_uncore_top.$flatten\u_cq_engine.$auto$proc_memwr.cc:45:proc_memwr$7277 (u_cq_engine.cq_tail).
Removed top 28 address bits (of 32) from memory init port io_uncore_top.$flatten\u_sq_engine.$auto$proc_memwr.cc:45:proc_memwr$7358 (u_sq_engine.latch_w2).
Removed top 28 address bits (of 32) from memory init port io_uncore_top.$flatten\u_cq_engine.$auto$proc_memwr.cc:45:proc_memwr$7276 (u_cq_engine.batch_count).
Removed top 28 address bits (of 32) from memory init port io_uncore_top.$flatten\u_cq_engine.$auto$proc_memwr.cc:45:proc_memwr$7275 (u_cq_engine.cq_tail).
Removed top 28 address bits (of 32) from memory init port io_uncore_top.$flatten\u_cq_engine.$auto$proc_memwr.cc:45:proc_memwr$7274 (u_cq_engine.batch_count).
Removed top 28 address bits (of 32) from memory init port io_uncore_top.$flatten\u_cq_engine.$auto$proc_memwr.cc:45:proc_memwr$7273 (u_cq_engine.cq_tail).
Removed top 28 address bits (of 32) from memory init port io_uncore_top.$flatten\u_cq_engine.$auto$proc_memwr.cc:45:proc_memwr$7272 (u_cq_engine.batch_count).
Removed top 28 address bits (of 32) from memory init port io_uncore_top.$flatten\u_cq_engine.$auto$proc_memwr.cc:45:proc_memwr$7271 (u_cq_engine.cq_tail).
Removed top 28 address bits (of 32) from memory read port io_uncore_top.$flatten\u_cq_engine.$memrd$\batch_count$src/cq_engine.v:79$1927 (u_cq_engine.batch_count).
Removed top 28 address bits (of 32) from memory read port io_uncore_top.$flatten\u_cq_engine.$memrd$\batch_count$src/cq_engine.v:79$1929 (u_cq_engine.batch_count).
Removed top 28 address bits (of 32) from memory read port io_uncore_top.$flatten\u_cq_engine.$memrd$\batch_count$src/cq_engine.v:79$1931 (u_cq_engine.batch_count).
Removed top 28 address bits (of 32) from memory read port io_uncore_top.$flatten\u_cq_engine.$memrd$\batch_count$src/cq_engine.v:79$1933 (u_cq_engine.batch_count).
Removed top 28 address bits (of 32) from memory read port io_uncore_top.$flatten\u_cq_engine.$memrd$\batch_count$src/cq_engine.v:79$1935 (u_cq_engine.batch_count).
Removed top 28 address bits (of 32) from memory init port io_uncore_top.$flatten\u_sq_engine.$auto$proc_memwr.cc:45:proc_memwr$7373 (u_sq_engine.latch_w2).
Removed top 28 address bits (of 32) from memory read port io_uncore_top.$flatten\u_cq_engine.$memrd$\batch_count$src/cq_engine.v:102$1949 (u_cq_engine.batch_count).
Removed top 28 address bits (of 32) from memory init port io_uncore_top.$flatten\u_sq_engine.$auto$proc_memwr.cc:45:proc_memwr$7385 (u_sq_engine.cid_counter).
Removed top 28 address bits (of 32) from memory init port io_uncore_top.$flatten\u_sq_engine.$auto$proc_memwr.cc:45:proc_memwr$7376 (u_sq_engine.latch_w0).
Removed top 28 address bits (of 32) from memory init port io_uncore_top.$flatten\u_sq_engine.$auto$proc_memwr.cc:45:proc_memwr$7345 (u_sq_engine.cid_counter).
Removed top 28 address bits (of 32) from memory init port io_uncore_top.$flatten\u_sq_engine.$auto$proc_memwr.cc:45:proc_memwr$7323 (u_sq_engine.latch_w2).
Removed top 28 address bits (of 32) from memory init port io_uncore_top.$flatten\u_sq_engine.$auto$proc_memwr.cc:45:proc_memwr$7341 (u_sq_engine.latch_w0).
Removed top 28 address bits (of 32) from memory init port io_uncore_top.$flatten\u_sq_engine.$auto$proc_memwr.cc:45:proc_memwr$7357 (u_sq_engine.latch_w1).
Removed top 28 address bits (of 32) from memory init port io_uncore_top.$flatten\u_sq_engine.$auto$proc_memwr.cc:45:proc_memwr$7325 (u_sq_engine.cid_counter).
Removed top 28 address bits (of 32) from memory init port io_uncore_top.$flatten\u_sq_engine.$auto$proc_memwr.cc:45:proc_memwr$7326 (u_sq_engine.latch_w0).
Removed top 28 address bits (of 32) from memory init port io_uncore_top.$flatten\u_sq_engine.$auto$proc_memwr.cc:45:proc_memwr$7327 (u_sq_engine.latch_w1).
Removed top 28 address bits (of 32) from memory init port io_uncore_top.$flatten\u_sq_engine.$auto$proc_memwr.cc:45:proc_memwr$7328 (u_sq_engine.latch_w2).
Removed top 28 address bits (of 32) from memory init port io_uncore_top.$flatten\u_sq_engine.$auto$proc_memwr.cc:45:proc_memwr$7332 (u_sq_engine.latch_w1).
Removed top 28 address bits (of 32) from memory init port io_uncore_top.$flatten\u_sq_engine.$auto$proc_memwr.cc:45:proc_memwr$7333 (u_sq_engine.latch_w2).
Removed top 28 address bits (of 32) from memory init port io_uncore_top.$flatten\u_sq_engine.$auto$proc_memwr.cc:45:proc_memwr$7372 (u_sq_engine.latch_w1).
Removed top 28 address bits (of 32) from memory init port io_uncore_top.$flatten\u_sq_engine.$auto$proc_memwr.cc:45:proc_memwr$7335 (u_sq_engine.cid_counter).
Removed top 28 address bits (of 32) from memory init port io_uncore_top.$flatten\u_sq_engine.$auto$proc_memwr.cc:45:proc_memwr$7382 (u_sq_engine.latch_w1).
Removed top 28 address bits (of 32) from memory init port io_uncore_top.$flatten\u_sq_engine.$auto$proc_memwr.cc:45:proc_memwr$7351 (u_sq_engine.latch_w0).
Removed top 28 address bits (of 32) from memory init port io_uncore_top.$flatten\u_sq_engine.$auto$proc_memwr.cc:45:proc_memwr$7352 (u_sq_engine.latch_w1).
Removed top 28 address bits (of 32) from memory init port io_uncore_top.$flatten\u_sq_engine.$auto$proc_memwr.cc:45:proc_memwr$7353 (u_sq_engine.latch_w2).
Removed top 28 address bits (of 32) from memory init port io_uncore_top.$flatten\u_sq_engine.$auto$proc_memwr.cc:45:proc_memwr$7322 (u_sq_engine.latch_w1).
Removed top 28 address bits (of 32) from memory init port io_uncore_top.$flatten\u_sq_engine.$auto$proc_memwr.cc:45:proc_memwr$7356 (u_sq_engine.latch_w0).
Removed top 28 address bits (of 32) from memory init port io_uncore_top.$flatten\u_sq_engine.$auto$proc_memwr.cc:45:proc_memwr$7348 (u_sq_engine.latch_w2).
Removed top 28 address bits (of 32) from memory init port io_uncore_top.$flatten\u_sq_engine.$auto$proc_memwr.cc:45:proc_memwr$7381 (u_sq_engine.latch_w0).
Removed top 28 address bits (of 32) from memory init port io_uncore_top.$flatten\u_sq_engine.$auto$proc_memwr.cc:45:proc_memwr$7347 (u_sq_engine.latch_w1).
Removed top 28 address bits (of 32) from memory init port io_uncore_top.$flatten\u_sq_engine.$auto$proc_memwr.cc:45:proc_memwr$7342 (u_sq_engine.latch_w1).
Removed top 28 address bits (of 32) from memory init port io_uncore_top.$flatten\u_sq_engine.$auto$proc_memwr.cc:45:proc_memwr$7360 (u_sq_engine.cid_counter).
Removed top 28 address bits (of 32) from memory init port io_uncore_top.$flatten\u_sq_engine.$auto$proc_memwr.cc:45:proc_memwr$7361 (u_sq_engine.latch_w0).
Removed top 28 address bits (of 32) from memory init port io_uncore_top.$flatten\u_sq_engine.$auto$proc_memwr.cc:45:proc_memwr$7362 (u_sq_engine.latch_w1).
Removed top 28 address bits (of 32) from memory init port io_uncore_top.$flatten\u_sq_engine.$auto$proc_memwr.cc:45:proc_memwr$7363 (u_sq_engine.latch_w2).
Removed top 28 address bits (of 32) from memory init port io_uncore_top.$flatten\u_db_coalescer.$auto$proc_memwr.cc:45:proc_memwr$7219 (u_db_coalescer.latest_tail).
Removed top 28 address bits (of 32) from memory init port io_uncore_top.$flatten\u_db_coalescer.$auto$proc_memwr.cc:45:proc_memwr$7220 (u_db_coalescer.latest_is_sq).
Removed top 28 address bits (of 32) from memory init port io_uncore_top.$flatten\u_db_coalescer.$auto$proc_memwr.cc:45:proc_memwr$7221 (u_db_coalescer.db_count).
Removed top 28 address bits (of 32) from memory init port io_uncore_top.$flatten\u_db_coalescer.$auto$proc_memwr.cc:45:proc_memwr$7222 (u_db_coalescer.latest_tail).
Removed top 28 address bits (of 32) from memory init port io_uncore_top.$flatten\u_db_coalescer.$auto$proc_memwr.cc:45:proc_memwr$7223 (u_db_coalescer.latest_is_sq).
Removed top 28 address bits (of 32) from memory init port io_uncore_top.$flatten\u_db_coalescer.$auto$proc_memwr.cc:45:proc_memwr$7224 (u_db_coalescer.db_count).
Removed top 28 address bits (of 32) from memory init port io_uncore_top.$flatten\u_db_coalescer.$auto$proc_memwr.cc:45:proc_memwr$7225 (u_db_coalescer.latest_tail).
Removed top 28 address bits (of 32) from memory init port io_uncore_top.$flatten\u_db_coalescer.$auto$proc_memwr.cc:45:proc_memwr$7226 (u_db_coalescer.latest_is_sq).
Removed top 28 address bits (of 32) from memory init port io_uncore_top.$flatten\u_db_coalescer.$auto$proc_memwr.cc:45:proc_memwr$7227 (u_db_coalescer.db_count).
Removed top 28 address bits (of 32) from memory init port io_uncore_top.$flatten\u_db_coalescer.$auto$proc_memwr.cc:45:proc_memwr$7228 (u_db_coalescer.latest_tail).
Removed top 28 address bits (of 32) from memory init port io_uncore_top.$flatten\u_db_coalescer.$auto$proc_memwr.cc:45:proc_memwr$7229 (u_db_coalescer.latest_is_sq).
Removed top 28 address bits (of 32) from memory init port io_uncore_top.$flatten\u_db_coalescer.$auto$proc_memwr.cc:45:proc_memwr$7230 (u_db_coalescer.db_count).
Removed top 28 address bits (of 32) from memory init port io_uncore_top.$flatten\u_db_coalescer.$auto$proc_memwr.cc:45:proc_memwr$7231 (u_db_coalescer.latest_tail).
Removed top 28 address bits (of 32) from memory init port io_uncore_top.$flatten\u_db_coalescer.$auto$proc_memwr.cc:45:proc_memwr$7232 (u_db_coalescer.latest_is_sq).
Removed top 28 address bits (of 32) from memory init port io_uncore_top.$flatten\u_db_coalescer.$auto$proc_memwr.cc:45:proc_memwr$7233 (u_db_coalescer.db_count).
Removed top 28 address bits (of 32) from memory init port io_uncore_top.$flatten\u_db_coalescer.$auto$proc_memwr.cc:45:proc_memwr$7234 (u_db_coalescer.latest_tail).
Removed top 28 address bits (of 32) from memory init port io_uncore_top.$flatten\u_db_coalescer.$auto$proc_memwr.cc:45:proc_memwr$7235 (u_db_coalescer.latest_is_sq).
Removed top 28 address bits (of 32) from memory init port io_uncore_top.$flatten\u_db_coalescer.$auto$proc_memwr.cc:45:proc_memwr$7236 (u_db_coalescer.db_count).
Removed top 28 address bits (of 32) from memory init port io_uncore_top.$flatten\u_db_coalescer.$auto$proc_memwr.cc:45:proc_memwr$7237 (u_db_coalescer.latest_tail).
Removed top 28 address bits (of 32) from memory init port io_uncore_top.$flatten\u_db_coalescer.$auto$proc_memwr.cc:45:proc_memwr$7238 (u_db_coalescer.latest_is_sq).
Removed top 28 address bits (of 32) from memory init port io_uncore_top.$flatten\u_db_coalescer.$auto$proc_memwr.cc:45:proc_memwr$7239 (u_db_coalescer.db_count).
Removed top 28 address bits (of 32) from memory init port io_uncore_top.$flatten\u_db_coalescer.$auto$proc_memwr.cc:45:proc_memwr$7240 (u_db_coalescer.latest_tail).
Removed top 28 address bits (of 32) from memory init port io_uncore_top.$flatten\u_db_coalescer.$auto$proc_memwr.cc:45:proc_memwr$7241 (u_db_coalescer.latest_is_sq).
Removed top 28 address bits (of 32) from memory init port io_uncore_top.$flatten\u_db_coalescer.$auto$proc_memwr.cc:45:proc_memwr$7242 (u_db_coalescer.db_count).
Removed top 28 address bits (of 32) from memory init port io_uncore_top.$flatten\u_db_coalescer.$auto$proc_memwr.cc:45:proc_memwr$7243 (u_db_coalescer.latest_tail).
Removed top 28 address bits (of 32) from memory init port io_uncore_top.$flatten\u_db_coalescer.$auto$proc_memwr.cc:45:proc_memwr$7244 (u_db_coalescer.latest_is_sq).
Removed top 28 address bits (of 32) from memory init port io_uncore_top.$flatten\u_db_coalescer.$auto$proc_memwr.cc:45:proc_memwr$7245 (u_db_coalescer.db_count).
Removed top 28 address bits (of 32) from memory init port io_uncore_top.$flatten\u_db_coalescer.$auto$proc_memwr.cc:45:proc_memwr$7246 (u_db_coalescer.latest_tail).
Removed top 28 address bits (of 32) from memory init port io_uncore_top.$flatten\u_db_coalescer.$auto$proc_memwr.cc:45:proc_memwr$7247 (u_db_coalescer.latest_is_sq).
Removed top 28 address bits (of 32) from memory init port io_uncore_top.$flatten\u_db_coalescer.$auto$proc_memwr.cc:45:proc_memwr$7248 (u_db_coalescer.db_count).
Removed top 28 address bits (of 32) from memory init port io_uncore_top.$flatten\u_db_coalescer.$auto$proc_memwr.cc:45:proc_memwr$7249 (u_db_coalescer.latest_tail).
Removed top 28 address bits (of 32) from memory init port io_uncore_top.$flatten\u_db_coalescer.$auto$proc_memwr.cc:45:proc_memwr$7250 (u_db_coalescer.latest_is_sq).
Removed top 28 address bits (of 32) from memory init port io_uncore_top.$flatten\u_db_coalescer.$auto$proc_memwr.cc:45:proc_memwr$7251 (u_db_coalescer.db_count).
Removed top 28 address bits (of 32) from memory init port io_uncore_top.$flatten\u_db_coalescer.$auto$proc_memwr.cc:45:proc_memwr$7252 (u_db_coalescer.latest_tail).
Removed top 28 address bits (of 32) from memory init port io_uncore_top.$flatten\u_db_coalescer.$auto$proc_memwr.cc:45:proc_memwr$7253 (u_db_coalescer.latest_is_sq).
Removed top 28 address bits (of 32) from memory init port io_uncore_top.$flatten\u_db_coalescer.$auto$proc_memwr.cc:45:proc_memwr$7254 (u_db_coalescer.db_count).
Removed top 28 address bits (of 32) from memory init port io_uncore_top.$flatten\u_db_coalescer.$auto$proc_memwr.cc:45:proc_memwr$7255 (u_db_coalescer.latest_tail).
Removed top 28 address bits (of 32) from memory init port io_uncore_top.$flatten\u_db_coalescer.$auto$proc_memwr.cc:45:proc_memwr$7256 (u_db_coalescer.latest_is_sq).
Removed top 28 address bits (of 32) from memory init port io_uncore_top.$flatten\u_db_coalescer.$auto$proc_memwr.cc:45:proc_memwr$7257 (u_db_coalescer.db_count).
Removed top 28 address bits (of 32) from memory init port io_uncore_top.$flatten\u_db_coalescer.$auto$proc_memwr.cc:45:proc_memwr$7258 (u_db_coalescer.latest_tail).
Removed top 28 address bits (of 32) from memory init port io_uncore_top.$flatten\u_db_coalescer.$auto$proc_memwr.cc:45:proc_memwr$7259 (u_db_coalescer.latest_is_sq).
Removed top 28 address bits (of 32) from memory init port io_uncore_top.$flatten\u_db_coalescer.$auto$proc_memwr.cc:45:proc_memwr$7260 (u_db_coalescer.db_count).
Removed top 28 address bits (of 32) from memory init port io_uncore_top.$flatten\u_db_coalescer.$auto$proc_memwr.cc:45:proc_memwr$7261 (u_db_coalescer.latest_tail).
Removed top 28 address bits (of 32) from memory init port io_uncore_top.$flatten\u_db_coalescer.$auto$proc_memwr.cc:45:proc_memwr$7262 (u_db_coalescer.latest_is_sq).
Removed top 28 address bits (of 32) from memory init port io_uncore_top.$flatten\u_db_coalescer.$auto$proc_memwr.cc:45:proc_memwr$7263 (u_db_coalescer.db_count).
Removed top 28 address bits (of 32) from memory init port io_uncore_top.$flatten\u_db_coalescer.$auto$proc_memwr.cc:45:proc_memwr$7264 (u_db_coalescer.latest_tail).
Removed top 28 address bits (of 32) from memory init port io_uncore_top.$flatten\u_db_coalescer.$auto$proc_memwr.cc:45:proc_memwr$7265 (u_db_coalescer.latest_is_sq).
Removed top 28 address bits (of 32) from memory init port io_uncore_top.$flatten\u_db_coalescer.$auto$proc_memwr.cc:45:proc_memwr$7266 (u_db_coalescer.db_count).
Removed top 28 address bits (of 32) from memory init port io_uncore_top.$flatten\u_sq_engine.$auto$proc_memwr.cc:45:proc_memwr$7346 (u_sq_engine.latch_w0).
Removed top 28 address bits (of 32) from memory init port io_uncore_top.$flatten\u_sq_engine.$auto$proc_memwr.cc:45:proc_memwr$7336 (u_sq_engine.latch_w0).
Removed top 28 address bits (of 32) from memory init port io_uncore_top.$flatten\u_sq_engine.$auto$proc_memwr.cc:45:proc_memwr$7337 (u_sq_engine.latch_w1).
Removed top 28 address bits (of 32) from memory init port io_uncore_top.$flatten\u_sq_engine.$auto$proc_memwr.cc:45:proc_memwr$7338 (u_sq_engine.latch_w2).
Removed top 28 address bits (of 32) from memory init port io_uncore_top.$flatten\u_sq_engine.$auto$proc_memwr.cc:45:proc_memwr$7343 (u_sq_engine.latch_w2).
Removed top 28 address bits (of 32) from memory init port io_uncore_top.$flatten\u_sq_engine.$auto$proc_memwr.cc:45:proc_memwr$7320 (u_sq_engine.cid_counter).
Removed top 28 address bits (of 32) from memory init port io_uncore_top.$flatten\u_sq_engine.$auto$proc_memwr.cc:45:proc_memwr$7306 (u_sq_engine.latch_w0).
Removed top 28 address bits (of 32) from memory init port io_uncore_top.$flatten\u_sq_engine.$auto$proc_memwr.cc:45:proc_memwr$7307 (u_sq_engine.latch_w1).
Removed top 28 address bits (of 32) from memory init port io_uncore_top.$flatten\u_sq_engine.$auto$proc_memwr.cc:45:proc_memwr$7308 (u_sq_engine.latch_w2).
Removed top 28 address bits (of 32) from memory init port io_uncore_top.$flatten\u_sq_engine.$auto$proc_memwr.cc:45:proc_memwr$7330 (u_sq_engine.cid_counter).
Removed top 28 address bits (of 32) from memory init port io_uncore_top.$flatten\u_sq_engine.$auto$proc_memwr.cc:45:proc_memwr$7310 (u_sq_engine.cid_counter).
Removed top 28 address bits (of 32) from memory init port io_uncore_top.$flatten\u_sq_engine.$auto$proc_memwr.cc:45:proc_memwr$7311 (u_sq_engine.latch_w0).
Removed top 28 address bits (of 32) from memory init port io_uncore_top.$flatten\u_sq_engine.$auto$proc_memwr.cc:45:proc_memwr$7312 (u_sq_engine.latch_w1).
Removed top 28 address bits (of 32) from memory init port io_uncore_top.$flatten\u_sq_engine.$auto$proc_memwr.cc:45:proc_memwr$7313 (u_sq_engine.latch_w2).
Removed top 28 address bits (of 32) from memory init port io_uncore_top.$flatten\u_sq_engine.$auto$proc_memwr.cc:45:proc_memwr$7315 (u_sq_engine.cid_counter).
Removed top 28 address bits (of 32) from memory init port io_uncore_top.$flatten\u_sq_engine.$auto$proc_memwr.cc:45:proc_memwr$7316 (u_sq_engine.latch_w0).
Removed top 28 address bits (of 32) from memory init port io_uncore_top.$flatten\u_sq_engine.$auto$proc_memwr.cc:45:proc_memwr$7317 (u_sq_engine.latch_w1).
Removed top 28 address bits (of 32) from memory init port io_uncore_top.$flatten\u_sq_engine.$auto$proc_memwr.cc:45:proc_memwr$7318 (u_sq_engine.latch_w2).
Removed top 1 bits (of 2) from port B of cell io_uncore_top.$auto$opt_dff.cc:235:make_patterns_logic$8364 ($ne).
Removed top 384 bits (of 512) from FF cell io_uncore_top.$auto$ff.cc:337:slice$7784 ($adffe).
Removed top 1 bits (of 2) from port B of cell io_uncore_top.$auto$opt_dff.cc:235:make_patterns_logic$7781 ($ne).
Removed top 1 bits (of 2) from port B of cell io_uncore_top.$auto$opt_dff.cc:235:make_patterns_logic$7779 ($ne).
Removed top 1 bits (of 2) from port B of cell io_uncore_top.$auto$fsm_map.cc:77:implement_pattern_cache$7675 ($eq).
Removed top 1 bits (of 2) from port B of cell io_uncore_top.$auto$fsm_map.cc:77:implement_pattern_cache$7663 ($eq).
Removed top 1 bits (of 2) from port B of cell io_uncore_top.$auto$fsm_map.cc:77:implement_pattern_cache$7658 ($eq).
Removed top 17 bits (of 18) from port B of cell io_uncore_top.$auto$fsm_map.cc:77:implement_pattern_cache$7654 ($eq).
Removed top 1 bits (of 3) from port B of cell io_uncore_top.$auto$fsm_map.cc:77:implement_pattern_cache$7639 ($eq).
Removed top 2 bits (of 3) from port B of cell io_uncore_top.$auto$fsm_map.cc:77:implement_pattern_cache$7566 ($eq).
Removed top 1 bits (of 2) from port B of cell io_uncore_top.$auto$fsm_map.cc:77:implement_pattern_cache$7562 ($eq).
Removed top 1 bits (of 3) from port B of cell io_uncore_top.$auto$fsm_map.cc:77:implement_pattern_cache$7549 ($eq).
Removed top 1 bits (of 2) from port B of cell io_uncore_top.$auto$fsm_map.cc:77:implement_pattern_cache$7530 ($eq).
Removed top 2 bits (of 3) from port B of cell io_uncore_top.$auto$fsm_map.cc:77:implement_pattern_cache$7528 ($eq).
Removed top 2 bits (of 3) from port B of cell io_uncore_top.$auto$fsm_map.cc:77:implement_pattern_cache$7515 ($eq).
Removed top 1 bits (of 3) from port B of cell io_uncore_top.$auto$fsm_map.cc:77:implement_pattern_cache$7511 ($eq).
Removed top 1 bits (of 2) from port B of cell io_uncore_top.$auto$fsm_map.cc:77:implement_pattern_cache$7507 ($eq).
Removed top 1 bits (of 2) from port B of cell io_uncore_top.$auto$fsm_map.cc:77:implement_pattern_cache$7498 ($eq).
Removed top 1 bits (of 2) from port B of cell io_uncore_top.$auto$fsm_map.cc:77:implement_pattern_cache$7485 ($eq).
Removed top 1 bits (of 3) from port B of cell io_uncore_top.$auto$fsm_map.cc:77:implement_pattern_cache$7481 ($eq).
Removed top 1 bits (of 2) from port B of cell io_uncore_top.$auto$fsm_map.cc:77:implement_pattern_cache$7472 ($eq).
Removed top 1 bits (of 2) from port B of cell io_uncore_top.$auto$fsm_map.cc:77:implement_pattern_cache$7448 ($eq).
Removed top 3 bits (of 4) from port B of cell io_uncore_top.$flatten\u_stat_counters.$procmux$2897_CMP0 ($eq).
Removed top 2 bits (of 4) from port B of cell io_uncore_top.$flatten\u_stat_counters.$procmux$2896_CMP0 ($eq).
Removed top 2 bits (of 4) from port B of cell io_uncore_top.$flatten\u_stat_counters.$procmux$2895_CMP0 ($eq).
Removed top 1 bits (of 4) from port B of cell io_uncore_top.$flatten\u_stat_counters.$procmux$2894_CMP0 ($eq).
Removed top 1 bits (of 4) from port B of cell io_uncore_top.$flatten\u_stat_counters.$procmux$2893_CMP0 ($eq).
Removed top 1 bits (of 4) from port B of cell io_uncore_top.$flatten\u_stat_counters.$procmux$2892_CMP0 ($eq).
Removed top 1 bits (of 4) from port B of cell io_uncore_top.$flatten\u_stat_counters.$procmux$2891_CMP0 ($eq).
Removed top 63 bits (of 64) from port B of cell io_uncore_top.$flatten\u_stat_counters.$add$src/stat_counters.v:34$2883 ($add).
Removed top 63 bits (of 64) from port B of cell io_uncore_top.$flatten\u_stat_counters.$add$src/stat_counters.v:34$2871 ($add).
Removed top 63 bits (of 64) from port B of cell io_uncore_top.$flatten\u_stat_counters.$add$src/stat_counters.v:34$2865 ($add).
Removed top 63 bits (of 64) from port B of cell io_uncore_top.$flatten\u_stat_counters.$add$src/stat_counters.v:34$2859 ($add).
Removed top 63 bits (of 64) from port B of cell io_uncore_top.$flatten\u_stat_counters.$add$src/stat_counters.v:34$2853 ($add).
Removed top 63 bits (of 64) from port B of cell io_uncore_top.$flatten\u_stat_counters.$add$src/stat_counters.v:34$2847 ($add).
Removed top 63 bits (of 64) from port B of cell io_uncore_top.$flatten\u_stat_counters.$add$src/stat_counters.v:34$2841 ($add).
Removed top 63 bits (of 64) from port B of cell io_uncore_top.$flatten\u_stat_counters.$add$src/stat_counters.v:34$2835 ($add).
Removed top 63 bits (of 64) from port B of cell io_uncore_top.$flatten\u_stat_counters.$add$src/stat_counters.v:34$2829 ($add).
Removed top 28 bits (of 32) from port B of cell io_uncore_top.$flatten\u_stat_counters.$lt$src/stat_counters.v:24$2822 ($lt).
Removed top 1 bits (of 2) from port B of cell io_uncore_top.$flatten\u_credit_manager.$procmux$2954_CMP0 ($eq).
Removed top 31 bits (of 32) from port B of cell io_uncore_top.$flatten\u_credit_manager.$gt$src/credit_manager.v:48$2819 ($gt).
Removed top 384 bits (of 512) from mux cell io_uncore_top.$flatten\u_sram_arbiter.$procmux$3067 ($mux).
Removed top 1 bits (of 4) from port B of cell io_uncore_top.$flatten\u_db_coalescer.$eq$src/db_coalescer.v:67$2479 ($eq).
Removed top 1 bits (of 4) from port B of cell io_uncore_top.$flatten\u_db_coalescer.$eq$src/db_coalescer.v:67$2470 ($eq).
Removed top 1 bits (of 4) from port B of cell io_uncore_top.$flatten\u_db_coalescer.$eq$src/db_coalescer.v:67$2461 ($eq).
Removed top 1 bits (of 4) from port B of cell io_uncore_top.$flatten\u_db_coalescer.$eq$src/db_coalescer.v:67$2452 ($eq).
Removed top 2 bits (of 4) from port B of cell io_uncore_top.$flatten\u_db_coalescer.$eq$src/db_coalescer.v:67$2443 ($eq).
Removed top 2 bits (of 4) from port B of cell io_uncore_top.$flatten\u_db_coalescer.$eq$src/db_coalescer.v:67$2434 ($eq).
Removed top 3 bits (of 4) from port B of cell io_uncore_top.$flatten\u_db_coalescer.$eq$src/db_coalescer.v:67$2425 ($eq).
Removed top 9 bits (of 20) from port A of cell io_uncore_top.$flatten\u_cq_engine.$add$src/cq_engine.v:191$2355 ($add).
Removed top 10 bits (of 20) from port B of cell io_uncore_top.$flatten\u_cq_engine.$add$src/cq_engine.v:191$2355 ($add).
Removed top 8 bits (of 20) from port Y of cell io_uncore_top.$flatten\u_cq_engine.$add$src/cq_engine.v:191$2355 ($add).
Removed top 31 bits (of 32) from port B of cell io_uncore_top.$flatten\u_cq_engine.$gt$src/cq_engine.v:152$2335 ($gt).
Removed top 31 bits (of 32) from port B of cell io_uncore_top.$flatten\u_cq_engine.$gt$src/cq_engine.v:152$2329 ($gt).
Removed top 31 bits (of 32) from port B of cell io_uncore_top.$flatten\u_cq_engine.$gt$src/cq_engine.v:152$2323 ($gt).
Removed top 31 bits (of 32) from port B of cell io_uncore_top.$flatten\u_cq_engine.$gt$src/cq_engine.v:152$2317 ($gt).
Removed top 31 bits (of 32) from port B of cell io_uncore_top.$flatten\u_cq_engine.$gt$src/cq_engine.v:152$2311 ($gt).
Removed top 31 bits (of 32) from port B of cell io_uncore_top.$flatten\u_cq_engine.$gt$src/cq_engine.v:152$2305 ($gt).
Removed top 31 bits (of 32) from port B of cell io_uncore_top.$flatten\u_cq_engine.$gt$src/cq_engine.v:152$2299 ($gt).
Removed top 31 bits (of 32) from port B of cell io_uncore_top.$flatten\u_cq_engine.$gt$src/cq_engine.v:152$2293 ($gt).
Removed top 31 bits (of 32) from port B of cell io_uncore_top.$flatten\u_cq_engine.$gt$src/cq_engine.v:152$2287 ($gt).
Removed top 31 bits (of 32) from port B of cell io_uncore_top.$flatten\u_cq_engine.$gt$src/cq_engine.v:152$2281 ($gt).
Removed top 31 bits (of 32) from port B of cell io_uncore_top.$flatten\u_cq_engine.$gt$src/cq_engine.v:152$2275 ($gt).
Removed top 31 bits (of 32) from port B of cell io_uncore_top.$flatten\u_cq_engine.$gt$src/cq_engine.v:152$2269 ($gt).
Removed top 31 bits (of 32) from port B of cell io_uncore_top.$flatten\u_cq_engine.$gt$src/cq_engine.v:152$2263 ($gt).
Removed top 31 bits (of 32) from port B of cell io_uncore_top.$flatten\u_cq_engine.$gt$src/cq_engine.v:152$2257 ($gt).
Removed top 31 bits (of 32) from port B of cell io_uncore_top.$flatten\u_cq_engine.$gt$src/cq_engine.v:152$2251 ($gt).
Removed top 31 bits (of 32) from port B of cell io_uncore_top.$flatten\u_cq_engine.$gt$src/cq_engine.v:152$2245 ($gt).
Removed top 9 bits (of 20) from port A of cell io_uncore_top.$flatten\u_cq_engine.$add$src/cq_engine.v:145$2241 ($add).
Removed top 10 bits (of 20) from port B of cell io_uncore_top.$flatten\u_cq_engine.$add$src/cq_engine.v:145$2241 ($add).
Removed top 8 bits (of 20) from port Y of cell io_uncore_top.$flatten\u_cq_engine.$add$src/cq_engine.v:145$2241 ($add).
Removed top 31 bits (of 32) from port B of cell io_uncore_top.$flatten\u_cq_engine.$gt$src/cq_engine.v:105$2147 ($gt).
Removed top 31 bits (of 32) from port B of cell io_uncore_top.$flatten\u_cq_engine.$gt$src/cq_engine.v:105$2134 ($gt).
Removed top 31 bits (of 32) from port B of cell io_uncore_top.$flatten\u_cq_engine.$gt$src/cq_engine.v:105$2121 ($gt).
Removed top 31 bits (of 32) from port B of cell io_uncore_top.$flatten\u_cq_engine.$gt$src/cq_engine.v:105$2108 ($gt).
Removed top 31 bits (of 32) from port B of cell io_uncore_top.$flatten\u_cq_engine.$gt$src/cq_engine.v:105$2095 ($gt).
Removed top 31 bits (of 32) from port B of cell io_uncore_top.$flatten\u_cq_engine.$gt$src/cq_engine.v:105$2082 ($gt).
Removed top 31 bits (of 32) from port B of cell io_uncore_top.$flatten\u_cq_engine.$gt$src/cq_engine.v:105$2069 ($gt).
Removed top 31 bits (of 32) from port B of cell io_uncore_top.$flatten\u_cq_engine.$gt$src/cq_engine.v:105$2056 ($gt).
Removed top 31 bits (of 32) from port B of cell io_uncore_top.$flatten\u_cq_engine.$gt$src/cq_engine.v:105$2043 ($gt).
Removed top 1 bits (of 4) from port B of cell io_uncore_top.$flatten\u_cq_engine.$eq$src/cq_engine.v:98$2034 ($eq).
Removed top 31 bits (of 32) from port B of cell io_uncore_top.$flatten\u_cq_engine.$gt$src/cq_engine.v:105$2030 ($gt).
Removed top 1 bits (of 4) from port B of cell io_uncore_top.$flatten\u_cq_engine.$eq$src/cq_engine.v:98$2021 ($eq).
Removed top 31 bits (of 32) from port B of cell io_uncore_top.$flatten\u_cq_engine.$gt$src/cq_engine.v:105$2017 ($gt).
Removed top 1 bits (of 4) from port B of cell io_uncore_top.$flatten\u_cq_engine.$eq$src/cq_engine.v:98$2008 ($eq).
Removed top 31 bits (of 32) from port B of cell io_uncore_top.$flatten\u_cq_engine.$gt$src/cq_engine.v:105$2004 ($gt).
Removed top 1 bits (of 4) from port B of cell io_uncore_top.$flatten\u_cq_engine.$eq$src/cq_engine.v:98$1995 ($eq).
Removed top 31 bits (of 32) from port B of cell io_uncore_top.$flatten\u_cq_engine.$gt$src/cq_engine.v:105$1991 ($gt).
Removed top 2 bits (of 4) from port B of cell io_uncore_top.$flatten\u_cq_engine.$eq$src/cq_engine.v:98$1982 ($eq).
Removed top 31 bits (of 32) from port B of cell io_uncore_top.$flatten\u_cq_engine.$gt$src/cq_engine.v:105$1978 ($gt).
Removed top 2 bits (of 4) from port B of cell io_uncore_top.$flatten\u_cq_engine.$eq$src/cq_engine.v:98$1969 ($eq).
Removed top 31 bits (of 32) from port B of cell io_uncore_top.$flatten\u_cq_engine.$gt$src/cq_engine.v:105$1965 ($gt).
Removed top 3 bits (of 4) from port B of cell io_uncore_top.$flatten\u_cq_engine.$eq$src/cq_engine.v:98$1956 ($eq).
Removed top 31 bits (of 32) from port B of cell io_uncore_top.$flatten\u_cq_engine.$gt$src/cq_engine.v:105$1952 ($gt).
Removed top 28 bits (of 32) from port B of cell io_uncore_top.$flatten\u_cq_engine.$add$src/cq_engine.v:79$1936 ($add).
Removed top 28 bits (of 32) from port B of cell io_uncore_top.$flatten\u_cq_engine.$add$src/cq_engine.v:79$1934 ($add).
Removed top 28 bits (of 32) from port B of cell io_uncore_top.$flatten\u_cq_engine.$add$src/cq_engine.v:79$1932 ($add).
Removed top 28 bits (of 32) from port B of cell io_uncore_top.$flatten\u_cq_engine.$add$src/cq_engine.v:79$1930 ($add).
Removed top 28 bits (of 32) from port B of cell io_uncore_top.$flatten\u_cq_engine.$add$src/cq_engine.v:79$1928 ($add).
Removed top 28 bits (of 32) from port B of cell io_uncore_top.$flatten\u_cq_engine.$add$src/cq_engine.v:79$1926 ($add).
Removed top 28 bits (of 32) from port B of cell io_uncore_top.$flatten\u_cq_engine.$add$src/cq_engine.v:79$1924 ($add).
Removed top 28 bits (of 32) from port B of cell io_uncore_top.$flatten\u_cq_engine.$add$src/cq_engine.v:79$1922 ($add).
Removed top 28 bits (of 32) from port B of cell io_uncore_top.$flatten\u_cq_engine.$add$src/cq_engine.v:79$1920 ($add).
Removed top 28 bits (of 32) from port B of cell io_uncore_top.$flatten\u_cq_engine.$add$src/cq_engine.v:79$1918 ($add).
Removed top 28 bits (of 32) from port B of cell io_uncore_top.$flatten\u_cq_engine.$add$src/cq_engine.v:79$1916 ($add).
Removed top 28 bits (of 32) from port B of cell io_uncore_top.$flatten\u_cq_engine.$add$src/cq_engine.v:79$1914 ($add).
Removed top 28 bits (of 32) from port B of cell io_uncore_top.$flatten\u_cq_engine.$add$src/cq_engine.v:79$1912 ($add).
Removed top 28 bits (of 32) from port B of cell io_uncore_top.$flatten\u_cq_engine.$add$src/cq_engine.v:79$1910 ($add).
Removed top 28 bits (of 32) from port A of cell io_uncore_top.$flatten\u_cq_engine.$add$src/cq_engine.v:79$1908 ($add).
Removed top 28 bits (of 32) from port B of cell io_uncore_top.$flatten\u_cq_engine.$add$src/cq_engine.v:79$1908 ($add).
Removed top 27 bits (of 32) from port Y of cell io_uncore_top.$flatten\u_cq_engine.$add$src/cq_engine.v:79$1908 ($add).
Removed top 8 bits (of 20) from port A of cell io_uncore_top.$flatten\u_sq_engine.$add$src/sq_engine.v:240$1867 ($add).
Removed top 49 bits (of 64) from port B of cell io_uncore_top.$flatten\u_sq_engine.$add$src/sq_engine.v:240$1867 ($add).
Removed top 48 bits (of 64) from port Y of cell io_uncore_top.$flatten\u_sq_engine.$add$src/sq_engine.v:240$1867 ($add).
Removed top 31 bits (of 32) from port B of cell io_uncore_top.$flatten\u_sq_engine.$sub$src/sq_engine.v:239$1865 ($sub).
Removed top 26 bits (of 32) from port Y of cell io_uncore_top.$flatten\u_sq_engine.$sub$src/sq_engine.v:239$1865 ($sub).
Removed top 59 bits (of 64) from port A of cell io_uncore_top.$flatten\u_sq_engine.$add$src/sq_engine.v:236$1862 ($add).
Removed top 63 bits (of 64) from port B of cell io_uncore_top.$flatten\u_sq_engine.$add$src/sq_engine.v:236$1862 ($add).
Removed top 58 bits (of 64) from port Y of cell io_uncore_top.$flatten\u_sq_engine.$add$src/sq_engine.v:236$1862 ($add).
Removed top 8 bits (of 20) from port A of cell io_uncore_top.$flatten\u_sq_engine.$add$src/sq_engine.v:233$1861 ($add).
Removed top 5 bits (of 20) from port B of cell io_uncore_top.$flatten\u_sq_engine.$add$src/sq_engine.v:233$1861 ($add).
Removed top 4 bits (of 20) from port Y of cell io_uncore_top.$flatten\u_sq_engine.$add$src/sq_engine.v:233$1861 ($add).
Removed top 19 bits (of 32) from port B of cell io_uncore_top.$flatten\u_sq_engine.$add$src/sq_engine.v:225$1860 ($add).
Removed top 19 bits (of 32) from port B of cell io_uncore_top.$flatten\u_sq_engine.$sub$src/sq_engine.v:211$1858 ($sub).
Removed top 15 bits (of 32) from port Y of cell io_uncore_top.$flatten\u_sq_engine.$sub$src/sq_engine.v:211$1858 ($sub).
Removed top 15 bits (of 32) from port A of cell io_uncore_top.$flatten\u_sq_engine.$sub$src/sq_engine.v:211$1858 ($sub).
Removed top 16 bits (of 32) from port A of cell io_uncore_top.$flatten\u_sq_engine.$add$src/sq_engine.v:211$1856 ($add).
Removed top 31 bits (of 32) from port B of cell io_uncore_top.$flatten\u_sq_engine.$add$src/sq_engine.v:211$1856 ($add).
Removed top 15 bits (of 32) from port Y of cell io_uncore_top.$flatten\u_sq_engine.$add$src/sq_engine.v:211$1856 ($add).
Removed top 3 bits (of 32) from port A of cell io_uncore_top.$flatten\u_sq_engine.$le$src/sq_engine.v:206$1855 ($le).
Removed top 18 bits (of 32) from port B of cell io_uncore_top.$flatten\u_sq_engine.$le$src/sq_engine.v:206$1855 ($le).
Removed top 3 bits (of 32) from port A of cell io_uncore_top.$flatten\u_sq_engine.$le$src/sq_engine.v:203$1852 ($le).
Removed top 19 bits (of 32) from port B of cell io_uncore_top.$flatten\u_sq_engine.$le$src/sq_engine.v:203$1852 ($le).
Removed top 1 bits (of 5) from port B of cell io_uncore_top.$flatten\u_sq_engine.$eq$src/sq_engine.v:157$1818 ($eq).
Removed top 2 bits (of 16) from port B of cell io_uncore_top.$flatten\u_sq_engine.$sub$src/sq_engine.v:111$1566 ($sub).
Removed top 23 bits (of 32) from port Y of cell io_uncore_top.$flatten\u_sq_engine.$sub$src/sq_engine.v:111$1566 ($sub).
Removed top 7 bits (of 16) from port A of cell io_uncore_top.$flatten\u_sq_engine.$sub$src/sq_engine.v:111$1566 ($sub).
Removed top 5 bits (of 14) from port B of cell io_uncore_top.$flatten\u_sq_engine.$sub$src/sq_engine.v:111$1566 ($sub).
Removed top 18 bits (of 32) from port B of cell io_uncore_top.$flatten\u_sq_engine.$lt$src/sq_engine.v:109$1562 ($lt).
Removed top 2 bits (of 16) from port B of cell io_uncore_top.$flatten\u_sq_engine.$ge$src/sq_engine.v:108$1560 ($ge).
Removed top 2 bits (of 16) from port B of cell io_uncore_top.$flatten\u_mmio_decoder.$procmux$6863_CMP0 ($eq).
Removed top 2 bits (of 16) from port B of cell io_uncore_top.$flatten\u_mmio_decoder.$procmux$6862_CMP0 ($eq).
Removed top 2 bits (of 16) from port B of cell io_uncore_top.$flatten\u_mmio_decoder.$procmux$6861_CMP0 ($eq).
Removed top 3 bits (of 16) from port B of cell io_uncore_top.$flatten\u_mmio_decoder.$sub$src/mmio_decoder.v:76$1460 ($sub).
Removed top 9 bits (of 16) from port Y of cell io_uncore_top.$flatten\u_mmio_decoder.$sub$src/mmio_decoder.v:76$1460 ($sub).
Removed top 9 bits (of 16) from port A of cell io_uncore_top.$flatten\u_mmio_decoder.$sub$src/mmio_decoder.v:76$1460 ($sub).
Removed top 12 bits (of 13) from port B of cell io_uncore_top.$flatten\u_mmio_decoder.$sub$src/mmio_decoder.v:76$1460 ($sub).
Removed top 2 bits (of 16) from port B of cell io_uncore_top.$flatten\u_mmio_decoder.$lt$src/mmio_decoder.v:72$1458 ($lt).
Removed top 3 bits (of 16) from port B of cell io_uncore_top.$flatten\u_mmio_decoder.$ge$src/mmio_decoder.v:72$1456 ($ge).
Removed top 48 bits (of 64) from wire io_uncore_top.$flatten\u_sq_engine.$add$src/sq_engine.v:240$1867_Y.
Removed top 58 bits (of 64) from wire io_uncore_top.$flatten\u_sq_engine.$add$src/sq_engine.v:236$1862_Y.
Removed top 4 bits (of 20) from wire io_uncore_top.$flatten\u_sq_engine.$add$src/sq_engine.v:233$1861_Y.
Removed top 27 bits (of 32) from wire io_uncore_top.$flatten\u_sq_engine.$div$src/sq_engine.v:211$1859_Y.
Removed top 15 bits (of 32) from wire io_uncore_top.$flatten\u_sq_engine.$sub$src/sq_engine.v:211$1858_Y.
Removed top 15 bits (of 32) from wire io_uncore_top.$flatten\u_sq_engine.$add$src/sq_engine.v:203$1850_Y.
Removed top 27 bits (of 32) from wire io_uncore_top.$flatten\u_cq_engine.$add$src/cq_engine.v:79$1908_Y.
Removed top 28 bits (of 32) from wire io_uncore_top.$flatten\u_cq_engine.$add$src/cq_engine.v:79$1906_Y.
Removed top 384 bits (of 512) from wire io_uncore_top.$flatten\u_sram_arbiter.$10\sel_wdata[511:0].
Removed top 8 bits (of 20) from wire io_uncore_top.$flatten\u_cq_engine.$add$src/cq_engine.v:145$2241_Y.
Removed top 8 bits (of 20) from wire io_uncore_top.$flatten\u_cq_engine.$add$src/cq_engine.v:191$2355_Y.
Removed top 12 bits (of 16) from wire io_uncore_top.$flatten\u_mmio_decoder.$shr$src/mmio_decoder.v:76$1461_Y.
Removed top 9 bits (of 16) from wire io_uncore_top.$flatten\u_mmio_decoder.$sub$src/mmio_decoder.v:76$1460_Y.
Removed top 384 bits (of 512) from wire io_uncore_top.cq_sram_wdata.
Removed top 384 bits (of 512) from wire io_uncore_top.cq_sram_rdata.

22.11. Executing PEEPOPT pass (run peephole optimizers).

22.12. Executing OPT_CLEAN pass (remove unused cells and wires).
Finding unused cells or wires in module \io_uncore_top..
Removed 0 unused cells and 16 unused wires.

22.13. Executing ALUMACC pass (create $alu and $macc cells).
Extracting $alu and $macc cells in module io_uncore_top:
  creating $macc model for $flatten\u_sq_engine.$add$src/sq_engine.v:186$1846 ($add).
  creating $macc model for $flatten\u_cq_engine.$add$src/cq_engine.v:79$1908 ($add).
  creating $macc model for $flatten\u_cq_engine.$add$src/cq_engine.v:79$1910 ($add).
  creating $macc model for $flatten\u_cq_engine.$add$src/cq_engine.v:79$1912 ($add).
  creating $macc model for $flatten\u_cq_engine.$add$src/cq_engine.v:79$1914 ($add).
  creating $macc model for $flatten\u_cq_engine.$add$src/cq_engine.v:79$1916 ($add).
  creating $macc model for $flatten\u_cq_engine.$add$src/cq_engine.v:79$1918 ($add).
  creating $macc model for $flatten\u_cq_engine.$add$src/cq_engine.v:79$1920 ($add).
  creating $macc model for $flatten\u_cq_engine.$add$src/cq_engine.v:79$1922 ($add).
  creating $macc model for $flatten\u_cq_engine.$add$src/cq_engine.v:79$1924 ($add).
  creating $macc model for $flatten\u_db_coalescer.$add$src/db_coalescer.v:105$2712 ($add).
  creating $macc model for $flatten\u_cq_engine.$add$src/cq_engine.v:79$1926 ($add).
  creating $macc model for $flatten\u_cq_engine.$add$src/cq_engine.v:79$1928 ($add).
  creating $macc model for $flatten\u_cq_engine.$add$src/cq_engine.v:79$1930 ($add).
  creating $macc model for $flatten\u_cq_engine.$add$src/cq_engine.v:79$1932 ($add).
  creating $macc model for $flatten\u_cq_engine.$add$src/cq_engine.v:79$1934 ($add).
  creating $macc model for $flatten\u_cq_engine.$add$src/cq_engine.v:79$1936 ($add).
  creating $macc model for $flatten\u_cq_engine.$sub$src/cq_engine.v:106$1954 ($sub).
  creating $macc model for $flatten\u_cq_engine.$sub$src/cq_engine.v:106$2071 ($sub).
  creating $macc model for $flatten\u_cq_engine.$sub$src/cq_engine.v:106$1967 ($sub).
  creating $macc model for $flatten\u_cq_engine.$sub$src/cq_engine.v:106$2084 ($sub).
  creating $macc model for $flatten\u_cq_engine.$sub$src/cq_engine.v:106$2097 ($sub).
  creating $macc model for $flatten\u_cq_engine.$sub$src/cq_engine.v:106$1980 ($sub).
  creating $macc model for $flatten\u_cq_engine.$sub$src/cq_engine.v:106$2058 ($sub).
  creating $macc model for $flatten\u_cq_engine.$sub$src/cq_engine.v:106$1993 ($sub).
  creating $macc model for $flatten\u_cq_engine.$sub$src/cq_engine.v:106$2110 ($sub).
  creating $macc model for $flatten\u_cq_engine.$sub$src/cq_engine.v:106$2032 ($sub).
  creating $macc model for $flatten\u_cq_engine.$sub$src/cq_engine.v:106$2006 ($sub).
  creating $macc model for $flatten\u_cq_engine.$sub$src/cq_engine.v:106$2123 ($sub).
  creating $macc model for $flatten\u_cq_engine.$sub$src/cq_engine.v:106$2136 ($sub).
  creating $macc model for $flatten\u_sq_engine.$sub$src/sq_engine.v:111$1566 ($sub).
  creating $macc model for $flatten\u_cq_engine.$sub$src/cq_engine.v:106$2149 ($sub).
  creating $macc model for $flatten\u_cq_engine.$add$src/cq_engine.v:145$2241 ($add).
  creating $macc model for $flatten\u_sq_engine.$add$src/sq_engine.v:244$1868 ($add).
  creating $macc model for $flatten\u_sq_engine.$add$src/sq_engine.v:240$1867 ($add).
  creating $macc model for $flatten\u_cq_engine.$add$src/cq_engine.v:166$2347 ($add).
  creating $macc model for $flatten\u_cq_engine.$add$src/cq_engine.v:167$2350 ($add).
  creating $macc model for $flatten\u_cq_engine.$sub$src/cq_engine.v:106$2019 ($sub).
  creating $macc model for $flatten\u_cq_engine.$add$src/cq_engine.v:191$2355 ($add).
  creating $macc model for $flatten\u_cq_engine.$add$src/cq_engine.v:197$2356 ($add).
  creating $macc model for $flatten\u_cq_engine.$sub$src/cq_engine.v:106$2045 ($sub).
  creating $macc model for $flatten\u_sq_engine.$sub$src/sq_engine.v:239$1865 ($sub).
  creating $macc model for $flatten\u_sq_engine.$add$src/sq_engine.v:236$1864 ($add).
  creating $macc model for $flatten\u_sq_engine.$add$src/sq_engine.v:236$1862 ($add).
  creating $macc model for $flatten\u_sq_engine.$add$src/sq_engine.v:233$1861 ($add).
  creating $macc model for $flatten\u_credit_manager.$add$src/credit_manager.v:45$2818 ($add).
  creating $macc model for $flatten\u_credit_manager.$sub$src/credit_manager.v:49$2820 ($sub).
  creating $macc model for $flatten\u_sq_engine.$add$src/sq_engine.v:225$1860 ($add).
  creating $macc model for $flatten\u_stat_counters.$add$src/stat_counters.v:34$2829 ($add).
  creating $macc model for $flatten\u_sq_engine.$sub$src/sq_engine.v:211$1858 ($sub).
  creating $macc model for $flatten\u_stat_counters.$add$src/stat_counters.v:34$2835 ($add).
  creating $macc model for $flatten\u_stat_counters.$add$src/stat_counters.v:34$2841 ($add).
  creating $macc model for $flatten\u_sq_engine.$add$src/sq_engine.v:211$1856 ($add).
  creating $macc model for $flatten\u_stat_counters.$add$src/stat_counters.v:34$2847 ($add).
  creating $macc model for $flatten\u_stat_counters.$add$src/stat_counters.v:34$2853 ($add).
  creating $macc model for $flatten\u_stat_counters.$add$src/stat_counters.v:34$2859 ($add).
  creating $macc model for $flatten\u_stat_counters.$add$src/stat_counters.v:34$2865 ($add).
  creating $macc model for $flatten\u_mmio_decoder.$sub$src/mmio_decoder.v:76$1460 ($sub).
  creating $macc model for $flatten\u_stat_counters.$add$src/stat_counters.v:34$2871 ($add).
  creating $macc model for $flatten\u_stat_counters.$add$src/stat_counters.v:34$2883 ($add).
  merging $macc model for $flatten\u_cq_engine.$add$src/cq_engine.v:79$1934 into $flatten\u_cq_engine.$add$src/cq_engine.v:79$1936.
  merging $macc model for $flatten\u_cq_engine.$add$src/cq_engine.v:79$1932 into $flatten\u_cq_engine.$add$src/cq_engine.v:79$1936.
  merging $macc model for $flatten\u_cq_engine.$add$src/cq_engine.v:79$1930 into $flatten\u_cq_engine.$add$src/cq_engine.v:79$1936.
  merging $macc model for $flatten\u_cq_engine.$add$src/cq_engine.v:79$1928 into $flatten\u_cq_engine.$add$src/cq_engine.v:79$1936.
  merging $macc model for $flatten\u_cq_engine.$add$src/cq_engine.v:79$1926 into $flatten\u_cq_engine.$add$src/cq_engine.v:79$1936.
  merging $macc model for $flatten\u_cq_engine.$add$src/cq_engine.v:79$1924 into $flatten\u_cq_engine.$add$src/cq_engine.v:79$1936.
  merging $macc model for $flatten\u_cq_engine.$add$src/cq_engine.v:79$1922 into $flatten\u_cq_engine.$add$src/cq_engine.v:79$1936.
  merging $macc model for $flatten\u_cq_engine.$add$src/cq_engine.v:79$1920 into $flatten\u_cq_engine.$add$src/cq_engine.v:79$1936.
  merging $macc model for $flatten\u_cq_engine.$add$src/cq_engine.v:79$1918 into $flatten\u_cq_engine.$add$src/cq_engine.v:79$1936.
  merging $macc model for $flatten\u_cq_engine.$add$src/cq_engine.v:79$1916 into $flatten\u_cq_engine.$add$src/cq_engine.v:79$1936.
  merging $macc model for $flatten\u_cq_engine.$add$src/cq_engine.v:79$1914 into $flatten\u_cq_engine.$add$src/cq_engine.v:79$1936.
  merging $macc model for $flatten\u_cq_engine.$add$src/cq_engine.v:79$1912 into $flatten\u_cq_engine.$add$src/cq_engine.v:79$1936.
  merging $macc model for $flatten\u_cq_engine.$add$src/cq_engine.v:79$1910 into $flatten\u_cq_engine.$add$src/cq_engine.v:79$1936.
  creating $alu model for $macc $flatten\u_credit_manager.$sub$src/credit_manager.v:49$2820.
  creating $alu model for $macc $flatten\u_credit_manager.$add$src/credit_manager.v:45$2818.
  creating $alu model for $macc $flatten\u_sq_engine.$add$src/sq_engine.v:233$1861.
  creating $alu model for $macc $flatten\u_sq_engine.$add$src/sq_engine.v:236$1862.
  creating $alu model for $macc $flatten\u_sq_engine.$add$src/sq_engine.v:236$1864.
  creating $alu model for $macc $flatten\u_sq_engine.$sub$src/sq_engine.v:239$1865.
  creating $alu model for $macc $flatten\u_cq_engine.$sub$src/cq_engine.v:106$2045.
  creating $alu model for $macc $flatten\u_cq_engine.$add$src/cq_engine.v:197$2356.
  creating $alu model for $macc $flatten\u_cq_engine.$add$src/cq_engine.v:191$2355.
  creating $alu model for $macc $flatten\u_cq_engine.$sub$src/cq_engine.v:106$2019.
  creating $alu model for $macc $flatten\u_cq_engine.$add$src/cq_engine.v:167$2350.
  creating $alu model for $macc $flatten\u_cq_engine.$add$src/cq_engine.v:166$2347.
  creating $alu model for $macc $flatten\u_sq_engine.$add$src/sq_engine.v:240$1867.
  creating $alu model for $macc $flatten\u_sq_engine.$add$src/sq_engine.v:244$1868.
  creating $alu model for $macc $flatten\u_cq_engine.$add$src/cq_engine.v:145$2241.
  creating $alu model for $macc $flatten\u_cq_engine.$sub$src/cq_engine.v:106$2149.
  creating $alu model for $macc $flatten\u_sq_engine.$sub$src/sq_engine.v:111$1566.
  creating $alu model for $macc $flatten\u_cq_engine.$sub$src/cq_engine.v:106$2136.
  creating $alu model for $macc $flatten\u_cq_engine.$sub$src/cq_engine.v:106$2123.
  creating $alu model for $macc $flatten\u_cq_engine.$sub$src/cq_engine.v:106$2006.
  creating $alu model for $macc $flatten\u_cq_engine.$sub$src/cq_engine.v:106$2032.
  creating $alu model for $macc $flatten\u_cq_engine.$sub$src/cq_engine.v:106$2110.
  creating $alu model for $macc $flatten\u_cq_engine.$sub$src/cq_engine.v:106$1993.
  creating $alu model for $macc $flatten\u_cq_engine.$sub$src/cq_engine.v:106$2058.
  creating $alu model for $macc $flatten\u_cq_engine.$sub$src/cq_engine.v:106$1980.
  creating $alu model for $macc $flatten\u_cq_engine.$sub$src/cq_engine.v:106$2097.
  creating $alu model for $macc $flatten\u_cq_engine.$sub$src/cq_engine.v:106$2084.
  creating $alu model for $macc $flatten\u_cq_engine.$sub$src/cq_engine.v:106$1967.
  creating $alu model for $macc $flatten\u_cq_engine.$sub$src/cq_engine.v:106$2071.
  creating $alu model for $macc $flatten\u_cq_engine.$sub$src/cq_engine.v:106$1954.
  creating $alu model for $macc $flatten\u_sq_engine.$add$src/sq_engine.v:225$1860.
  creating $alu model for $macc $flatten\u_stat_counters.$add$src/stat_counters.v:34$2829.
  creating $alu model for $macc $flatten\u_sq_engine.$sub$src/sq_engine.v:211$1858.
  creating $alu model for $macc $flatten\u_stat_counters.$add$src/stat_counters.v:34$2835.
  creating $alu model for $macc $flatten\u_stat_counters.$add$src/stat_counters.v:34$2841.
  creating $alu model for $macc $flatten\u_db_coalescer.$add$src/db_coalescer.v:105$2712.
  creating $alu model for $macc $flatten\u_sq_engine.$add$src/sq_engine.v:211$1856.
  creating $alu model for $macc $flatten\u_stat_counters.$add$src/stat_counters.v:34$2847.
  creating $alu model for $macc $flatten\u_stat_counters.$add$src/stat_counters.v:34$2853.
  creating $alu model for $macc $flatten\u_stat_counters.$add$src/stat_counters.v:34$2859.
  creating $alu model for $macc $flatten\u_stat_counters.$add$src/stat_counters.v:34$2865.
  creating $alu model for $macc $flatten\u_mmio_decoder.$sub$src/mmio_decoder.v:76$1460.
  creating $alu model for $macc $flatten\u_stat_counters.$add$src/stat_counters.v:34$2871.
  creating $alu model for $macc $flatten\u_stat_counters.$add$src/stat_counters.v:34$2883.
  creating $alu model for $macc $flatten\u_cq_engine.$add$src/cq_engine.v:79$1908.
  creating $alu model for $macc $flatten\u_sq_engine.$add$src/sq_engine.v:186$1846.
  creating $macc cell for $flatten\u_cq_engine.$add$src/cq_engine.v:79$1936: $auto$alumacc.cc:382:replace_macc$8458
  creating $alu model for $flatten\u_cq_engine.$gt$src/cq_engine.v:105$2069 ($gt): new $alu
  creating $alu model for $flatten\u_db_coalescer.$ge$src/db_coalescer.v:119$2794 ($ge): new $alu
  creating $alu model for $flatten\u_cq_engine.$gt$src/cq_engine.v:105$1952 ($gt): new $alu
  creating $alu model for $flatten\u_cq_engine.$gt$src/cq_engine.v:105$1965 ($gt): new $alu
  creating $alu model for $flatten\u_cq_engine.$gt$src/cq_engine.v:105$2082 ($gt): new $alu
  creating $alu model for $flatten\u_cq_engine.$gt$src/cq_engine.v:105$2030 ($gt): new $alu
  creating $alu model for $flatten\u_cq_engine.$gt$src/cq_engine.v:105$2095 ($gt): new $alu
  creating $alu model for $flatten\u_cq_engine.$gt$src/cq_engine.v:105$1978 ($gt): new $alu
  creating $alu model for $flatten\u_cq_engine.$gt$src/cq_engine.v:105$2056 ($gt): new $alu
  creating $alu model for $flatten\u_cq_engine.$gt$src/cq_engine.v:105$2108 ($gt): new $alu
  creating $alu model for $flatten\u_cq_engine.$gt$src/cq_engine.v:105$1991 ($gt): new $alu
  creating $alu model for $flatten\u_cq_engine.$gt$src/cq_engine.v:105$2004 ($gt): new $alu
  creating $alu model for $flatten\u_cq_engine.$gt$src/cq_engine.v:105$2121 ($gt): new $alu
  creating $alu model for $flatten\u_cq_engine.$gt$src/cq_engine.v:105$2134 ($gt): new $alu
  creating $alu model for $flatten\u_sq_engine.$ge$src/sq_engine.v:108$1560 ($ge): new $alu
  creating $alu model for $flatten\u_cq_engine.$gt$src/cq_engine.v:105$2147 ($gt): new $alu
  creating $alu model for $flatten\u_cq_engine.$gt$src/cq_engine.v:152$2245 ($gt): new $alu
  creating $alu model for $flatten\u_cq_engine.$gt$src/cq_engine.v:152$2251 ($gt): new $alu
  creating $alu model for $flatten\u_cq_engine.$gt$src/cq_engine.v:152$2257 ($gt): new $alu
  creating $alu model for $flatten\u_cq_engine.$gt$src/cq_engine.v:152$2263 ($gt): new $alu
  creating $alu model for $flatten\u_cq_engine.$gt$src/cq_engine.v:152$2269 ($gt): new $alu
  creating $alu model for $flatten\u_mmio_decoder.$ge$src/mmio_decoder.v:72$1456 ($ge): new $alu
  creating $alu model for $flatten\u_cq_engine.$gt$src/cq_engine.v:152$2275 ($gt): new $alu
  creating $alu model for $flatten\u_cq_engine.$gt$src/cq_engine.v:152$2281 ($gt): new $alu
  creating $alu model for $flatten\u_cq_engine.$gt$src/cq_engine.v:152$2287 ($gt): new $alu
  creating $alu model for $flatten\u_cq_engine.$gt$src/cq_engine.v:152$2293 ($gt): new $alu
  creating $alu model for $flatten\u_cq_engine.$gt$src/cq_engine.v:152$2299 ($gt): new $alu
  creating $alu model for $flatten\u_cq_engine.$gt$src/cq_engine.v:152$2305 ($gt): new $alu
  creating $alu model for $flatten\u_cq_engine.$gt$src/cq_engine.v:152$2311 ($gt): new $alu
  creating $alu model for $flatten\u_mmio_decoder.$lt$src/mmio_decoder.v:72$1458 ($lt): new $alu
  creating $alu model for $flatten\u_cq_engine.$gt$src/cq_engine.v:152$2317 ($gt): new $alu
  creating $alu model for $flatten\u_cq_engine.$gt$src/cq_engine.v:152$2323 ($gt): new $alu
  creating $alu model for $flatten\u_cq_engine.$gt$src/cq_engine.v:152$2329 ($gt): new $alu
  creating $alu model for $flatten\u_cq_engine.$gt$src/cq_engine.v:105$2017 ($gt): new $alu
  creating $alu model for $flatten\u_cq_engine.$gt$src/cq_engine.v:152$2335 ($gt): new $alu
  creating $alu model for $flatten\u_sq_engine.$lt$src/sq_engine.v:109$1562 ($lt): new $alu
  creating $alu model for $flatten\u_cq_engine.$ge$src/cq_engine.v:177$2352 ($ge): new $alu
  creating $alu model for $flatten\u_cq_engine.$lt$src/cq_engine.v:188$2354 ($lt): new $alu
  creating $alu model for $flatten\u_credit_manager.$lt$src/credit_manager.v:44$2817 ($lt): new $alu
  creating $alu model for $flatten\u_credit_manager.$gt$src/credit_manager.v:48$2819 ($gt): new $alu
  creating $alu model for $flatten\u_sq_engine.$le$src/sq_engine.v:206$1855 ($le): new $alu
  creating $alu model for $flatten\u_sq_engine.$le$src/sq_engine.v:203$1852 ($le): new $alu
  creating $alu model for $flatten\u_cq_engine.$gt$src/cq_engine.v:105$2043 ($gt): new $alu
  creating $alu model for $flatten\u_stat_counters.$lt$src/stat_counters.v:24$2822 ($lt): new $alu
  creating $alu cell for $flatten\u_stat_counters.$lt$src/stat_counters.v:24$2822: $auto$alumacc.cc:512:replace_alu$8503
  creating $alu cell for $flatten\u_cq_engine.$gt$src/cq_engine.v:105$2043: $auto$alumacc.cc:512:replace_alu$8508
  creating $alu cell for $flatten\u_sq_engine.$le$src/sq_engine.v:203$1852: $auto$alumacc.cc:512:replace_alu$8519
  creating $alu cell for $flatten\u_sq_engine.$le$src/sq_engine.v:206$1855: $auto$alumacc.cc:512:replace_alu$8528
  creating $alu cell for $flatten\u_credit_manager.$gt$src/credit_manager.v:48$2819: $auto$alumacc.cc:512:replace_alu$8537
  creating $alu cell for $flatten\u_credit_manager.$lt$src/credit_manager.v:44$2817: $auto$alumacc.cc:512:replace_alu$8548
  creating $alu cell for $flatten\u_cq_engine.$lt$src/cq_engine.v:188$2354: $auto$alumacc.cc:512:replace_alu$8553
  creating $alu cell for $flatten\u_cq_engine.$ge$src/cq_engine.v:177$2352: $auto$alumacc.cc:512:replace_alu$8558
  creating $alu cell for $flatten\u_sq_engine.$lt$src/sq_engine.v:109$1562: $auto$alumacc.cc:512:replace_alu$8571
  creating $alu cell for $flatten\u_cq_engine.$gt$src/cq_engine.v:152$2335: $auto$alumacc.cc:512:replace_alu$8576
  creating $alu cell for $flatten\u_cq_engine.$gt$src/cq_engine.v:105$2017: $auto$alumacc.cc:512:replace_alu$8587
  creating $alu cell for $flatten\u_cq_engine.$gt$src/cq_engine.v:152$2329: $auto$alumacc.cc:512:replace_alu$8598
  creating $alu cell for $flatten\u_cq_engine.$gt$src/cq_engine.v:152$2323: $auto$alumacc.cc:512:replace_alu$8609
  creating $alu cell for $flatten\u_cq_engine.$gt$src/cq_engine.v:152$2317: $auto$alumacc.cc:512:replace_alu$8620
  creating $alu cell for $flatten\u_mmio_decoder.$lt$src/mmio_decoder.v:72$1458: $auto$alumacc.cc:512:replace_alu$8631
  creating $alu cell for $flatten\u_cq_engine.$gt$src/cq_engine.v:152$2311: $auto$alumacc.cc:512:replace_alu$8636
  creating $alu cell for $flatten\u_cq_engine.$gt$src/cq_engine.v:152$2305: $auto$alumacc.cc:512:replace_alu$8647
  creating $alu cell for $flatten\u_cq_engine.$gt$src/cq_engine.v:152$2299: $auto$alumacc.cc:512:replace_alu$8658
  creating $alu cell for $flatten\u_cq_engine.$gt$src/cq_engine.v:152$2293: $auto$alumacc.cc:512:replace_alu$8669
  creating $alu cell for $flatten\u_cq_engine.$gt$src/cq_engine.v:152$2287: $auto$alumacc.cc:512:replace_alu$8680
  creating $alu cell for $flatten\u_cq_engine.$gt$src/cq_engine.v:152$2281: $auto$alumacc.cc:512:replace_alu$8691
  creating $alu cell for $flatten\u_cq_engine.$gt$src/cq_engine.v:152$2275: $auto$alumacc.cc:512:replace_alu$8702
  creating $alu cell for $flatten\u_mmio_decoder.$ge$src/mmio_decoder.v:72$1456: $auto$alumacc.cc:512:replace_alu$8713
  creating $alu cell for $flatten\u_cq_engine.$gt$src/cq_engine.v:152$2269: $auto$alumacc.cc:512:replace_alu$8726
  creating $alu cell for $flatten\u_cq_engine.$gt$src/cq_engine.v:152$2263: $auto$alumacc.cc:512:replace_alu$8737
  creating $alu cell for $flatten\u_cq_engine.$gt$src/cq_engine.v:152$2257: $auto$alumacc.cc:512:replace_alu$8748
  creating $alu cell for $flatten\u_cq_engine.$gt$src/cq_engine.v:152$2251: $auto$alumacc.cc:512:replace_alu$8759
  creating $alu cell for $flatten\u_cq_engine.$gt$src/cq_engine.v:152$2245: $auto$alumacc.cc:512:replace_alu$8770
  creating $alu cell for $flatten\u_cq_engine.$gt$src/cq_engine.v:105$2147: $auto$alumacc.cc:512:replace_alu$8781
  creating $alu cell for $flatten\u_sq_engine.$ge$src/sq_engine.v:108$1560: $auto$alumacc.cc:512:replace_alu$8792
  creating $alu cell for $flatten\u_cq_engine.$gt$src/cq_engine.v:105$2134: $auto$alumacc.cc:512:replace_alu$8805
  creating $alu cell for $flatten\u_cq_engine.$gt$src/cq_engine.v:105$2121: $auto$alumacc.cc:512:replace_alu$8816
  creating $alu cell for $flatten\u_cq_engine.$gt$src/cq_engine.v:105$2004: $auto$alumacc.cc:512:replace_alu$8827
  creating $alu cell for $flatten\u_cq_engine.$gt$src/cq_engine.v:105$1991: $auto$alumacc.cc:512:replace_alu$8838
  creating $alu cell for $flatten\u_cq_engine.$gt$src/cq_engine.v:105$2108: $auto$alumacc.cc:512:replace_alu$8849
  creating $alu cell for $flatten\u_cq_engine.$gt$src/cq_engine.v:105$2056: $auto$alumacc.cc:512:replace_alu$8860
  creating $alu cell for $flatten\u_cq_engine.$gt$src/cq_engine.v:105$1978: $auto$alumacc.cc:512:replace_alu$8871
  creating $alu cell for $flatten\u_cq_engine.$gt$src/cq_engine.v:105$2095: $auto$alumacc.cc:512:replace_alu$8882
  creating $alu cell for $flatten\u_cq_engine.$gt$src/cq_engine.v:105$2030: $auto$alumacc.cc:512:replace_alu$8893
  creating $alu cell for $flatten\u_cq_engine.$gt$src/cq_engine.v:105$2082: $auto$alumacc.cc:512:replace_alu$8904
  creating $alu cell for $flatten\u_cq_engine.$gt$src/cq_engine.v:105$1965: $auto$alumacc.cc:512:replace_alu$8915
  creating $alu cell for $flatten\u_cq_engine.$gt$src/cq_engine.v:105$1952: $auto$alumacc.cc:512:replace_alu$8926
  creating $alu cell for $flatten\u_db_coalescer.$ge$src/db_coalescer.v:119$2794: $auto$alumacc.cc:512:replace_alu$8937
  creating $alu cell for $flatten\u_cq_engine.$gt$src/cq_engine.v:105$2069: $auto$alumacc.cc:512:replace_alu$8950
  creating $alu cell for $flatten\u_sq_engine.$add$src/sq_engine.v:186$1846: $auto$alumacc.cc:512:replace_alu$8961
  creating $alu cell for $flatten\u_cq_engine.$add$src/cq_engine.v:79$1908: $auto$alumacc.cc:512:replace_alu$8964
  creating $alu cell for $flatten\u_stat_counters.$add$src/stat_counters.v:34$2883: $auto$alumacc.cc:512:replace_alu$8967
  creating $alu cell for $flatten\u_stat_counters.$add$src/stat_counters.v:34$2871: $auto$alumacc.cc:512:replace_alu$8970
  creating $alu cell for $flatten\u_mmio_decoder.$sub$src/mmio_decoder.v:76$1460: $auto$alumacc.cc:512:replace_alu$8973
  creating $alu cell for $flatten\u_stat_counters.$add$src/stat_counters.v:34$2865: $auto$alumacc.cc:512:replace_alu$8976
  creating $alu cell for $flatten\u_stat_counters.$add$src/stat_counters.v:34$2859: $auto$alumacc.cc:512:replace_alu$8979
  creating $alu cell for $flatten\u_stat_counters.$add$src/stat_counters.v:34$2853: $auto$alumacc.cc:512:replace_alu$8982
  creating $alu cell for $flatten\u_stat_counters.$add$src/stat_counters.v:34$2847: $auto$alumacc.cc:512:replace_alu$8985
  creating $alu cell for $flatten\u_sq_engine.$add$src/sq_engine.v:211$1856: $auto$alumacc.cc:512:replace_alu$8988
  creating $alu cell for $flatten\u_db_coalescer.$add$src/db_coalescer.v:105$2712: $auto$alumacc.cc:512:replace_alu$8991
  creating $alu cell for $flatten\u_stat_counters.$add$src/stat_counters.v:34$2841: $auto$alumacc.cc:512:replace_alu$8994
  creating $alu cell for $flatten\u_stat_counters.$add$src/stat_counters.v:34$2835: $auto$alumacc.cc:512:replace_alu$8997
  creating $alu cell for $flatten\u_sq_engine.$sub$src/sq_engine.v:211$1858: $auto$alumacc.cc:512:replace_alu$9000
  creating $alu cell for $flatten\u_stat_counters.$add$src/stat_counters.v:34$2829: $auto$alumacc.cc:512:replace_alu$9003
  creating $alu cell for $flatten\u_sq_engine.$add$src/sq_engine.v:225$1860: $auto$alumacc.cc:512:replace_alu$9006
  creating $alu cell for $flatten\u_cq_engine.$sub$src/cq_engine.v:106$1954: $auto$alumacc.cc:512:replace_alu$9009
  creating $alu cell for $flatten\u_cq_engine.$sub$src/cq_engine.v:106$2071: $auto$alumacc.cc:512:replace_alu$9012
  creating $alu cell for $flatten\u_cq_engine.$sub$src/cq_engine.v:106$1967: $auto$alumacc.cc:512:replace_alu$9015
  creating $alu cell for $flatten\u_cq_engine.$sub$src/cq_engine.v:106$2084: $auto$alumacc.cc:512:replace_alu$9018
  creating $alu cell for $flatten\u_cq_engine.$sub$src/cq_engine.v:106$2097: $auto$alumacc.cc:512:replace_alu$9021
  creating $alu cell for $flatten\u_cq_engine.$sub$src/cq_engine.v:106$1980: $auto$alumacc.cc:512:replace_alu$9024
  creating $alu cell for $flatten\u_cq_engine.$sub$src/cq_engine.v:106$2058: $auto$alumacc.cc:512:replace_alu$9027
  creating $alu cell for $flatten\u_cq_engine.$sub$src/cq_engine.v:106$1993: $auto$alumacc.cc:512:replace_alu$9030
  creating $alu cell for $flatten\u_cq_engine.$sub$src/cq_engine.v:106$2110: $auto$alumacc.cc:512:replace_alu$9033
  creating $alu cell for $flatten\u_cq_engine.$sub$src/cq_engine.v:106$2032: $auto$alumacc.cc:512:replace_alu$9036
  creating $alu cell for $flatten\u_cq_engine.$sub$src/cq_engine.v:106$2006: $auto$alumacc.cc:512:replace_alu$9039
  creating $alu cell for $flatten\u_cq_engine.$sub$src/cq_engine.v:106$2123: $auto$alumacc.cc:512:replace_alu$9042
  creating $alu cell for $flatten\u_cq_engine.$sub$src/cq_engine.v:106$2136: $auto$alumacc.cc:512:replace_alu$9045
  creating $alu cell for $flatten\u_sq_engine.$sub$src/sq_engine.v:111$1566: $auto$alumacc.cc:512:replace_alu$9048
  creating $alu cell for $flatten\u_cq_engine.$sub$src/cq_engine.v:106$2149: $auto$alumacc.cc:512:replace_alu$9051
  creating $alu cell for $flatten\u_cq_engine.$add$src/cq_engine.v:145$2241: $auto$alumacc.cc:512:replace_alu$9054
  creating $alu cell for $flatten\u_sq_engine.$add$src/sq_engine.v:240$1867: $auto$alumacc.cc:512:replace_alu$9057
  creating $alu cell for $flatten\u_cq_engine.$add$src/cq_engine.v:166$2347: $auto$alumacc.cc:512:replace_alu$9060
  creating $alu cell for $flatten\u_cq_engine.$add$src/cq_engine.v:167$2350: $auto$alumacc.cc:512:replace_alu$9063
  creating $alu cell for $flatten\u_cq_engine.$sub$src/cq_engine.v:106$2019: $auto$alumacc.cc:512:replace_alu$9066
  creating $alu cell for $flatten\u_cq_engine.$add$src/cq_engine.v:191$2355: $auto$alumacc.cc:512:replace_alu$9069
  creating $alu cell for $flatten\u_cq_engine.$add$src/cq_engine.v:197$2356: $auto$alumacc.cc:512:replace_alu$9072
  creating $alu cell for $flatten\u_cq_engine.$sub$src/cq_engine.v:106$2045: $auto$alumacc.cc:512:replace_alu$9075
  creating $alu cell for $flatten\u_sq_engine.$sub$src/sq_engine.v:239$1865: $auto$alumacc.cc:512:replace_alu$9078
  creating $alu cell for $flatten\u_sq_engine.$add$src/sq_engine.v:236$1864: $auto$alumacc.cc:512:replace_alu$9081
  creating $alu cell for $flatten\u_sq_engine.$add$src/sq_engine.v:244$1868: $auto$alumacc.cc:512:replace_alu$9084
  creating $alu cell for $flatten\u_sq_engine.$add$src/sq_engine.v:236$1862: $auto$alumacc.cc:512:replace_alu$9087
  creating $alu cell for $flatten\u_sq_engine.$add$src/sq_engine.v:233$1861: $auto$alumacc.cc:512:replace_alu$9090
  creating $alu cell for $flatten\u_credit_manager.$add$src/credit_manager.v:45$2818: $auto$alumacc.cc:512:replace_alu$9093
  creating $alu cell for $flatten\u_credit_manager.$sub$src/credit_manager.v:49$2820: $auto$alumacc.cc:512:replace_alu$9096
  created 90 $alu and 1 $macc cells.

22.14. Executing SHARE pass (SAT-based resource sharing).
Found 3 cells in module io_uncore_top that may be considered for resource sharing.
  Analyzing resource sharing options for $flatten\u_cq_engine.$memrd$\cq_tail$src/cq_engine.v:166$2346 ($memrd):
    Found 1 activation_patterns using ctrl signal { \u_cq_engine.sram_grant \u_cq_engine.state [3] \rst_n }.
    Found 1 candidates: $flatten\u_cq_engine.$memrd$\cq_tail$src/cq_engine.v:146$2240
    Analyzing resource sharing with $flatten\u_cq_engine.$memrd$\cq_tail$src/cq_engine.v:146$2240 ($memrd):
      Found 1 activation_patterns using ctrl signal { \u_cq_engine.state [0] \cqe_valid }.
      Activation pattern for cell $flatten\u_cq_engine.$memrd$\cq_tail$src/cq_engine.v:166$2346: { \u_cq_engine.sram_grant \u_cq_engine.state [3] \rst_n } = 3'111
      Activation pattern for cell $flatten\u_cq_engine.$memrd$\cq_tail$src/cq_engine.v:146$2240: { \u_cq_engine.state [0] \cqe_valid } = 2'11
      Size of SAT problem: 3 cells, 55 variables, 148 clauses
      According to the SAT solver this pair of cells can be shared.
      Activation signal for $flatten\u_cq_engine.$memrd$\cq_tail$src/cq_engine.v:146$2240: $auto$share.cc:1068:make_cell_activation_logic$9099
      New cell: $auto$share.cc:713:make_supercell$9101 ($memrd)
  Analyzing resource sharing options for $auto$share.cc:713:make_supercell$9101 ($memrd):
    Found 2 activation_patterns using ctrl signal { \u_cq_engine.sram_grant \u_cq_engine.state [3] \u_cq_engine.state [0] \cqe_valid \rst_n }.
    No candidates found.
  Analyzing resource sharing options for $flatten\u_db_coalescer.$memrd$\db_count$src/db_coalescer.v:105$2711 ($memrd):
    Found 1 activation_patterns using ctrl signal { \u_db_coalescer.state [0] \db_wr_valid_i \rst_n }.
    No candidates found.
Removing 2 cells in module io_uncore_top:
  Removing cell $flatten\u_cq_engine.$memrd$\cq_tail$src/cq_engine.v:146$2240 ($memrd).
  Removing cell $flatten\u_cq_engine.$memrd$\cq_tail$src/cq_engine.v:166$2346 ($memrd).

22.15. Executing OPT pass (performing simple optimizations).

22.15.1. Executing OPT_EXPR pass (perform const folding).
Optimizing module io_uncore_top.

22.15.2. Executing OPT_MERGE pass (detect identical cells).
Finding identical cells in module `\io_uncore_top'.
Computing hashes of 1186 cells of `\io_uncore_top'.
Finding duplicate cells in `\io_uncore_top'.
Removed a total of 0 cells.

22.15.3. Executing OPT_MUXTREE pass (detect dead branches in mux trees).
Running muxtree optimizer on module \io_uncore_top..
  Creating internal representation of mux trees.
  Evaluating internal representation of mux trees.
  Analyzing evaluation results.
Removed 0 multiplexer ports.

22.15.4. Executing OPT_REDUCE pass (consolidate $*mux and $reduce_* inputs).
  Optimizing cells in module \io_uncore_top.
Performed a total of 0 changes.

22.15.5. Executing OPT_MERGE pass (detect identical cells).
Finding identical cells in module `\io_uncore_top'.
Computing hashes of 1186 cells of `\io_uncore_top'.
Finding duplicate cells in `\io_uncore_top'.
Removed a total of 0 cells.

22.15.6. Executing OPT_DFF pass (perform DFF optimizations).

22.15.7. Executing OPT_CLEAN pass (remove unused cells and wires).
Finding unused cells or wires in module \io_uncore_top..
Removed 15 unused cells and 229 unused wires.

22.15.8. Executing OPT_EXPR pass (perform const folding).
Optimizing module io_uncore_top.

22.15.9. Rerunning OPT passes. (Maybe there is more to do..)

22.15.10. Executing OPT_MUXTREE pass (detect dead branches in mux trees).
Running muxtree optimizer on module \io_uncore_top..
  Creating internal representation of mux trees.
  Evaluating internal representation of mux trees.
  Analyzing evaluation results.
Removed 0 multiplexer ports.

22.15.11. Executing OPT_REDUCE pass (consolidate $*mux and $reduce_* inputs).
  Optimizing cells in module \io_uncore_top.
Performed a total of 0 changes.

22.15.12. Executing OPT_MERGE pass (detect identical cells).
Finding identical cells in module `\io_uncore_top'.
Computing hashes of 1136 cells of `\io_uncore_top'.
Finding duplicate cells in `\io_uncore_top'.
Removed a total of 0 cells.

22.15.13. Executing OPT_DFF pass (perform DFF optimizations).

22.15.14. Executing OPT_CLEAN pass (remove unused cells and wires).
Finding unused cells or wires in module \io_uncore_top..

22.15.15. Executing OPT_EXPR pass (perform const folding).
Optimizing module io_uncore_top.

22.15.16. Finished fast OPT passes. (There is nothing left to do.)

22.16. Executing MEMORY pass.

22.16.1. Executing OPT_MEM pass (optimize memories).
Performed a total of 0 transformations.

22.16.2. Executing OPT_MEM_PRIORITY pass (removing unnecessary memory write priority relations).
Performed a total of 1080 transformations.

22.16.3. Executing OPT_MEM_FEEDBACK pass (finding memory read-to-write feedback paths).
  Analyzing io_uncore_top.u_sq_engine.latch_w1 write port 0.
  Analyzing io_uncore_top.u_sq_engine.latch_w1 write port 1.
  Analyzing io_uncore_top.u_sq_engine.latch_w1 write port 2.
  Analyzing io_uncore_top.u_sq_engine.latch_w1 write port 3.
  Analyzing io_uncore_top.u_sq_engine.latch_w1 write port 4.
  Analyzing io_uncore_top.u_sq_engine.latch_w1 write port 5.
  Analyzing io_uncore_top.u_sq_engine.latch_w1 write port 6.
  Analyzing io_uncore_top.u_sq_engine.latch_w1 write port 7.
  Analyzing io_uncore_top.u_sq_engine.latch_w1 write port 8.
  Analyzing io_uncore_top.u_sq_engine.latch_w1 write port 9.
  Analyzing io_uncore_top.u_sq_engine.latch_w1 write port 10.
  Analyzing io_uncore_top.u_sq_engine.latch_w1 write port 11.
  Analyzing io_uncore_top.u_sq_engine.latch_w1 write port 12.
  Analyzing io_uncore_top.u_sq_engine.latch_w1 write port 13.
  Analyzing io_uncore_top.u_sq_engine.latch_w1 write port 14.
  Analyzing io_uncore_top.u_sq_engine.latch_w1 write port 15.
  Analyzing io_uncore_top.u_sq_engine.latch_w1 write port 16.
  Analyzing io_uncore_top.u_sq_engine.latch_w2 write port 0.
  Analyzing io_uncore_top.u_sq_engine.latch_w2 write port 1.
  Analyzing io_uncore_top.u_sq_engine.latch_w2 write port 2.
  Analyzing io_uncore_top.u_sq_engine.latch_w2 write port 3.
  Analyzing io_uncore_top.u_sq_engine.latch_w2 write port 4.
  Analyzing io_uncore_top.u_sq_engine.latch_w2 write port 5.
  Analyzing io_uncore_top.u_sq_engine.latch_w2 write port 6.
  Analyzing io_uncore_top.u_sq_engine.latch_w2 write port 7.
  Analyzing io_uncore_top.u_sq_engine.latch_w2 write port 8.
  Analyzing io_uncore_top.u_sq_engine.latch_w2 write port 9.
  Analyzing io_uncore_top.u_sq_engine.latch_w2 write port 10.
  Analyzing io_uncore_top.u_sq_engine.latch_w2 write port 11.
  Analyzing io_uncore_top.u_sq_engine.latch_w2 write port 12.
  Analyzing io_uncore_top.u_sq_engine.latch_w2 write port 13.
  Analyzing io_uncore_top.u_sq_engine.latch_w2 write port 14.
  Analyzing io_uncore_top.u_sq_engine.latch_w2 write port 15.
  Analyzing io_uncore_top.u_sq_engine.latch_w2 write port 16.
  Analyzing io_uncore_top.u_sq_engine.latch_w0 write port 0.
  Analyzing io_uncore_top.u_sq_engine.latch_w0 write port 1.
  Analyzing io_uncore_top.u_sq_engine.latch_w0 write port 2.
  Analyzing io_uncore_top.u_sq_engine.latch_w0 write port 3.
  Analyzing io_uncore_top.u_sq_engine.latch_w0 write port 4.
  Analyzing io_uncore_top.u_sq_engine.latch_w0 write port 5.
  Analyzing io_uncore_top.u_sq_engine.latch_w0 write port 6.
  Analyzing io_uncore_top.u_sq_engine.latch_w0 write port 7.
  Analyzing io_uncore_top.u_sq_engine.latch_w0 write port 8.
  Analyzing io_uncore_top.u_sq_engine.latch_w0 write port 9.
  Analyzing io_uncore_top.u_sq_engine.latch_w0 write port 10.
  Analyzing io_uncore_top.u_sq_engine.latch_w0 write port 11.
  Analyzing io_uncore_top.u_sq_engine.latch_w0 write port 12.
  Analyzing io_uncore_top.u_sq_engine.latch_w0 write port 13.
  Analyzing io_uncore_top.u_sq_engine.latch_w0 write port 14.
  Analyzing io_uncore_top.u_sq_engine.latch_w0 write port 15.
  Analyzing io_uncore_top.u_sq_engine.latch_w0 write port 16.
  Analyzing io_uncore_top.u_sq_engine.cid_counter write port 0.
  Analyzing io_uncore_top.u_sq_engine.cid_counter write port 1.
  Analyzing io_uncore_top.u_sq_engine.cid_counter write port 2.
  Analyzing io_uncore_top.u_sq_engine.cid_counter write port 3.
  Analyzing io_uncore_top.u_sq_engine.cid_counter write port 4.
  Analyzing io_uncore_top.u_sq_engine.cid_counter write port 5.
  Analyzing io_uncore_top.u_sq_engine.cid_counter write port 6.
  Analyzing io_uncore_top.u_sq_engine.cid_counter write port 7.
  Analyzing io_uncore_top.u_sq_engine.cid_counter write port 8.
  Analyzing io_uncore_top.u_sq_engine.cid_counter write port 9.
  Analyzing io_uncore_top.u_sq_engine.cid_counter write port 10.
  Analyzing io_uncore_top.u_sq_engine.cid_counter write port 11.
  Analyzing io_uncore_top.u_sq_engine.cid_counter write port 12.
  Analyzing io_uncore_top.u_sq_engine.cid_counter write port 13.
  Analyzing io_uncore_top.u_sq_engine.cid_counter write port 14.
  Analyzing io_uncore_top.u_sq_engine.cid_counter write port 15.
  Analyzing io_uncore_top.u_sq_engine.cid_counter write port 16.
  Analyzing io_uncore_top.u_cq_engine.cq_tail write port 0.
  Analyzing io_uncore_top.u_cq_engine.cq_tail write port 1.
  Analyzing io_uncore_top.u_cq_engine.cq_tail write port 2.
  Analyzing io_uncore_top.u_cq_engine.cq_tail write port 3.
  Analyzing io_uncore_top.u_cq_engine.cq_tail write port 4.
  Analyzing io_uncore_top.u_cq_engine.cq_tail write port 5.
  Analyzing io_uncore_top.u_cq_engine.cq_tail write port 6.
  Analyzing io_uncore_top.u_cq_engine.cq_tail write port 7.
  Analyzing io_uncore_top.u_cq_engine.cq_tail write port 8.
  Analyzing io_uncore_top.u_cq_engine.cq_tail write port 9.
  Analyzing io_uncore_top.u_cq_engine.cq_tail write port 10.
  Analyzing io_uncore_top.u_cq_engine.cq_tail write port 11.
  Analyzing io_uncore_top.u_cq_engine.cq_tail write port 12.
  Analyzing io_uncore_top.u_cq_engine.cq_tail write port 13.
  Analyzing io_uncore_top.u_cq_engine.cq_tail write port 14.
  Analyzing io_uncore_top.u_cq_engine.cq_tail write port 15.
  Analyzing io_uncore_top.u_cq_engine.cq_tail write port 16.
  Analyzing io_uncore_top.u_cq_engine.batch_count write port 0.
  Analyzing io_uncore_top.u_cq_engine.batch_count write port 1.
  Analyzing io_uncore_top.u_cq_engine.batch_count write port 2.
  Analyzing io_uncore_top.u_cq_engine.batch_count write port 3.
  Analyzing io_uncore_top.u_cq_engine.batch_count write port 4.
  Analyzing io_uncore_top.u_cq_engine.batch_count write port 5.
  Analyzing io_uncore_top.u_cq_engine.batch_count write port 6.
  Analyzing io_uncore_top.u_cq_engine.batch_count write port 7.
  Analyzing io_uncore_top.u_cq_engine.batch_count write port 8.
  Analyzing io_uncore_top.u_cq_engine.batch_count write port 9.
  Analyzing io_uncore_top.u_cq_engine.batch_count write port 10.
  Analyzing io_uncore_top.u_cq_engine.batch_count write port 11.
  Analyzing io_uncore_top.u_cq_engine.batch_count write port 12.
  Analyzing io_uncore_top.u_cq_engine.batch_count write port 13.
  Analyzing io_uncore_top.u_cq_engine.batch_count write port 14.
  Analyzing io_uncore_top.u_cq_engine.batch_count write port 15.
  Analyzing io_uncore_top.u_cq_engine.batch_count write port 16.
  Analyzing io_uncore_top.u_cq_engine.batch_count write port 17.
  Analyzing io_uncore_top.u_db_coalescer.latest_tail write port 0.
  Analyzing io_uncore_top.u_db_coalescer.latest_tail write port 1.
  Analyzing io_uncore_top.u_db_coalescer.latest_tail write port 2.
  Analyzing io_uncore_top.u_db_coalescer.latest_tail write port 3.
  Analyzing io_uncore_top.u_db_coalescer.latest_tail write port 4.
  Analyzing io_uncore_top.u_db_coalescer.latest_tail write port 5.
  Analyzing io_uncore_top.u_db_coalescer.latest_tail write port 6.
  Analyzing io_uncore_top.u_db_coalescer.latest_tail write port 7.
  Analyzing io_uncore_top.u_db_coalescer.latest_tail write port 8.
  Analyzing io_uncore_top.u_db_coalescer.latest_tail write port 9.
  Analyzing io_uncore_top.u_db_coalescer.latest_tail write port 10.
  Analyzing io_uncore_top.u_db_coalescer.latest_tail write port 11.
  Analyzing io_uncore_top.u_db_coalescer.latest_tail write port 12.
  Analyzing io_uncore_top.u_db_coalescer.latest_tail write port 13.
  Analyzing io_uncore_top.u_db_coalescer.latest_tail write port 14.
  Analyzing io_uncore_top.u_db_coalescer.latest_tail write port 15.
  Analyzing io_uncore_top.u_db_coalescer.latest_tail write port 16.
  Analyzing io_uncore_top.u_db_coalescer.latest_is_sq write port 0.
  Analyzing io_uncore_top.u_db_coalescer.latest_is_sq write port 1.
  Analyzing io_uncore_top.u_db_coalescer.latest_is_sq write port 2.
  Analyzing io_uncore_top.u_db_coalescer.latest_is_sq write port 3.
  Analyzing io_uncore_top.u_db_coalescer.latest_is_sq write port 4.
  Analyzing io_uncore_top.u_db_coalescer.latest_is_sq write port 5.
  Analyzing io_uncore_top.u_db_coalescer.latest_is_sq write port 6.
  Analyzing io_uncore_top.u_db_coalescer.latest_is_sq write port 7.
  Analyzing io_uncore_top.u_db_coalescer.latest_is_sq write port 8.
  Analyzing io_uncore_top.u_db_coalescer.latest_is_sq write port 9.
  Analyzing io_uncore_top.u_db_coalescer.latest_is_sq write port 10.
  Analyzing io_uncore_top.u_db_coalescer.latest_is_sq write port 11.
  Analyzing io_uncore_top.u_db_coalescer.latest_is_sq write port 12.
  Analyzing io_uncore_top.u_db_coalescer.latest_is_sq write port 13.
  Analyzing io_uncore_top.u_db_coalescer.latest_is_sq write port 14.
  Analyzing io_uncore_top.u_db_coalescer.latest_is_sq write port 15.
  Analyzing io_uncore_top.u_db_coalescer.latest_is_sq write port 16.
  Analyzing io_uncore_top.u_db_coalescer.db_count write port 0.
  Analyzing io_uncore_top.u_db_coalescer.db_count write port 1.
  Analyzing io_uncore_top.u_db_coalescer.db_count write port 2.
  Analyzing io_uncore_top.u_db_coalescer.db_count write port 3.
  Analyzing io_uncore_top.u_db_coalescer.db_count write port 4.
  Analyzing io_uncore_top.u_db_coalescer.db_count write port 5.
  Analyzing io_uncore_top.u_db_coalescer.db_count write port 6.
  Analyzing io_uncore_top.u_db_coalescer.db_count write port 7.
  Analyzing io_uncore_top.u_db_coalescer.db_count write port 8.
  Analyzing io_uncore_top.u_db_coalescer.db_count write port 9.
  Analyzing io_uncore_top.u_db_coalescer.db_count write port 10.
  Analyzing io_uncore_top.u_db_coalescer.db_count write port 11.
  Analyzing io_uncore_top.u_db_coalescer.db_count write port 12.
  Analyzing io_uncore_top.u_db_coalescer.db_count write port 13.
  Analyzing io_uncore_top.u_db_coalescer.db_count write port 14.
  Analyzing io_uncore_top.u_db_coalescer.db_count write port 15.
  Analyzing io_uncore_top.u_db_coalescer.db_count write port 16.
  Analyzing io_uncore_top.u_db_coalescer.db_count write port 17.

22.16.4. Executing MEMORY_BMUX2ROM pass (converting muxes to ROMs).

22.16.5. Executing MEMORY_DFF pass (merging $dff cells to $memrd).
Checking read port `\u_sq_engine.latch_w1'[0] in module `\io_uncore_top': merging output FF to cell.
    Write port 0: don't care on collision.
    Write port 1: don't care on collision.
    Write port 2: don't care on collision.
    Write port 3: don't care on collision.
    Write port 4: don't care on collision.
    Write port 5: don't care on collision.
    Write port 6: don't care on collision.
    Write port 7: don't care on collision.
    Write port 8: don't care on collision.
    Write port 9: don't care on collision.
    Write port 10: don't care on collision.
    Write port 11: don't care on collision.
    Write port 12: don't care on collision.
    Write port 13: don't care on collision.
    Write port 14: don't care on collision.
    Write port 15: don't care on collision.
    Write port 16: don't care on collision.
Checking read port `\u_sq_engine.latch_w2'[0] in module `\io_uncore_top': merging output FF to cell.
    Write port 0: don't care on collision.
    Write port 1: don't care on collision.
    Write port 2: don't care on collision.
    Write port 3: don't care on collision.
    Write port 4: don't care on collision.
    Write port 5: don't care on collision.
    Write port 6: don't care on collision.
    Write port 7: don't care on collision.
    Write port 8: don't care on collision.
    Write port 9: don't care on collision.
    Write port 10: don't care on collision.
    Write port 11: don't care on collision.
    Write port 12: don't care on collision.
    Write port 13: don't care on collision.
    Write port 14: don't care on collision.
    Write port 15: don't care on collision.
    Write port 16: don't care on collision.
Checking read port `\u_sq_engine.latch_w0'[0] in module `\io_uncore_top': merging output FF to cell.
    Write port 0: don't care on collision.
    Write port 1: don't care on collision.
    Write port 2: don't care on collision.
    Write port 3: don't care on collision.
    Write port 4: don't care on collision.
    Write port 5: don't care on collision.
    Write port 6: don't care on collision.
    Write port 7: don't care on collision.
    Write port 8: don't care on collision.
    Write port 9: don't care on collision.
    Write port 10: don't care on collision.
    Write port 11: don't care on collision.
    Write port 12: don't care on collision.
    Write port 13: don't care on collision.
    Write port 14: don't care on collision.
    Write port 15: don't care on collision.
    Write port 16: don't care on collision.
Checking read port `\u_sq_engine.cid_counter'[0] in module `\io_uncore_top': no output FF found.
Checking read port `\u_cq_engine.cq_tail'[0] in module `\io_uncore_top': no output FF found.
Checking read port `\u_cq_engine.batch_count'[0] in module `\io_uncore_top': no output FF found.
Checking read port `\u_cq_engine.batch_count'[1] in module `\io_uncore_top': no output FF found.
Checking read port `\u_cq_engine.batch_count'[2] in module `\io_uncore_top': no output FF found.
Checking read port `\u_cq_engine.batch_count'[3] in module `\io_uncore_top': no output FF found.
Checking read port `\u_cq_engine.batch_count'[4] in module `\io_uncore_top': no output FF found.
Checking read port `\u_cq_engine.batch_count'[5] in module `\io_uncore_top': no output FF found.
Checking read port `\u_cq_engine.batch_count'[6] in module `\io_uncore_top': no output FF found.
Checking read port `\u_cq_engine.batch_count'[7] in module `\io_uncore_top': no output FF found.
Checking read port `\u_cq_engine.batch_count'[8] in module `\io_uncore_top': no output FF found.
Checking read port `\u_cq_engine.batch_count'[9] in module `\io_uncore_top': no output FF found.
Checking read port `\u_cq_engine.batch_count'[10] in module `\io_uncore_top': no output FF found.
Checking read port `\u_cq_engine.batch_count'[11] in module `\io_uncore_top': no output FF found.
Checking read port `\u_cq_engine.batch_count'[12] in module `\io_uncore_top': no output FF found.
Checking read port `\u_cq_engine.batch_count'[13] in module `\io_uncore_top': no output FF found.
Checking read port `\u_cq_engine.batch_count'[14] in module `\io_uncore_top': no output FF found.
Checking read port `\u_cq_engine.batch_count'[15] in module `\io_uncore_top': no output FF found.
Checking read port `\u_cq_engine.batch_count'[16] in module `\io_uncore_top': no output FF found.
Checking read port `\u_db_coalescer.latest_tail'[0] in module `\io_uncore_top': merging output FF to cell.
    Write port 0: don't care on collision.
    Write port 1: don't care on collision.
    Write port 2: don't care on collision.
    Write port 3: don't care on collision.
    Write port 4: don't care on collision.
    Write port 5: don't care on collision.
    Write port 6: don't care on collision.
    Write port 7: don't care on collision.
    Write port 8: don't care on collision.
    Write port 9: don't care on collision.
    Write port 10: don't care on collision.
    Write port 11: don't care on collision.
    Write port 12: don't care on collision.
    Write port 13: don't care on collision.
    Write port 14: don't care on collision.
    Write port 15: don't care on collision.
    Write port 16: don't care on collision.
Checking read port `\u_db_coalescer.latest_is_sq'[0] in module `\io_uncore_top': merging output FF to cell.
    Write port 0: don't care on collision.
    Write port 1: don't care on collision.
    Write port 2: don't care on collision.
    Write port 3: don't care on collision.
    Write port 4: don't care on collision.
    Write port 5: don't care on collision.
    Write port 6: don't care on collision.
    Write port 7: don't care on collision.
    Write port 8: don't care on collision.
    Write port 9: don't care on collision.
    Write port 10: don't care on collision.
    Write port 11: don't care on collision.
    Write port 12: don't care on collision.
    Write port 13: don't care on collision.
    Write port 14: don't care on collision.
    Write port 15: don't care on collision.
    Write port 16: don't care on collision.
Checking read port `\u_db_coalescer.db_count'[0] in module `\io_uncore_top': no output FF found.
Checking read port `\u_db_coalescer.db_count'[1] in module `\io_uncore_top': no output FF found.
Checking read port address `\u_sq_engine.cid_counter'[0] in module `\io_uncore_top': merged address FF to cell.
Checking read port address `\u_cq_engine.cq_tail'[0] in module `\io_uncore_top': no address FF found.
Checking read port address `\u_cq_engine.batch_count'[0] in module `\io_uncore_top': merged address FF to cell.
Checking read port address `\u_cq_engine.batch_count'[1] in module `\io_uncore_top': no address FF found.
Checking read port address `\u_cq_engine.batch_count'[2] in module `\io_uncore_top': no address FF found.
Checking read port address `\u_cq_engine.batch_count'[3] in module `\io_uncore_top': no address FF found.
Checking read port address `\u_cq_engine.batch_count'[4] in module `\io_uncore_top': no address FF found.
Checking read port address `\u_cq_engine.batch_count'[5] in module `\io_uncore_top': no address FF found.
Checking read port address `\u_cq_engine.batch_count'[6] in module `\io_uncore_top': no address FF found.
Checking read port address `\u_cq_engine.batch_count'[7] in module `\io_uncore_top': no address FF found.
Checking read port address `\u_cq_engine.batch_count'[8] in module `\io_uncore_top': no address FF found.
Checking read port address `\u_cq_engine.batch_count'[9] in module `\io_uncore_top': no address FF found.
Checking read port address `\u_cq_engine.batch_count'[10] in module `\io_uncore_top': no address FF found.
Checking read port address `\u_cq_engine.batch_count'[11] in module `\io_uncore_top': no address FF found.
Checking read port address `\u_cq_engine.batch_count'[12] in module `\io_uncore_top': no address FF found.
Checking read port address `\u_cq_engine.batch_count'[13] in module `\io_uncore_top': no address FF found.
Checking read port address `\u_cq_engine.batch_count'[14] in module `\io_uncore_top': no address FF found.
Checking read port address `\u_cq_engine.batch_count'[15] in module `\io_uncore_top': no address FF found.
Checking read port address `\u_cq_engine.batch_count'[16] in module `\io_uncore_top': no address FF found.
Checking read port address `\u_db_coalescer.db_count'[0] in module `\io_uncore_top': merged address FF to cell.
Checking read port address `\u_db_coalescer.db_count'[1] in module `\io_uncore_top': no address FF found.

22.16.6. Executing OPT_CLEAN pass (remove unused cells and wires).
Finding unused cells or wires in module \io_uncore_top..
Removed 8 unused cells and 197 unused wires.

22.16.7. Executing MEMORY_SHARE pass (consolidating $memrd/$memwr cells).
Consolidating write ports of memory io_uncore_top.u_sq_engine.latch_w1 by address:
  Merging ports 0, 1 (address 4'0000).
  Merging ports 0, 2 (address 4'0000).
  Merging ports 0, 3 (address 4'0000).
  Merging ports 0, 4 (address 4'0000).
  Merging ports 0, 5 (address 4'0000).
  Merging ports 0, 6 (address 4'0000).
  Merging ports 0, 7 (address 4'0000).
  Merging ports 0, 8 (address 4'0000).
  Merging ports 10, 11 (address 4'1010).
  Merging ports 12, 13 (address 4'1100).
  Merging ports 12, 14 (address 4'1100).
  Merging ports 12, 15 (address 4'1100).
Consolidating write ports of memory io_uncore_top.u_sq_engine.latch_w1 by address:
  Merging ports 1, 2 (address 4'1001).
  Merging ports 1, 3 (address 4'1000).
Consolidating write ports of memory io_uncore_top.u_sq_engine.latch_w1 by address:
Consolidating write ports of memory io_uncore_top.u_sq_engine.latch_w2 by address:
  Merging ports 0, 1 (address 4'0000).
  Merging ports 0, 2 (address 4'0000).
  Merging ports 0, 3 (address 4'0000).
  Merging ports 0, 4 (address 4'0000).
  Merging ports 0, 5 (address 4'0000).
  Merging ports 0, 6 (address 4'0000).
  Merging ports 0, 7 (address 4'0000).
  Merging ports 0, 8 (address 4'0000).
  Merging ports 10, 11 (address 4'1010).
  Merging ports 12, 13 (address 4'1100).
  Merging ports 12, 14 (address 4'1100).
  Merging ports 12, 15 (address 4'1100).
Consolidating write ports of memory io_uncore_top.u_sq_engine.latch_w2 by address:
  Merging ports 1, 2 (address 4'1001).
  Merging ports 1, 3 (address 4'1000).
Consolidating write ports of memory io_uncore_top.u_sq_engine.latch_w2 by address:
Consolidating write ports of memory io_uncore_top.u_sq_engine.latch_w0 by address:
  Merging ports 0, 1 (address 4'0000).
  Merging ports 0, 2 (address 4'0000).
  Merging ports 0, 3 (address 4'0000).
  Merging ports 0, 4 (address 4'0000).
  Merging ports 0, 5 (address 4'0000).
  Merging ports 0, 6 (address 4'0000).
  Merging ports 0, 7 (address 4'0000).
  Merging ports 0, 8 (address 4'0000).
  Merging ports 10, 11 (address 4'1010).
  Merging ports 12, 13 (address 4'1100).
  Merging ports 12, 14 (address 4'1100).
  Merging ports 12, 15 (address 4'1100).
Consolidating write ports of memory io_uncore_top.u_sq_engine.latch_w0 by address:
  Merging ports 1, 2 (address 4'1001).
  Merging ports 1, 3 (address 4'1000).
Consolidating write ports of memory io_uncore_top.u_sq_engine.latch_w0 by address:
Consolidating write ports of memory io_uncore_top.u_sq_engine.cid_counter by address:
  Merging ports 0, 1 (address 4'0000).
  Merging ports 0, 2 (address 4'0000).
  Merging ports 0, 3 (address 4'0000).
  Merging ports 0, 4 (address 4'0000).
  Merging ports 0, 5 (address 4'0000).
  Merging ports 0, 6 (address 4'0000).
  Merging ports 0, 7 (address 4'0000).
  Merging ports 0, 8 (address 4'0000).
  Merging ports 10, 11 (address 4'1010).
  Merging ports 12, 13 (address 4'1100).
  Merging ports 12, 14 (address 4'1100).
  Merging ports 12, 15 (address 4'1100).
Consolidating write ports of memory io_uncore_top.u_sq_engine.cid_counter by address:
  Merging ports 1, 2 (address 4'1001).
  Merging ports 1, 3 (address 4'1000).
Consolidating write ports of memory io_uncore_top.u_sq_engine.cid_counter by address:
Consolidating write ports of memory io_uncore_top.u_cq_engine.cq_tail by address:
  Merging ports 0, 1 (address 4'0000).
  Merging ports 0, 2 (address 4'0000).
  Merging ports 0, 3 (address 4'0000).
  Merging ports 0, 4 (address 4'0000).
  Merging ports 0, 5 (address 4'0000).
  Merging ports 0, 6 (address 4'0000).
  Merging ports 0, 7 (address 4'0000).
  Merging ports 0, 8 (address 4'0000).
  Merging ports 10, 11 (address 4'1010).
  Merging ports 12, 13 (address 4'1100).
  Merging ports 12, 14 (address 4'1100).
  Merging ports 12, 15 (address 4'1100).
Consolidating write ports of memory io_uncore_top.u_cq_engine.cq_tail by address:
  Merging ports 1, 2 (address 4'1001).
  Merging ports 1, 3 (address 4'1000).
Consolidating write ports of memory io_uncore_top.u_cq_engine.cq_tail by address:
Consolidating read ports of memory io_uncore_top.u_cq_engine.batch_count by address:
  Merging ports 1, 16 (address 4'0000).
  Merging ports 2, 3 (address 4'1111).
  Merging ports 2, 4 (address 4'1110).
  Merging ports 2, 5 (address 4'1100).
  Merging ports 2, 6 (address 4'1100).
  Merging ports 2, 7 (address 4'1000).
  Merging ports 2, 8 (address 4'1000).
  Merging ports 2, 9 (address 4'1000).
  Merging ports 2, 10 (address 4'1000).
  Merging ports 12, 13 (address 4'0101).
  Merging ports 14, 15 (address 4'0011).
Consolidating read ports of memory io_uncore_top.u_cq_engine.batch_count by address:
  Merging ports 1, 5 (address 4'0000).
  Merging ports 3, 4 (address 4'0110).
Consolidating read ports of memory io_uncore_top.u_cq_engine.batch_count by address:
  Merging ports 1, 3 (address 4'0000).
Consolidating read ports of memory io_uncore_top.u_cq_engine.batch_count by address:
Consolidating write ports of memory io_uncore_top.u_cq_engine.batch_count by address:
  Merging ports 0, 1 (address 4'0000).
  Merging ports 0, 2 (address 4'0000).
  Merging ports 0, 3 (address 4'0000).
  Merging ports 0, 4 (address 4'0000).
  Merging ports 0, 5 (address 4'0000).
  Merging ports 0, 6 (address 4'0000).
  Merging ports 0, 7 (address 4'0000).
  Merging ports 0, 8 (address 4'0000).
  Merging ports 10, 11 (address 4'1010).
  Merging ports 12, 13 (address 4'1100).
  Merging ports 12, 14 (address 4'1100).
  Merging ports 12, 15 (address 4'1100).
  Merging ports 16, 17 (address \u_cq_engine.cur_qid).
Consolidating write ports of memory io_uncore_top.u_cq_engine.batch_count by address:
  Merging ports 1, 2 (address 4'1001).
  Merging ports 1, 3 (address 4'1000).
Consolidating write ports of memory io_uncore_top.u_cq_engine.batch_count by address:
Consolidating write ports of memory io_uncore_top.u_db_coalescer.latest_tail by address:
  Merging ports 0, 1 (address 4'0000).
  Merging ports 0, 2 (address 4'0000).
  Merging ports 0, 3 (address 4'0000).
  Merging ports 0, 4 (address 4'0000).
  Merging ports 0, 5 (address 4'0000).
  Merging ports 0, 6 (address 4'0000).
  Merging ports 0, 7 (address 4'0000).
  Merging ports 0, 8 (address 4'0000).
  Merging ports 10, 11 (address 4'1010).
  Merging ports 12, 13 (address 4'1100).
  Merging ports 12, 14 (address 4'1100).
  Merging ports 12, 15 (address 4'1100).
Consolidating write ports of memory io_uncore_top.u_db_coalescer.latest_tail by address:
  Merging ports 1, 2 (address 4'1001).
  Merging ports 1, 3 (address 4'1000).
Consolidating write ports of memory io_uncore_top.u_db_coalescer.latest_tail by address:
Consolidating write ports of memory io_uncore_top.u_db_coalescer.latest_is_sq by address:
  Merging ports 0, 1 (address 4'0000).
  Merging ports 0, 2 (address 4'0000).
  Merging ports 0, 3 (address 4'0000).
  Merging ports 0, 4 (address 4'0000).
  Merging ports 0, 5 (address 4'0000).
  Merging ports 0, 6 (address 4'0000).
  Merging ports 0, 7 (address 4'0000).
  Merging ports 0, 8 (address 4'0000).
  Merging ports 10, 11 (address 4'1010).
  Merging ports 12, 13 (address 4'1100).
  Merging ports 12, 14 (address 4'1100).
  Merging ports 12, 15 (address 4'1100).
Consolidating write ports of memory io_uncore_top.u_db_coalescer.latest_is_sq by address:
  Merging ports 1, 2 (address 4'1001).
  Merging ports 1, 3 (address 4'1000).
Consolidating write ports of memory io_uncore_top.u_db_coalescer.latest_is_sq by address:
Consolidating read ports of memory io_uncore_top.u_db_coalescer.db_count by address:
Consolidating write ports of memory io_uncore_top.u_db_coalescer.db_count by address:
  Merging ports 0, 1 (address 4'0000).
  Merging ports 0, 2 (address 4'0000).
  Merging ports 0, 3 (address 4'0000).
  Merging ports 0, 4 (address 4'0000).
  Merging ports 0, 5 (address 4'0000).
  Merging ports 0, 6 (address 4'0000).
  Merging ports 0, 7 (address 4'0000).
  Merging ports 0, 8 (address 4'0000).
  Merging ports 10, 11 (address 4'1010).
  Merging ports 12, 13 (address 4'1100).
  Merging ports 12, 14 (address 4'1100).
  Merging ports 12, 15 (address 4'1100).
Consolidating write ports of memory io_uncore_top.u_db_coalescer.db_count by address:
  Merging ports 1, 2 (address 4'1001).
  Merging ports 1, 3 (address 4'1000).
Consolidating write ports of memory io_uncore_top.u_db_coalescer.db_count by address:
Consolidating write ports of memory io_uncore_top.u_sq_engine.latch_w1 using sat-based resource sharing:
Consolidating write ports of memory io_uncore_top.u_sq_engine.latch_w2 using sat-based resource sharing:
Consolidating write ports of memory io_uncore_top.u_sq_engine.latch_w0 using sat-based resource sharing:
Consolidating write ports of memory io_uncore_top.u_sq_engine.cid_counter using sat-based resource sharing:
Consolidating write ports of memory io_uncore_top.u_cq_engine.cq_tail using sat-based resource sharing:
Consolidating write ports of memory io_uncore_top.u_cq_engine.batch_count using sat-based resource sharing:
Consolidating write ports of memory io_uncore_top.u_db_coalescer.latest_tail using sat-based resource sharing:
Consolidating write ports of memory io_uncore_top.u_db_coalescer.latest_is_sq using sat-based resource sharing:
Consolidating write ports of memory io_uncore_top.u_db_coalescer.db_count using sat-based resource sharing:
  Checking group clocked with posedge \clk, width 3: ports 2, 3.
  Common input cone for all EN signals: 16 cells.
  Size of unconstrained SAT problem: 637 variables, 1674 clauses
  Merging port 3 into port 2.

22.16.8. Executing OPT_MEM_WIDEN pass (optimize memories where all ports are wide).
Performed a total of 0 transformations.

22.16.9. Executing OPT_CLEAN pass (remove unused cells and wires).
Finding unused cells or wires in module \io_uncore_top..
Removed 2 unused cells and 14 unused wires.

22.16.10. Executing MEMORY_COLLECT pass (generating $mem cells).

22.17. Executing OPT_CLEAN pass (remove unused cells and wires).
Finding unused cells or wires in module \io_uncore_top..

22.18. Executing OPT pass (performing simple optimizations).

22.18.1. Executing OPT_EXPR pass (perform const folding).
Optimizing module io_uncore_top.

22.18.2. Executing OPT_MERGE pass (detect identical cells).
Finding identical cells in module `\io_uncore_top'.
Computing hashes of 918 cells of `\io_uncore_top'.
Finding duplicate cells in `\io_uncore_top'.
Computing hashes of 872 cells of `\io_uncore_top'.
Finding duplicate cells in `\io_uncore_top'.
Removed a total of 46 cells.

22.18.3. Executing OPT_DFF pass (perform DFF optimizations).

22.18.4. Executing OPT_CLEAN pass (remove unused cells and wires).
Finding unused cells or wires in module \io_uncore_top..
Removed 26 unused cells and 246 unused wires.

22.18.5. Finished fast OPT passes.

22.19. Executing MEMORY_MAP pass (converting memories to logic and flip-flops).
Mapping memory \u_db_coalescer.db_count in module \io_uncore_top:
  created 16 $dff cells and 0 static cells of width 3.
Extracted addr FF from read port 0 of io_uncore_top.u_db_coalescer.db_count: $\u_db_coalescer.db_count$rdreg[0]
  read interface: 1 $dff and 30 $mux cells.
  write interface: 48 write mux blocks.
Mapping memory \u_cq_engine.cq_tail in module \io_uncore_top:
  created 16 $dff cells and 0 static cells of width 6.
  read interface: 0 $dff and 15 $mux cells.
  write interface: 48 write mux blocks.
Mapping memory \u_db_coalescer.latest_tail in module \io_uncore_top:
  created 16 $dff cells and 0 static cells of width 16.
Extracted data FF from read port 0 of io_uncore_top.u_db_coalescer.latest_tail: $\u_db_coalescer.latest_tail$rdreg[0]
  read interface: 1 $dff and 15 $mux cells.
  write interface: 48 write mux blocks.
Mapping memory \u_db_coalescer.latest_is_sq in module \io_uncore_top:
  created 16 $dff cells and 0 static cells of width 1.
Extracted data FF from read port 0 of io_uncore_top.u_db_coalescer.latest_is_sq: $\u_db_coalescer.latest_is_sq$rdreg[0]
  read interface: 1 $dff and 15 $mux cells.
  write interface: 48 write mux blocks.
Mapping memory \u_sq_engine.latch_w0 in module \io_uncore_top:
  created 16 $dff cells and 0 static cells of width 64.
Extracted data FF from read port 0 of io_uncore_top.u_sq_engine.latch_w0: $\u_sq_engine.latch_w0$rdreg[0]
  read interface: 1 $dff and 15 $mux cells.
  write interface: 48 write mux blocks.
Mapping memory \u_sq_engine.latch_w1 in module \io_uncore_top:
  created 16 $dff cells and 0 static cells of width 64.
Extracted data FF from read port 0 of io_uncore_top.u_sq_engine.latch_w1: $\u_sq_engine.latch_w1$rdreg[0]
  read interface: 1 $dff and 15 $mux cells.
  write interface: 48 write mux blocks.
Mapping memory \u_sq_engine.cid_counter in module \io_uncore_top:
  created 16 $dff cells and 0 static cells of width 6.
Extracted addr FF from read port 0 of io_uncore_top.u_sq_engine.cid_counter: $\u_sq_engine.cid_counter$rdreg[0]
  read interface: 1 $dff and 15 $mux cells.
  write interface: 48 write mux blocks.
Mapping memory \u_sq_engine.latch_w2 in module \io_uncore_top:
  created 16 $dff cells and 0 static cells of width 64.
Extracted data FF from read port 0 of io_uncore_top.u_sq_engine.latch_w2: $\u_sq_engine.latch_w2$rdreg[0]
  read interface: 1 $dff and 15 $mux cells.
  write interface: 48 write mux blocks.
Mapping memory \u_cq_engine.batch_count in module \io_uncore_top:
  created 16 $dff cells and 0 static cells of width 4.
Extracted addr FF from read port 0 of io_uncore_top.u_cq_engine.batch_count: $\u_cq_engine.batch_count$rdreg[0]
  read interface: 1 $dff and 16 $mux cells.
  write interface: 48 write mux blocks.

22.20. Executing OPT pass (performing simple optimizations).

22.20.1. Executing OPT_EXPR pass (perform const folding).
Optimizing module io_uncore_top.

22.20.2. Executing OPT_MERGE pass (detect identical cells).
Finding identical cells in module `\io_uncore_top'.
Computing hashes of 1916 cells of `\io_uncore_top'.
Finding duplicate cells in `\io_uncore_top'.
Computing hashes of 1808 cells of `\io_uncore_top'.
Finding duplicate cells in `\io_uncore_top'.
Computing hashes of 1759 cells of `\io_uncore_top'.
Finding duplicate cells in `\io_uncore_top'.
Removed a total of 157 cells.

22.20.3. Executing OPT_MUXTREE pass (detect dead branches in mux trees).
Running muxtree optimizer on module \io_uncore_top..
  Creating internal representation of mux trees.
  Evaluating internal representation of mux trees.
      Replacing known input bits on port B of cell $auto$memory_share.cc:454:consolidate_wr_using_sat$9460: $auto$rtlil.cc:3259:ReduceOr$9454 -> 1'1
  Analyzing evaluation results.
Removed 0 multiplexer ports.

22.20.4. Executing OPT_REDUCE pass (consolidate $*mux and $reduce_* inputs).
  Optimizing cells in module \io_uncore_top.
    Consolidated identical input bits for $mux cell $flatten\u_cq_engine.$procmux$5174:
      Old ports: A=4'0000, B=4'0001, Y=$flatten\u_cq_engine.$procmux$5174_Y
      New ports: A=1'0, B=1'1, Y=$flatten\u_cq_engine.$procmux$5174_Y [0]
      New connections: $flatten\u_cq_engine.$procmux$5174_Y [3:1] = 3'000
    New ctrl vector for $pmux cell $flatten\u_cq_engine.$procmux$4997: \u_cq_engine.state [4]
    Consolidated identical input bits for $mux cell $flatten\u_sq_engine.$procmux$6787:
      Old ports: A={ 4'0000 $auto$wreduce.cc:514:run$8443 [15:11] \u_sq_engine.cur_cid \u_sq_engine.prp_idx }, B={ 10'0000000000 \u_sq_engine.cur_qid \u_sq_engine.cur_cid }, Y=$flatten\u_sq_engine.$procmux$6787_Y
      New ports: A={ $auto$wreduce.cc:514:run$8443 [15:11] \u_sq_engine.cur_cid \u_sq_engine.prp_idx }, B={ 6'000000 \u_sq_engine.cur_qid \u_sq_engine.cur_cid }, Y=$flatten\u_sq_engine.$procmux$6787_Y [15:0]
      New connections: $flatten\u_sq_engine.$procmux$6787_Y [19:16] = 4'0000
    Consolidated identical input bits for $mux cell $flatten\u_sq_engine.$procmux$6780:
      Old ports: A={ 448'0000000000000000000000000000000000000000000000000000000000000000000000000000000000000000000000000000000000000000000000000000000000000000000000000000000000000000000000000000000000000000000000000000000000000000000000000000000000000000000000000000000000000000000000000000000000000000000000000000000000000000000000000000000000000000000000000000000000000000000000000000000000000000000000000000000000000000000000000000000000000000000000000000000000000000 $flatten\u_sq_engine.$add$src/sq_engine.v:236$1864_Y [63:12] \u_sq_engine.cur_buf_addr [11:0] }, B={ 112'0000000000000000000000000000000000000000000000000000000000000000000000000000000000000000000000000000000000000000 \u_sq_engine.cur_nlb \u_sq_engine.cur_lba \u_sq_engine.cur_prp2 \u_sq_engine.cur_prp1 144'000000000000000000000000000000000000000000000000000000000000000000000000000000000000000000000000000000000000000000000000000000000000000000000000 \u_sq_engine.cur_nsid 10'0000000000 \u_sq_engine.cur_cid \u_sq_engine.cur_flags \u_sq_engine.cur_opcode }, Y=$flatten\u_sq_engine.$procmux$6780_Y
      New ports: A={ 208'0000000000000000000000000000000000000000000000000000000000000000000000000000000000000000000000000000000000000000000000000000000000000000000000000000000000000000000000000000000000000000000000000000000000000000 $flatten\u_sq_engine.$add$src/sq_engine.v:236$1864_Y [63:12] \u_sq_engine.cur_buf_addr [11:0] }, B={ \u_sq_engine.cur_nlb \u_sq_engine.cur_lba \u_sq_engine.cur_prp2 \u_sq_engine.cur_prp1 16'0000000000000000 \u_sq_engine.cur_nsid 10'0000000000 \u_sq_engine.cur_cid \u_sq_engine.cur_flags \u_sq_engine.cur_opcode }, Y={ $flatten\u_sq_engine.$procmux$6780_Y [399:192] $flatten\u_sq_engine.$procmux$6780_Y [63:0] }
      New connections: { $flatten\u_sq_engine.$procmux$6780_Y [511:400] $flatten\u_sq_engine.$procmux$6780_Y [191:64] } = 240'000000000000000000000000000000000000000000000000000000000000000000000000000000000000000000000000000000000000000000000000000000000000000000000000000000000000000000000000000000000000000000000000000000000000000000000000000000000000000000000000
    Consolidated identical input bits for $mux cell $flatten\u_cq_engine.$procmux$5144:
      Old ports: A={ 10'0000000001 \cqe_qid $auto$alumacc.cc:528:replace_alu$9055 [5:0] }, B={ 10'0000000001 \u_cq_engine.cur_qid \u_cq_engine.flush_idx }, Y=$flatten\u_cq_engine.$procmux$5144_Y
      New ports: A={ \cqe_qid $auto$alumacc.cc:528:replace_alu$9055 [5:0] }, B={ \u_cq_engine.cur_qid \u_cq_engine.flush_idx }, Y=$flatten\u_cq_engine.$procmux$5144_Y [9:0]
      New connections: $flatten\u_cq_engine.$procmux$5144_Y [19:10] = 10'0000000001
    Consolidated identical input bits for $pmux cell $flatten\u_mmio_decoder.$procmux$6860:
      Old ports: A=64'0000000000000000000000000000000000000000000000000000000000000000, B={ \u_mmio_decoder.hint_ready 25'0000000000000000000000000 \u_credit_manager.credits 121'0000000000000000000000000000000000000000000000000000000000000010000000000000000000000000000000000000000000000000000000000 \u_credit_manager.credits }, Y=$flatten\u_mmio_decoder.$2\mmio_rd_data[63:0]
      New ports: A=39'000000000000000000000000000000000000000, B={ \u_mmio_decoder.hint_ready \u_credit_manager.credits 71'00000000000000000000000000000000000001000000000000000000000000000000000 \u_credit_manager.credits }, Y={ $flatten\u_mmio_decoder.$2\mmio_rd_data[63:0] [63:32] $flatten\u_mmio_decoder.$2\mmio_rd_data[63:0] [6:0] }
      New connections: $flatten\u_mmio_decoder.$2\mmio_rd_data[63:0] [31:7] = 25'0000000000000000000000000
  Optimizing cells in module \io_uncore_top.
    Consolidated identical input bits for $mux cell $flatten\u_cq_engine.$procmux$5176:
      Old ports: A=$flatten\u_cq_engine.$procmux$5174_Y, B=4'0010, Y=$flatten\u_cq_engine.$procmux$5176_Y
      New ports: A={ 1'0 $flatten\u_cq_engine.$procmux$5174_Y [0] }, B=2'10, Y=$flatten\u_cq_engine.$procmux$5176_Y [1:0]
      New connections: $flatten\u_cq_engine.$procmux$5176_Y [3:2] = 2'00
    Consolidated identical input bits for $mux cell $flatten\u_mmio_decoder.$procmux$6867:
      Old ports: A=64'0000000000000000000000000000000000000000000000000000000000000000, B=$flatten\u_mmio_decoder.$2\mmio_rd_data[63:0], Y=\mmio_rd_data
      New ports: A=39'000000000000000000000000000000000000000, B={ $flatten\u_mmio_decoder.$2\mmio_rd_data[63:0] [63:32] $flatten\u_mmio_decoder.$2\mmio_rd_data[63:0] [6:0] }, Y={ \mmio_rd_data [63:32] \mmio_rd_data [6:0] }
      New connections: \mmio_rd_data [31:7] = 25'0000000000000000000000000
  Optimizing cells in module \io_uncore_top.
    Consolidated identical input bits for $mux cell $flatten\u_cq_engine.$procmux$5178:
      Old ports: A=$flatten\u_cq_engine.$procmux$5176_Y, B=4'0011, Y=$flatten\u_cq_engine.$procmux$5178_Y
      New ports: A=$flatten\u_cq_engine.$procmux$5176_Y [1:0], B=2'11, Y=$flatten\u_cq_engine.$procmux$5178_Y [1:0]
      New connections: $flatten\u_cq_engine.$procmux$5178_Y [3:2] = 2'00
  Optimizing cells in module \io_uncore_top.
    Consolidated identical input bits for $mux cell $flatten\u_cq_engine.$procmux$5180:
      Old ports: A=$flatten\u_cq_engine.$procmux$5178_Y, B=4'0100, Y=$flatten\u_cq_engine.$procmux$5180_Y
      New ports: A={ 1'0 $flatten\u_cq_engine.$procmux$5178_Y [1:0] }, B=3'100, Y=$flatten\u_cq_engine.$procmux$5180_Y [2:0]
      New connections: $flatten\u_cq_engine.$procmux$5180_Y [3] = 1'0
  Optimizing cells in module \io_uncore_top.
    Consolidated identical input bits for $mux cell $flatten\u_cq_engine.$procmux$5182:
      Old ports: A=$flatten\u_cq_engine.$procmux$5180_Y, B=4'0101, Y=$flatten\u_cq_engine.$procmux$5182_Y
      New ports: A=$flatten\u_cq_engine.$procmux$5180_Y [2:0], B=3'101, Y=$flatten\u_cq_engine.$procmux$5182_Y [2:0]
      New connections: $flatten\u_cq_engine.$procmux$5182_Y [3] = 1'0
  Optimizing cells in module \io_uncore_top.
    Consolidated identical input bits for $mux cell $flatten\u_cq_engine.$procmux$5184:
      Old ports: A=$flatten\u_cq_engine.$procmux$5182_Y, B=4'0110, Y=$flatten\u_cq_engine.$procmux$5184_Y
      New ports: A=$flatten\u_cq_engine.$procmux$5182_Y [2:0], B=3'110, Y=$flatten\u_cq_engine.$procmux$5184_Y [2:0]
      New connections: $flatten\u_cq_engine.$procmux$5184_Y [3] = 1'0
  Optimizing cells in module \io_uncore_top.
    Consolidated identical input bits for $mux cell $flatten\u_cq_engine.$procmux$5186:
      Old ports: A=$flatten\u_cq_engine.$procmux$5184_Y, B=4'0111, Y=$flatten\u_cq_engine.$procmux$5186_Y
      New ports: A=$flatten\u_cq_engine.$procmux$5184_Y [2:0], B=3'111, Y=$flatten\u_cq_engine.$procmux$5186_Y [2:0]
      New connections: $flatten\u_cq_engine.$procmux$5186_Y [3] = 1'0
  Optimizing cells in module \io_uncore_top.
Performed a total of 13 changes.

22.20.5. Executing OPT_MERGE pass (detect identical cells).
Finding identical cells in module `\io_uncore_top'.
Computing hashes of 1759 cells of `\io_uncore_top'.
Finding duplicate cells in `\io_uncore_top'.
Removed a total of 0 cells.

22.20.6. Executing OPT_SHARE pass.
    Found cells that share an operand and can be merged by moving the $mux $flatten\u_credit_manager.$procmux$2953 in front of them:
        $auto$alumacc.cc:512:replace_alu$9096
        $auto$alumacc.cc:512:replace_alu$9093

22.20.7. Executing OPT_DFF pass (perform DFF optimizations).
Adding SRST signal on $\u_db_coalescer.db_count$rdreg[0] ($dff) from module io_uncore_top (D = $auto$rtlil.cc:3390:Mux$9431, Q = $\u_db_coalescer.db_count$rdreg[0]$q, rval = 4'0000).
Adding SRST signal on $\u_sq_engine.cid_counter$rdreg[0] ($dff) from module io_uncore_top (D = $auto$rtlil.cc:3390:Mux$9404, Q = $\u_sq_engine.cid_counter$rdreg[0]$q, rval = 4'0000).
Adding SRST signal on $\u_cq_engine.batch_count$rdreg[0] ($dff) from module io_uncore_top (D = $auto$rtlil.cc:3390:Mux$9410, Q = $\u_cq_engine.batch_count$rdreg[0]$q, rval = 4'0000).

22.20.8. Executing OPT_CLEAN pass (remove unused cells and wires).
Finding unused cells or wires in module \io_uncore_top..
Removed 72 unused cells and 1177 unused wires.

22.20.9. Executing OPT_EXPR pass (perform const folding).
Optimizing module io_uncore_top.

22.20.10. Rerunning OPT passes. (Maybe there is more to do..)

22.20.11. Executing OPT_MUXTREE pass (detect dead branches in mux trees).
Running muxtree optimizer on module \io_uncore_top..
  Creating internal representation of mux trees.
  Evaluating internal representation of mux trees.
  Analyzing evaluation results.
Removed 0 multiplexer ports.

22.20.12. Executing OPT_REDUCE pass (consolidate $*mux and $reduce_* inputs).
  Optimizing cells in module \io_uncore_top.
    Consolidated identical input bits for $mux cell $auto$opt_share.cc:244:merge_operators$12826:
      Old ports: A=7'1111111, B=7'0000001, Y=$auto$rtlil.cc:3390:Mux$12827
      New ports: A=1'1, B=1'0, Y=$auto$rtlil.cc:3390:Mux$12827 [1]
      New connections: { $auto$rtlil.cc:3390:Mux$12827 [6:2] $auto$rtlil.cc:3390:Mux$12827 [0] } = { $auto$rtlil.cc:3390:Mux$12827 [1] $auto$rtlil.cc:3390:Mux$12827 [1] $auto$rtlil.cc:3390:Mux$12827 [1] $auto$rtlil.cc:3390:Mux$12827 [1] $auto$rtlil.cc:3390:Mux$12827 [1] 1'1 }
  Optimizing cells in module \io_uncore_top.
Performed a total of 1 changes.

22.20.13. Executing OPT_MERGE pass (detect identical cells).
Finding identical cells in module `\io_uncore_top'.
Computing hashes of 1685 cells of `\io_uncore_top'.
Finding duplicate cells in `\io_uncore_top'.
Removed a total of 0 cells.

22.20.14. Executing OPT_SHARE pass.

22.20.15. Executing OPT_DFF pass (perform DFF optimizations).
Adding EN signal on $memory\u_cq_engine.batch_count[0]$12551 ($dff) from module io_uncore_top (D = $memory\u_cq_engine.batch_count$wrmux[0][2][0]$y$12642, Q = \u_cq_engine.batch_count[0]).
Adding EN signal on $memory\u_db_coalescer.db_count[0]$9657 ($dff) from module io_uncore_top (D = $memory\u_db_coalescer.db_count$wrmux[0][2][0]$y$9808, Q = \u_db_coalescer.db_count[0]).
Adding EN signal on $memory\u_db_coalescer.db_count[1]$9659 ($dff) from module io_uncore_top (D = $memory\u_db_coalescer.db_count$wrmux[1][2][0]$y$9826, Q = \u_db_coalescer.db_count[1]).
Adding EN signal on $memory\u_db_coalescer.db_count[2]$9661 ($dff) from module io_uncore_top (D = $memory\u_db_coalescer.db_count$wrmux[2][2][0]$y$9844, Q = \u_db_coalescer.db_count[2]).
Adding EN signal on $memory\u_db_coalescer.db_count[3]$9663 ($dff) from module io_uncore_top (D = $memory\u_db_coalescer.db_count$wrmux[3][2][0]$y$9860, Q = \u_db_coalescer.db_count[3]).
Adding EN signal on $memory\u_db_coalescer.db_count[4]$9665 ($dff) from module io_uncore_top (D = $memory\u_db_coalescer.db_count$wrmux[4][2][0]$y$9878, Q = \u_db_coalescer.db_count[4]).
Adding EN signal on $memory\u_db_coalescer.db_count[5]$9667 ($dff) from module io_uncore_top (D = $memory\u_db_coalescer.db_count$wrmux[5][2][0]$y$9892, Q = \u_db_coalescer.db_count[5]).
Adding EN signal on $memory\u_db_coalescer.db_count[6]$9669 ($dff) from module io_uncore_top (D = $memory\u_db_coalescer.db_count$wrmux[6][2][0]$y$9906, Q = \u_db_coalescer.db_count[6]).
Adding EN signal on $memory\u_db_coalescer.db_count[7]$9671 ($dff) from module io_uncore_top (D = $memory\u_db_coalescer.db_count$wrmux[7][2][0]$y$9920, Q = \u_db_coalescer.db_count[7]).
Adding EN signal on $memory\u_db_coalescer.db_count[8]$9673 ($dff) from module io_uncore_top (D = $memory\u_db_coalescer.db_count$wrmux[8][2][0]$y$9940, Q = \u_db_coalescer.db_count[8]).
Adding EN signal on $memory\u_db_coalescer.db_count[9]$9675 ($dff) from module io_uncore_top (D = $memory\u_db_coalescer.db_count$wrmux[9][2][0]$y$9954, Q = \u_db_coalescer.db_count[9]).
Adding EN signal on $memory\u_db_coalescer.db_count[10]$9677 ($dff) from module io_uncore_top (D = $memory\u_db_coalescer.db_count$wrmux[10][2][0]$y$9968, Q = \u_db_coalescer.db_count[10]).
Adding EN signal on $memory\u_db_coalescer.db_count[11]$9679 ($dff) from module io_uncore_top (D = $memory\u_db_coalescer.db_count$wrmux[11][2][0]$y$9982, Q = \u_db_coalescer.db_count[11]).
Adding EN signal on $memory\u_db_coalescer.db_count[12]$9681 ($dff) from module io_uncore_top (D = $memory\u_db_coalescer.db_count$wrmux[12][2][0]$y$9998, Q = \u_db_coalescer.db_count[12]).
Adding EN signal on $memory\u_db_coalescer.db_count[13]$9683 ($dff) from module io_uncore_top (D = $memory\u_db_coalescer.db_count$wrmux[13][2][0]$y$10012, Q = \u_db_coalescer.db_count[13]).
Adding EN signal on $memory\u_db_coalescer.db_count[14]$9685 ($dff) from module io_uncore_top (D = $memory\u_db_coalescer.db_count$wrmux[14][2][0]$y$10026, Q = \u_db_coalescer.db_count[14]).
Adding EN signal on $memory\u_db_coalescer.db_count[15]$9687 ($dff) from module io_uncore_top (D = $memory\u_db_coalescer.db_count$wrmux[15][2][0]$y$10040, Q = \u_db_coalescer.db_count[15]).
Adding EN signal on $memory\u_sq_engine.latch_w2[2]$12213 ($dff) from module io_uncore_top (D = $memory\u_sq_engine.latch_w2$wrmux[2][2][0]$y$12394, Q = \u_sq_engine.latch_w2[2]).
Adding EN signal on $memory\u_sq_engine.latch_w2[3]$12215 ($dff) from module io_uncore_top (D = $memory\u_sq_engine.latch_w2$wrmux[3][2][0]$y$12406, Q = \u_sq_engine.latch_w2[3]).
Adding EN signal on $memory\u_sq_engine.latch_w2[1]$12211 ($dff) from module io_uncore_top (D = $memory\u_sq_engine.latch_w2$wrmux[1][2][0]$y$12382, Q = \u_sq_engine.latch_w2[1]).
Adding EN signal on $memory\u_sq_engine.latch_w2[6]$12221 ($dff) from module io_uncore_top (D = $memory\u_sq_engine.latch_w2$wrmux[6][2][0]$y$12442, Q = \u_sq_engine.latch_w2[6]).
Adding EN signal on $memory\u_sq_engine.latch_w2[4]$12217 ($dff) from module io_uncore_top (D = $memory\u_sq_engine.latch_w2$wrmux[4][2][0]$y$12418, Q = \u_sq_engine.latch_w2[4]).
Adding EN signal on $memory\u_sq_engine.latch_w2[9]$12227 ($dff) from module io_uncore_top (D = $memory\u_sq_engine.latch_w2$wrmux[9][2][0]$y$12478, Q = \u_sq_engine.latch_w2[9]).
Adding EN signal on $memory\u_cq_engine.cq_tail[0]$10041 ($dff) from module io_uncore_top (D = $memory\u_cq_engine.cq_tail$wrmux[0][2][0]$y$10143, Q = \u_cq_engine.cq_tail[0]).
Adding EN signal on $memory\u_cq_engine.cq_tail[1]$10043 ($dff) from module io_uncore_top (D = $memory\u_cq_engine.cq_tail$wrmux[1][2][0]$y$10161, Q = \u_cq_engine.cq_tail[1]).
Adding EN signal on $memory\u_cq_engine.cq_tail[2]$10045 ($dff) from module io_uncore_top (D = $memory\u_cq_engine.cq_tail$wrmux[2][2][0]$y$10179, Q = \u_cq_engine.cq_tail[2]).
Adding EN signal on $memory\u_cq_engine.cq_tail[3]$10047 ($dff) from module io_uncore_top (D = $memory\u_cq_engine.cq_tail$wrmux[3][2][0]$y$10195, Q = \u_cq_engine.cq_tail[3]).
Adding EN signal on $memory\u_cq_engine.cq_tail[4]$10049 ($dff) from module io_uncore_top (D = $memory\u_cq_engine.cq_tail$wrmux[4][2][0]$y$10213, Q = \u_cq_engine.cq_tail[4]).
Adding EN signal on $memory\u_cq_engine.cq_tail[5]$10051 ($dff) from module io_uncore_top (D = $memory\u_cq_engine.cq_tail$wrmux[5][2][0]$y$10227, Q = \u_cq_engine.cq_tail[5]).
Adding EN signal on $memory\u_cq_engine.cq_tail[6]$10053 ($dff) from module io_uncore_top (D = $memory\u_cq_engine.cq_tail$wrmux[6][2][0]$y$10241, Q = \u_cq_engine.cq_tail[6]).
Adding EN signal on $memory\u_cq_engine.cq_tail[7]$10055 ($dff) from module io_uncore_top (D = $memory\u_cq_engine.cq_tail$wrmux[7][2][0]$y$10255, Q = \u_cq_engine.cq_tail[7]).
Adding EN signal on $memory\u_cq_engine.cq_tail[8]$10057 ($dff) from module io_uncore_top (D = $memory\u_cq_engine.cq_tail$wrmux[8][2][0]$y$10273, Q = \u_cq_engine.cq_tail[8]).
Adding EN signal on $memory\u_cq_engine.cq_tail[9]$10059 ($dff) from module io_uncore_top (D = $memory\u_cq_engine.cq_tail$wrmux[9][2][0]$y$10287, Q = \u_cq_engine.cq_tail[9]).
Adding EN signal on $memory\u_cq_engine.cq_tail[10]$10061 ($dff) from module io_uncore_top (D = $memory\u_cq_engine.cq_tail$wrmux[10][2][0]$y$10301, Q = \u_cq_engine.cq_tail[10]).
Adding EN signal on $memory\u_cq_engine.cq_tail[11]$10063 ($dff) from module io_uncore_top (D = $memory\u_cq_engine.cq_tail$wrmux[11][2][0]$y$10315, Q = \u_cq_engine.cq_tail[11]).
Adding EN signal on $memory\u_cq_engine.cq_tail[12]$10065 ($dff) from module io_uncore_top (D = $memory\u_cq_engine.cq_tail$wrmux[12][2][0]$y$10331, Q = \u_cq_engine.cq_tail[12]).
Adding EN signal on $memory\u_cq_engine.cq_tail[13]$10067 ($dff) from module io_uncore_top (D = $memory\u_cq_engine.cq_tail$wrmux[13][2][0]$y$10345, Q = \u_cq_engine.cq_tail[13]).
Adding EN signal on $memory\u_cq_engine.cq_tail[14]$10069 ($dff) from module io_uncore_top (D = $memory\u_cq_engine.cq_tail$wrmux[14][2][0]$y$10359, Q = \u_cq_engine.cq_tail[14]).
Adding EN signal on $memory\u_cq_engine.cq_tail[15]$10071 ($dff) from module io_uncore_top (D = $memory\u_cq_engine.cq_tail$wrmux[15][2][0]$y$10373, Q = \u_cq_engine.cq_tail[15]).
Adding EN signal on $memory\u_sq_engine.cid_counter[15]$11970 ($dff) from module io_uncore_top (D = $memory\u_sq_engine.cid_counter$wrmux[15][2][0]$y$12208, Q = \u_sq_engine.cid_counter[15]).
Adding EN signal on $memory\u_sq_engine.cid_counter[14]$11968 ($dff) from module io_uncore_top (D = $memory\u_sq_engine.cid_counter$wrmux[14][2][0]$y$12196, Q = \u_sq_engine.cid_counter[14]).
Adding EN signal on $memory\u_sq_engine.latch_w2[0]$12209 ($dff) from module io_uncore_top (D = $memory\u_sq_engine.latch_w2$wrmux[0][2][0]$y$12370, Q = \u_sq_engine.latch_w2[0]).
Adding EN signal on $memory\u_db_coalescer.latest_tail[0]$10374 ($dff) from module io_uncore_top (D = $memory\u_db_coalescer.latest_tail$wrmux[0][2][0]$y$10551, Q = \u_db_coalescer.latest_tail[0]).
Adding EN signal on $memory\u_db_coalescer.latest_tail[1]$10376 ($dff) from module io_uncore_top (D = $memory\u_db_coalescer.latest_tail$wrmux[1][2][0]$y$10569, Q = \u_db_coalescer.latest_tail[1]).
Adding EN signal on $memory\u_db_coalescer.latest_tail[2]$10378 ($dff) from module io_uncore_top (D = $memory\u_db_coalescer.latest_tail$wrmux[2][2][0]$y$10587, Q = \u_db_coalescer.latest_tail[2]).
Adding EN signal on $memory\u_db_coalescer.latest_tail[3]$10380 ($dff) from module io_uncore_top (D = $memory\u_db_coalescer.latest_tail$wrmux[3][2][0]$y$10603, Q = \u_db_coalescer.latest_tail[3]).
Adding EN signal on $memory\u_db_coalescer.latest_tail[4]$10382 ($dff) from module io_uncore_top (D = $memory\u_db_coalescer.latest_tail$wrmux[4][2][0]$y$10621, Q = \u_db_coalescer.latest_tail[4]).
Adding EN signal on $memory\u_db_coalescer.latest_tail[5]$10384 ($dff) from module io_uncore_top (D = $memory\u_db_coalescer.latest_tail$wrmux[5][2][0]$y$10635, Q = \u_db_coalescer.latest_tail[5]).
Adding EN signal on $memory\u_db_coalescer.latest_tail[6]$10386 ($dff) from module io_uncore_top (D = $memory\u_db_coalescer.latest_tail$wrmux[6][2][0]$y$10649, Q = \u_db_coalescer.latest_tail[6]).
Adding EN signal on $memory\u_db_coalescer.latest_tail[7]$10388 ($dff) from module io_uncore_top (D = $memory\u_db_coalescer.latest_tail$wrmux[7][2][0]$y$10663, Q = \u_db_coalescer.latest_tail[7]).
Adding EN signal on $memory\u_db_coalescer.latest_tail[8]$10390 ($dff) from module io_uncore_top (D = $memory\u_db_coalescer.latest_tail$wrmux[8][2][0]$y$10681, Q = \u_db_coalescer.latest_tail[8]).
Adding EN signal on $memory\u_db_coalescer.latest_tail[9]$10392 ($dff) from module io_uncore_top (D = $memory\u_db_coalescer.latest_tail$wrmux[9][2][0]$y$10695, Q = \u_db_coalescer.latest_tail[9]).
Adding EN signal on $memory\u_db_coalescer.latest_tail[10]$10394 ($dff) from module io_uncore_top (D = $memory\u_db_coalescer.latest_tail$wrmux[10][2][0]$y$10709, Q = \u_db_coalescer.latest_tail[10]).
Adding EN signal on $memory\u_db_coalescer.latest_tail[11]$10396 ($dff) from module io_uncore_top (D = $memory\u_db_coalescer.latest_tail$wrmux[11][2][0]$y$10723, Q = \u_db_coalescer.latest_tail[11]).
Adding EN signal on $memory\u_db_coalescer.latest_tail[12]$10398 ($dff) from module io_uncore_top (D = $memory\u_db_coalescer.latest_tail$wrmux[12][2][0]$y$10739, Q = \u_db_coalescer.latest_tail[12]).
Adding EN signal on $memory\u_db_coalescer.latest_tail[13]$10400 ($dff) from module io_uncore_top (D = $memory\u_db_coalescer.latest_tail$wrmux[13][2][0]$y$10753, Q = \u_db_coalescer.latest_tail[13]).
Adding EN signal on $memory\u_db_coalescer.latest_tail[14]$10402 ($dff) from module io_uncore_top (D = $memory\u_db_coalescer.latest_tail$wrmux[14][2][0]$y$10767, Q = \u_db_coalescer.latest_tail[14]).
Adding EN signal on $memory\u_db_coalescer.latest_tail[15]$10404 ($dff) from module io_uncore_top (D = $memory\u_db_coalescer.latest_tail$wrmux[15][2][0]$y$10781, Q = \u_db_coalescer.latest_tail[15]).
Adding EN signal on $memory\u_sq_engine.latch_w2[8]$12225 ($dff) from module io_uncore_top (D = $memory\u_sq_engine.latch_w2$wrmux[8][2][0]$y$12466, Q = \u_sq_engine.latch_w2[8]).
Adding EN signal on $memory\u_sq_engine.latch_w2[7]$12223 ($dff) from module io_uncore_top (D = $memory\u_sq_engine.latch_w2$wrmux[7][2][0]$y$12454, Q = \u_sq_engine.latch_w2[7]).
Adding EN signal on $memory\u_sq_engine.latch_w1[0]$11534 ($dff) from module io_uncore_top (D = $memory\u_sq_engine.latch_w1$wrmux[0][2][0]$y$11709, Q = \u_sq_engine.latch_w1[0]).
Adding EN signal on $memory\u_sq_engine.latch_w1[1]$11536 ($dff) from module io_uncore_top (D = $memory\u_sq_engine.latch_w1$wrmux[1][2][0]$y$11727, Q = \u_sq_engine.latch_w1[1]).
Adding EN signal on $memory\u_sq_engine.cid_counter[0]$11940 ($dff) from module io_uncore_top (D = $memory\u_sq_engine.cid_counter$wrmux[0][2][0]$y$12028, Q = \u_sq_engine.cid_counter[0]).
Adding EN signal on $memory\u_sq_engine.cid_counter[1]$11942 ($dff) from module io_uncore_top (D = $memory\u_sq_engine.cid_counter$wrmux[1][2][0]$y$12040, Q = \u_sq_engine.cid_counter[1]).
Adding EN signal on $memory\u_sq_engine.latch_w1[2]$11538 ($dff) from module io_uncore_top (D = $memory\u_sq_engine.latch_w1$wrmux[2][2][0]$y$11745, Q = \u_sq_engine.latch_w1[2]).
Adding EN signal on $memory\u_sq_engine.cid_counter[3]$11946 ($dff) from module io_uncore_top (D = $memory\u_sq_engine.cid_counter$wrmux[3][2][0]$y$12064, Q = \u_sq_engine.cid_counter[3]).
Adding EN signal on $memory\u_sq_engine.cid_counter[4]$11948 ($dff) from module io_uncore_top (D = $memory\u_sq_engine.cid_counter$wrmux[4][2][0]$y$12076, Q = \u_sq_engine.cid_counter[4]).
Adding EN signal on $memory\u_sq_engine.cid_counter[2]$11944 ($dff) from module io_uncore_top (D = $memory\u_sq_engine.cid_counter$wrmux[2][2][0]$y$12052, Q = \u_sq_engine.cid_counter[2]).
Adding EN signal on $memory\u_sq_engine.latch_w1[3]$11540 ($dff) from module io_uncore_top (D = $memory\u_sq_engine.latch_w1$wrmux[3][2][0]$y$11761, Q = \u_sq_engine.latch_w1[3]).
Adding EN signal on $memory\u_sq_engine.cid_counter[6]$11952 ($dff) from module io_uncore_top (D = $memory\u_sq_engine.cid_counter$wrmux[6][2][0]$y$12100, Q = \u_sq_engine.cid_counter[6]).
Adding EN signal on $memory\u_sq_engine.cid_counter[7]$11954 ($dff) from module io_uncore_top (D = $memory\u_sq_engine.cid_counter$wrmux[7][2][0]$y$12112, Q = \u_sq_engine.cid_counter[7]).
Adding EN signal on $memory\u_sq_engine.cid_counter[5]$11950 ($dff) from module io_uncore_top (D = $memory\u_sq_engine.cid_counter$wrmux[5][2][0]$y$12088, Q = \u_sq_engine.cid_counter[5]).
Adding EN signal on $memory\u_sq_engine.latch_w1[4]$11542 ($dff) from module io_uncore_top (D = $memory\u_sq_engine.latch_w1$wrmux[4][2][0]$y$11779, Q = \u_sq_engine.latch_w1[4]).
Adding EN signal on $memory\u_sq_engine.cid_counter[9]$11958 ($dff) from module io_uncore_top (D = $memory\u_sq_engine.cid_counter$wrmux[9][2][0]$y$12136, Q = \u_sq_engine.cid_counter[9]).
Adding EN signal on $memory\u_sq_engine.cid_counter[10]$11960 ($dff) from module io_uncore_top (D = $memory\u_sq_engine.cid_counter$wrmux[10][2][0]$y$12148, Q = \u_sq_engine.cid_counter[10]).
Adding EN signal on $memory\u_sq_engine.cid_counter[8]$11956 ($dff) from module io_uncore_top (D = $memory\u_sq_engine.cid_counter$wrmux[8][2][0]$y$12124, Q = \u_sq_engine.cid_counter[8]).
Adding EN signal on $memory\u_sq_engine.latch_w1[5]$11544 ($dff) from module io_uncore_top (D = $memory\u_sq_engine.latch_w1$wrmux[5][2][0]$y$11793, Q = \u_sq_engine.latch_w1[5]).
Adding EN signal on $memory\u_sq_engine.cid_counter[12]$11964 ($dff) from module io_uncore_top (D = $memory\u_sq_engine.cid_counter$wrmux[12][2][0]$y$12172, Q = \u_sq_engine.cid_counter[12]).
Adding EN signal on $memory\u_sq_engine.cid_counter[13]$11966 ($dff) from module io_uncore_top (D = $memory\u_sq_engine.cid_counter$wrmux[13][2][0]$y$12184, Q = \u_sq_engine.cid_counter[13]).
Adding EN signal on $memory\u_sq_engine.cid_counter[11]$11962 ($dff) from module io_uncore_top (D = $memory\u_sq_engine.cid_counter$wrmux[11][2][0]$y$12160, Q = \u_sq_engine.cid_counter[11]).
Adding EN signal on $memory\u_sq_engine.latch_w1[6]$11546 ($dff) from module io_uncore_top (D = $memory\u_sq_engine.latch_w1$wrmux[6][2][0]$y$11807, Q = \u_sq_engine.latch_w1[6]).
Adding EN signal on $memory\u_sq_engine.latch_w1[7]$11548 ($dff) from module io_uncore_top (D = $memory\u_sq_engine.latch_w1$wrmux[7][2][0]$y$11821, Q = \u_sq_engine.latch_w1[7]).
Adding EN signal on $memory\u_sq_engine.latch_w1[8]$11550 ($dff) from module io_uncore_top (D = $memory\u_sq_engine.latch_w1$wrmux[8][2][0]$y$11839, Q = \u_sq_engine.latch_w1[8]).
Adding EN signal on $memory\u_sq_engine.latch_w1[9]$11552 ($dff) from module io_uncore_top (D = $memory\u_sq_engine.latch_w1$wrmux[9][2][0]$y$11853, Q = \u_sq_engine.latch_w1[9]).
Adding EN signal on $memory\u_sq_engine.latch_w1[10]$11554 ($dff) from module io_uncore_top (D = $memory\u_sq_engine.latch_w1$wrmux[10][2][0]$y$11867, Q = \u_sq_engine.latch_w1[10]).
Adding EN signal on $memory\u_sq_engine.latch_w1[11]$11556 ($dff) from module io_uncore_top (D = $memory\u_sq_engine.latch_w1$wrmux[11][2][0]$y$11881, Q = \u_sq_engine.latch_w1[11]).
Adding EN signal on $memory\u_sq_engine.latch_w1[12]$11558 ($dff) from module io_uncore_top (D = $memory\u_sq_engine.latch_w1$wrmux[12][2][0]$y$11897, Q = \u_sq_engine.latch_w1[12]).
Adding EN signal on $memory\u_sq_engine.latch_w1[13]$11560 ($dff) from module io_uncore_top (D = $memory\u_sq_engine.latch_w1$wrmux[13][2][0]$y$11911, Q = \u_sq_engine.latch_w1[13]).
Adding EN signal on $memory\u_sq_engine.latch_w1[14]$11562 ($dff) from module io_uncore_top (D = $memory\u_sq_engine.latch_w1$wrmux[14][2][0]$y$11925, Q = \u_sq_engine.latch_w1[14]).
Adding EN signal on $memory\u_sq_engine.latch_w1[15]$11564 ($dff) from module io_uncore_top (D = $memory\u_sq_engine.latch_w1$wrmux[15][2][0]$y$11939, Q = \u_sq_engine.latch_w1[15]).
Adding EN signal on $memory\u_sq_engine.latch_w2[15]$12239 ($dff) from module io_uncore_top (D = $memory\u_sq_engine.latch_w2$wrmux[15][2][0]$y$12550, Q = \u_sq_engine.latch_w2[15]).
Adding EN signal on $memory\u_sq_engine.latch_w2[14]$12237 ($dff) from module io_uncore_top (D = $memory\u_sq_engine.latch_w2$wrmux[14][2][0]$y$12538, Q = \u_sq_engine.latch_w2[14]).
Adding EN signal on $memory\u_sq_engine.latch_w2[13]$12235 ($dff) from module io_uncore_top (D = $memory\u_sq_engine.latch_w2$wrmux[13][2][0]$y$12526, Q = \u_sq_engine.latch_w2[13]).
Adding EN signal on $memory\u_sq_engine.latch_w2[12]$12233 ($dff) from module io_uncore_top (D = $memory\u_sq_engine.latch_w2$wrmux[12][2][0]$y$12514, Q = \u_sq_engine.latch_w2[12]).
Adding EN signal on $memory\u_sq_engine.latch_w2[11]$12231 ($dff) from module io_uncore_top (D = $memory\u_sq_engine.latch_w2$wrmux[11][2][0]$y$12502, Q = \u_sq_engine.latch_w2[11]).
Adding EN signal on $memory\u_sq_engine.latch_w2[10]$12229 ($dff) from module io_uncore_top (D = $memory\u_sq_engine.latch_w2$wrmux[10][2][0]$y$12490, Q = \u_sq_engine.latch_w2[10]).
Adding EN signal on $memory\u_sq_engine.latch_w2[5]$12219 ($dff) from module io_uncore_top (D = $memory\u_sq_engine.latch_w2$wrmux[5][2][0]$y$12430, Q = \u_sq_engine.latch_w2[5]).
Adding EN signal on $memory\u_sq_engine.latch_w0[0]$11126 ($dff) from module io_uncore_top (D = $memory\u_sq_engine.latch_w0$wrmux[0][2][0]$y$11303, Q = \u_sq_engine.latch_w0[0]).
Adding EN signal on $memory\u_sq_engine.latch_w0[1]$11128 ($dff) from module io_uncore_top (D = $memory\u_sq_engine.latch_w0$wrmux[1][2][0]$y$11321, Q = \u_sq_engine.latch_w0[1]).
Adding EN signal on $memory\u_sq_engine.latch_w0[2]$11130 ($dff) from module io_uncore_top (D = $memory\u_sq_engine.latch_w0$wrmux[2][2][0]$y$11339, Q = \u_sq_engine.latch_w0[2]).
Adding EN signal on $memory\u_sq_engine.latch_w0[3]$11132 ($dff) from module io_uncore_top (D = $memory\u_sq_engine.latch_w0$wrmux[3][2][0]$y$11355, Q = \u_sq_engine.latch_w0[3]).
Adding EN signal on $memory\u_sq_engine.latch_w0[4]$11134 ($dff) from module io_uncore_top (D = $memory\u_sq_engine.latch_w0$wrmux[4][2][0]$y$11373, Q = \u_sq_engine.latch_w0[4]).
Adding EN signal on $memory\u_sq_engine.latch_w0[5]$11136 ($dff) from module io_uncore_top (D = $memory\u_sq_engine.latch_w0$wrmux[5][2][0]$y$11387, Q = \u_sq_engine.latch_w0[5]).
Adding EN signal on $memory\u_sq_engine.latch_w0[6]$11138 ($dff) from module io_uncore_top (D = $memory\u_sq_engine.latch_w0$wrmux[6][2][0]$y$11401, Q = \u_sq_engine.latch_w0[6]).
Adding EN signal on $memory\u_sq_engine.latch_w0[7]$11140 ($dff) from module io_uncore_top (D = $memory\u_sq_engine.latch_w0$wrmux[7][2][0]$y$11415, Q = \u_sq_engine.latch_w0[7]).
Adding EN signal on $memory\u_sq_engine.latch_w0[8]$11142 ($dff) from module io_uncore_top (D = $memory\u_sq_engine.latch_w0$wrmux[8][2][0]$y$11433, Q = \u_sq_engine.latch_w0[8]).
Adding EN signal on $memory\u_sq_engine.latch_w0[9]$11144 ($dff) from module io_uncore_top (D = $memory\u_sq_engine.latch_w0$wrmux[9][2][0]$y$11447, Q = \u_sq_engine.latch_w0[9]).
Adding EN signal on $memory\u_sq_engine.latch_w0[10]$11146 ($dff) from module io_uncore_top (D = $memory\u_sq_engine.latch_w0$wrmux[10][2][0]$y$11461, Q = \u_sq_engine.latch_w0[10]).
Adding EN signal on $memory\u_sq_engine.latch_w0[11]$11148 ($dff) from module io_uncore_top (D = $memory\u_sq_engine.latch_w0$wrmux[11][2][0]$y$11475, Q = \u_sq_engine.latch_w0[11]).
Adding EN signal on $memory\u_sq_engine.latch_w0[12]$11150 ($dff) from module io_uncore_top (D = $memory\u_sq_engine.latch_w0$wrmux[12][2][0]$y$11491, Q = \u_sq_engine.latch_w0[12]).
Adding EN signal on $memory\u_sq_engine.latch_w0[13]$11152 ($dff) from module io_uncore_top (D = $memory\u_sq_engine.latch_w0$wrmux[13][2][0]$y$11505, Q = \u_sq_engine.latch_w0[13]).
Adding EN signal on $memory\u_sq_engine.latch_w0[14]$11154 ($dff) from module io_uncore_top (D = $memory\u_sq_engine.latch_w0$wrmux[14][2][0]$y$11519, Q = \u_sq_engine.latch_w0[14]).
Adding EN signal on $memory\u_sq_engine.latch_w0[15]$11156 ($dff) from module io_uncore_top (D = $memory\u_sq_engine.latch_w0$wrmux[15][2][0]$y$11533, Q = \u_sq_engine.latch_w0[15]).
Adding EN signal on $memory\u_cq_engine.batch_count[15]$12581 ($dff) from module io_uncore_top (D = $memory\u_cq_engine.batch_count$wrmux[15][2][0]$y$12822, Q = \u_cq_engine.batch_count[15]).
Adding EN signal on $memory\u_cq_engine.batch_count[14]$12579 ($dff) from module io_uncore_top (D = $memory\u_cq_engine.batch_count$wrmux[14][2][0]$y$12810, Q = \u_cq_engine.batch_count[14]).
Adding EN signal on $memory\u_cq_engine.batch_count[13]$12577 ($dff) from module io_uncore_top (D = $memory\u_cq_engine.batch_count$wrmux[13][2][0]$y$12798, Q = \u_cq_engine.batch_count[13]).
Adding EN signal on $memory\u_cq_engine.batch_count[12]$12575 ($dff) from module io_uncore_top (D = $memory\u_cq_engine.batch_count$wrmux[12][2][0]$y$12786, Q = \u_cq_engine.batch_count[12]).
Adding EN signal on $memory\u_cq_engine.batch_count[11]$12573 ($dff) from module io_uncore_top (D = $memory\u_cq_engine.batch_count$wrmux[11][2][0]$y$12774, Q = \u_cq_engine.batch_count[11]).
Adding EN signal on $memory\u_cq_engine.batch_count[10]$12571 ($dff) from module io_uncore_top (D = $memory\u_cq_engine.batch_count$wrmux[10][2][0]$y$12762, Q = \u_cq_engine.batch_count[10]).
Adding EN signal on $memory\u_cq_engine.batch_count[9]$12569 ($dff) from module io_uncore_top (D = $memory\u_cq_engine.batch_count$wrmux[9][2][0]$y$12750, Q = \u_cq_engine.batch_count[9]).
Adding EN signal on $memory\u_cq_engine.batch_count[8]$12567 ($dff) from module io_uncore_top (D = $memory\u_cq_engine.batch_count$wrmux[8][2][0]$y$12738, Q = \u_cq_engine.batch_count[8]).
Adding EN signal on $memory\u_cq_engine.batch_count[7]$12565 ($dff) from module io_uncore_top (D = $memory\u_cq_engine.batch_count$wrmux[7][2][0]$y$12726, Q = \u_cq_engine.batch_count[7]).
Adding EN signal on $memory\u_cq_engine.batch_count[6]$12563 ($dff) from module io_uncore_top (D = $memory\u_cq_engine.batch_count$wrmux[6][2][0]$y$12714, Q = \u_cq_engine.batch_count[6]).
Adding EN signal on $memory\u_cq_engine.batch_count[5]$12561 ($dff) from module io_uncore_top (D = $memory\u_cq_engine.batch_count$wrmux[5][2][0]$y$12702, Q = \u_cq_engine.batch_count[5]).
Adding EN signal on $memory\u_cq_engine.batch_count[4]$12559 ($dff) from module io_uncore_top (D = $memory\u_cq_engine.batch_count$wrmux[4][2][0]$y$12690, Q = \u_cq_engine.batch_count[4]).
Adding EN signal on $memory\u_cq_engine.batch_count[3]$12557 ($dff) from module io_uncore_top (D = $memory\u_cq_engine.batch_count$wrmux[3][2][0]$y$12678, Q = \u_cq_engine.batch_count[3]).
Adding EN signal on $memory\u_cq_engine.batch_count[2]$12555 ($dff) from module io_uncore_top (D = $memory\u_cq_engine.batch_count$wrmux[2][2][0]$y$12666, Q = \u_cq_engine.batch_count[2]).
Adding EN signal on $memory\u_cq_engine.batch_count[1]$12553 ($dff) from module io_uncore_top (D = $memory\u_cq_engine.batch_count$wrmux[1][2][0]$y$12654, Q = \u_cq_engine.batch_count[1]).
Setting constant 0-bit at position 16 on $auto$ff.cc:337:slice$8006 ($sdffe) from module io_uncore_top.
Setting constant 0-bit at position 17 on $auto$ff.cc:337:slice$8006 ($sdffe) from module io_uncore_top.
Setting constant 0-bit at position 18 on $auto$ff.cc:337:slice$8006 ($sdffe) from module io_uncore_top.
Setting constant 0-bit at position 19 on $auto$ff.cc:337:slice$8006 ($sdffe) from module io_uncore_top.
Setting constant 0-bit at position 64 on $auto$ff.cc:337:slice$8002 ($sdffe) from module io_uncore_top.
Setting constant 0-bit at position 65 on $auto$ff.cc:337:slice$8002 ($sdffe) from module io_uncore_top.
Setting constant 0-bit at position 66 on $auto$ff.cc:337:slice$8002 ($sdffe) from module io_uncore_top.
Setting constant 0-bit at position 67 on $auto$ff.cc:337:slice$8002 ($sdffe) from module io_uncore_top.
Setting constant 0-bit at position 68 on $auto$ff.cc:337:slice$8002 ($sdffe) from module io_uncore_top.
Setting constant 0-bit at position 69 on $auto$ff.cc:337:slice$8002 ($sdffe) from module io_uncore_top.
Setting constant 0-bit at position 70 on $auto$ff.cc:337:slice$8002 ($sdffe) from module io_uncore_top.
Setting constant 0-bit at position 71 on $auto$ff.cc:337:slice$8002 ($sdffe) from module io_uncore_top.
Setting constant 0-bit at position 72 on $auto$ff.cc:337:slice$8002 ($sdffe) from module io_uncore_top.
Setting constant 0-bit at position 73 on $auto$ff.cc:337:slice$8002 ($sdffe) from module io_uncore_top.
Setting constant 0-bit at position 74 on $auto$ff.cc:337:slice$8002 ($sdffe) from module io_uncore_top.
Setting constant 0-bit at position 75 on $auto$ff.cc:337:slice$8002 ($sdffe) from module io_uncore_top.
Setting constant 0-bit at position 76 on $auto$ff.cc:337:slice$8002 ($sdffe) from module io_uncore_top.
Setting constant 0-bit at position 77 on $auto$ff.cc:337:slice$8002 ($sdffe) from module io_uncore_top.
Setting constant 0-bit at position 78 on $auto$ff.cc:337:slice$8002 ($sdffe) from module io_uncore_top.
Setting constant 0-bit at position 79 on $auto$ff.cc:337:slice$8002 ($sdffe) from module io_uncore_top.
Setting constant 0-bit at position 80 on $auto$ff.cc:337:slice$8002 ($sdffe) from module io_uncore_top.
Setting constant 0-bit at position 81 on $auto$ff.cc:337:slice$8002 ($sdffe) from module io_uncore_top.
Setting constant 0-bit at position 82 on $auto$ff.cc:337:slice$8002 ($sdffe) from module io_uncore_top.
Setting constant 0-bit at position 83 on $auto$ff.cc:337:slice$8002 ($sdffe) from module io_uncore_top.
Setting constant 0-bit at position 84 on $auto$ff.cc:337:slice$8002 ($sdffe) from module io_uncore_top.
Setting constant 0-bit at position 85 on $auto$ff.cc:337:slice$8002 ($sdffe) from module io_uncore_top.
Setting constant 0-bit at position 86 on $auto$ff.cc:337:slice$8002 ($sdffe) from module io_uncore_top.
Setting constant 0-bit at position 87 on $auto$ff.cc:337:slice$8002 ($sdffe) from module io_uncore_top.
Setting constant 0-bit at position 88 on $auto$ff.cc:337:slice$8002 ($sdffe) from module io_uncore_top.
Setting constant 0-bit at position 89 on $auto$ff.cc:337:slice$8002 ($sdffe) from module io_uncore_top.
Setting constant 0-bit at position 90 on $auto$ff.cc:337:slice$8002 ($sdffe) from module io_uncore_top.
Setting constant 0-bit at position 91 on $auto$ff.cc:337:slice$8002 ($sdffe) from module io_uncore_top.
Setting constant 0-bit at position 92 on $auto$ff.cc:337:slice$8002 ($sdffe) from module io_uncore_top.
Setting constant 0-bit at position 93 on $auto$ff.cc:337:slice$8002 ($sdffe) from module io_uncore_top.
Setting constant 0-bit at position 94 on $auto$ff.cc:337:slice$8002 ($sdffe) from module io_uncore_top.
Setting constant 0-bit at position 95 on $auto$ff.cc:337:slice$8002 ($sdffe) from module io_uncore_top.
Setting constant 0-bit at position 96 on $auto$ff.cc:337:slice$8002 ($sdffe) from module io_uncore_top.
Setting constant 0-bit at position 97 on $auto$ff.cc:337:slice$8002 ($sdffe) from module io_uncore_top.
Setting constant 0-bit at position 98 on $auto$ff.cc:337:slice$8002 ($sdffe) from module io_uncore_top.
Setting constant 0-bit at position 99 on $auto$ff.cc:337:slice$8002 ($sdffe) from module io_uncore_top.
Setting constant 0-bit at position 100 on $auto$ff.cc:337:slice$8002 ($sdffe) from module io_uncore_top.
Setting constant 0-bit at position 101 on $auto$ff.cc:337:slice$8002 ($sdffe) from module io_uncore_top.
Setting constant 0-bit at position 102 on $auto$ff.cc:337:slice$8002 ($sdffe) from module io_uncore_top.
Setting constant 0-bit at position 103 on $auto$ff.cc:337:slice$8002 ($sdffe) from module io_uncore_top.
Setting constant 0-bit at position 104 on $auto$ff.cc:337:slice$8002 ($sdffe) from module io_uncore_top.
Setting constant 0-bit at position 105 on $auto$ff.cc:337:slice$8002 ($sdffe) from module io_uncore_top.
Setting constant 0-bit at position 106 on $auto$ff.cc:337:slice$8002 ($sdffe) from module io_uncore_top.
Setting constant 0-bit at position 107 on $auto$ff.cc:337:slice$8002 ($sdffe) from module io_uncore_top.
Setting constant 0-bit at position 108 on $auto$ff.cc:337:slice$8002 ($sdffe) from module io_uncore_top.
Setting constant 0-bit at position 109 on $auto$ff.cc:337:slice$8002 ($sdffe) from module io_uncore_top.
Setting constant 0-bit at position 110 on $auto$ff.cc:337:slice$8002 ($sdffe) from module io_uncore_top.
Setting constant 0-bit at position 111 on $auto$ff.cc:337:slice$8002 ($sdffe) from module io_uncore_top.
Setting constant 0-bit at position 112 on $auto$ff.cc:337:slice$8002 ($sdffe) from module io_uncore_top.
Setting constant 0-bit at position 113 on $auto$ff.cc:337:slice$8002 ($sdffe) from module io_uncore_top.
Setting constant 0-bit at position 114 on $auto$ff.cc:337:slice$8002 ($sdffe) from module io_uncore_top.
Setting constant 0-bit at position 115 on $auto$ff.cc:337:slice$8002 ($sdffe) from module io_uncore_top.
Setting constant 0-bit at position 116 on $auto$ff.cc:337:slice$8002 ($sdffe) from module io_uncore_top.
Setting constant 0-bit at position 117 on $auto$ff.cc:337:slice$8002 ($sdffe) from module io_uncore_top.
Setting constant 0-bit at position 118 on $auto$ff.cc:337:slice$8002 ($sdffe) from module io_uncore_top.
Setting constant 0-bit at position 119 on $auto$ff.cc:337:slice$8002 ($sdffe) from module io_uncore_top.
Setting constant 0-bit at position 120 on $auto$ff.cc:337:slice$8002 ($sdffe) from module io_uncore_top.
Setting constant 0-bit at position 121 on $auto$ff.cc:337:slice$8002 ($sdffe) from module io_uncore_top.
Setting constant 0-bit at position 122 on $auto$ff.cc:337:slice$8002 ($sdffe) from module io_uncore_top.
Setting constant 0-bit at position 123 on $auto$ff.cc:337:slice$8002 ($sdffe) from module io_uncore_top.
Setting constant 0-bit at position 124 on $auto$ff.cc:337:slice$8002 ($sdffe) from module io_uncore_top.
Setting constant 0-bit at position 125 on $auto$ff.cc:337:slice$8002 ($sdffe) from module io_uncore_top.
Setting constant 0-bit at position 126 on $auto$ff.cc:337:slice$8002 ($sdffe) from module io_uncore_top.
Setting constant 0-bit at position 127 on $auto$ff.cc:337:slice$8002 ($sdffe) from module io_uncore_top.
Setting constant 0-bit at position 128 on $auto$ff.cc:337:slice$8002 ($sdffe) from module io_uncore_top.
Setting constant 0-bit at position 129 on $auto$ff.cc:337:slice$8002 ($sdffe) from module io_uncore_top.
Setting constant 0-bit at position 130 on $auto$ff.cc:337:slice$8002 ($sdffe) from module io_uncore_top.
Setting constant 0-bit at position 131 on $auto$ff.cc:337:slice$8002 ($sdffe) from module io_uncore_top.
Setting constant 0-bit at position 132 on $auto$ff.cc:337:slice$8002 ($sdffe) from module io_uncore_top.
Setting constant 0-bit at position 133 on $auto$ff.cc:337:slice$8002 ($sdffe) from module io_uncore_top.
Setting constant 0-bit at position 134 on $auto$ff.cc:337:slice$8002 ($sdffe) from module io_uncore_top.
Setting constant 0-bit at position 135 on $auto$ff.cc:337:slice$8002 ($sdffe) from module io_uncore_top.
Setting constant 0-bit at position 136 on $auto$ff.cc:337:slice$8002 ($sdffe) from module io_uncore_top.
Setting constant 0-bit at position 137 on $auto$ff.cc:337:slice$8002 ($sdffe) from module io_uncore_top.
Setting constant 0-bit at position 138 on $auto$ff.cc:337:slice$8002 ($sdffe) from module io_uncore_top.
Setting constant 0-bit at position 139 on $auto$ff.cc:337:slice$8002 ($sdffe) from module io_uncore_top.
Setting constant 0-bit at position 140 on $auto$ff.cc:337:slice$8002 ($sdffe) from module io_uncore_top.
Setting constant 0-bit at position 141 on $auto$ff.cc:337:slice$8002 ($sdffe) from module io_uncore_top.
Setting constant 0-bit at position 142 on $auto$ff.cc:337:slice$8002 ($sdffe) from module io_uncore_top.
Setting constant 0-bit at position 143 on $auto$ff.cc:337:slice$8002 ($sdffe) from module io_uncore_top.
Setting constant 0-bit at position 144 on $auto$ff.cc:337:slice$8002 ($sdffe) from module io_uncore_top.
Setting constant 0-bit at position 145 on $auto$ff.cc:337:slice$8002 ($sdffe) from module io_uncore_top.
Setting constant 0-bit at position 146 on $auto$ff.cc:337:slice$8002 ($sdffe) from module io_uncore_top.
Setting constant 0-bit at position 147 on $auto$ff.cc:337:slice$8002 ($sdffe) from module io_uncore_top.
Setting constant 0-bit at position 148 on $auto$ff.cc:337:slice$8002 ($sdffe) from module io_uncore_top.
Setting constant 0-bit at position 149 on $auto$ff.cc:337:slice$8002 ($sdffe) from module io_uncore_top.
Setting constant 0-bit at position 150 on $auto$ff.cc:337:slice$8002 ($sdffe) from module io_uncore_top.
Setting constant 0-bit at position 151 on $auto$ff.cc:337:slice$8002 ($sdffe) from module io_uncore_top.
Setting constant 0-bit at position 152 on $auto$ff.cc:337:slice$8002 ($sdffe) from module io_uncore_top.
Setting constant 0-bit at position 153 on $auto$ff.cc:337:slice$8002 ($sdffe) from module io_uncore_top.
Setting constant 0-bit at position 154 on $auto$ff.cc:337:slice$8002 ($sdffe) from module io_uncore_top.
Setting constant 0-bit at position 155 on $auto$ff.cc:337:slice$8002 ($sdffe) from module io_uncore_top.
Setting constant 0-bit at position 156 on $auto$ff.cc:337:slice$8002 ($sdffe) from module io_uncore_top.
Setting constant 0-bit at position 157 on $auto$ff.cc:337:slice$8002 ($sdffe) from module io_uncore_top.
Setting constant 0-bit at position 158 on $auto$ff.cc:337:slice$8002 ($sdffe) from module io_uncore_top.
Setting constant 0-bit at position 159 on $auto$ff.cc:337:slice$8002 ($sdffe) from module io_uncore_top.
Setting constant 0-bit at position 160 on $auto$ff.cc:337:slice$8002 ($sdffe) from module io_uncore_top.
Setting constant 0-bit at position 161 on $auto$ff.cc:337:slice$8002 ($sdffe) from module io_uncore_top.
Setting constant 0-bit at position 162 on $auto$ff.cc:337:slice$8002 ($sdffe) from module io_uncore_top.
Setting constant 0-bit at position 163 on $auto$ff.cc:337:slice$8002 ($sdffe) from module io_uncore_top.
Setting constant 0-bit at position 164 on $auto$ff.cc:337:slice$8002 ($sdffe) from module io_uncore_top.
Setting constant 0-bit at position 165 on $auto$ff.cc:337:slice$8002 ($sdffe) from module io_uncore_top.
Setting constant 0-bit at position 166 on $auto$ff.cc:337:slice$8002 ($sdffe) from module io_uncore_top.
Setting constant 0-bit at position 167 on $auto$ff.cc:337:slice$8002 ($sdffe) from module io_uncore_top.
Setting constant 0-bit at position 168 on $auto$ff.cc:337:slice$8002 ($sdffe) from module io_uncore_top.
Setting constant 0-bit at position 169 on $auto$ff.cc:337:slice$8002 ($sdffe) from module io_uncore_top.
Setting constant 0-bit at position 170 on $auto$ff.cc:337:slice$8002 ($sdffe) from module io_uncore_top.
Setting constant 0-bit at position 171 on $auto$ff.cc:337:slice$8002 ($sdffe) from module io_uncore_top.
Setting constant 0-bit at position 172 on $auto$ff.cc:337:slice$8002 ($sdffe) from module io_uncore_top.
Setting constant 0-bit at position 173 on $auto$ff.cc:337:slice$8002 ($sdffe) from module io_uncore_top.
Setting constant 0-bit at position 174 on $auto$ff.cc:337:slice$8002 ($sdffe) from module io_uncore_top.
Setting constant 0-bit at position 175 on $auto$ff.cc:337:slice$8002 ($sdffe) from module io_uncore_top.
Setting constant 0-bit at position 176 on $auto$ff.cc:337:slice$8002 ($sdffe) from module io_uncore_top.
Setting constant 0-bit at position 177 on $auto$ff.cc:337:slice$8002 ($sdffe) from module io_uncore_top.
Setting constant 0-bit at position 178 on $auto$ff.cc:337:slice$8002 ($sdffe) from module io_uncore_top.
Setting constant 0-bit at position 179 on $auto$ff.cc:337:slice$8002 ($sdffe) from module io_uncore_top.
Setting constant 0-bit at position 180 on $auto$ff.cc:337:slice$8002 ($sdffe) from module io_uncore_top.
Setting constant 0-bit at position 181 on $auto$ff.cc:337:slice$8002 ($sdffe) from module io_uncore_top.
Setting constant 0-bit at position 182 on $auto$ff.cc:337:slice$8002 ($sdffe) from module io_uncore_top.
Setting constant 0-bit at position 183 on $auto$ff.cc:337:slice$8002 ($sdffe) from module io_uncore_top.
Setting constant 0-bit at position 184 on $auto$ff.cc:337:slice$8002 ($sdffe) from module io_uncore_top.
Setting constant 0-bit at position 185 on $auto$ff.cc:337:slice$8002 ($sdffe) from module io_uncore_top.
Setting constant 0-bit at position 186 on $auto$ff.cc:337:slice$8002 ($sdffe) from module io_uncore_top.
Setting constant 0-bit at position 187 on $auto$ff.cc:337:slice$8002 ($sdffe) from module io_uncore_top.
Setting constant 0-bit at position 188 on $auto$ff.cc:337:slice$8002 ($sdffe) from module io_uncore_top.
Setting constant 0-bit at position 189 on $auto$ff.cc:337:slice$8002 ($sdffe) from module io_uncore_top.
Setting constant 0-bit at position 190 on $auto$ff.cc:337:slice$8002 ($sdffe) from module io_uncore_top.
Setting constant 0-bit at position 191 on $auto$ff.cc:337:slice$8002 ($sdffe) from module io_uncore_top.
Setting constant 0-bit at position 400 on $auto$ff.cc:337:slice$8002 ($sdffe) from module io_uncore_top.
Setting constant 0-bit at position 401 on $auto$ff.cc:337:slice$8002 ($sdffe) from module io_uncore_top.
Setting constant 0-bit at position 402 on $auto$ff.cc:337:slice$8002 ($sdffe) from module io_uncore_top.
Setting constant 0-bit at position 403 on $auto$ff.cc:337:slice$8002 ($sdffe) from module io_uncore_top.
Setting constant 0-bit at position 404 on $auto$ff.cc:337:slice$8002 ($sdffe) from module io_uncore_top.
Setting constant 0-bit at position 405 on $auto$ff.cc:337:slice$8002 ($sdffe) from module io_uncore_top.
Setting constant 0-bit at position 406 on $auto$ff.cc:337:slice$8002 ($sdffe) from module io_uncore_top.
Setting constant 0-bit at position 407 on $auto$ff.cc:337:slice$8002 ($sdffe) from module io_uncore_top.
Setting constant 0-bit at position 408 on $auto$ff.cc:337:slice$8002 ($sdffe) from module io_uncore_top.
Setting constant 0-bit at position 409 on $auto$ff.cc:337:slice$8002 ($sdffe) from module io_uncore_top.
Setting constant 0-bit at position 410 on $auto$ff.cc:337:slice$8002 ($sdffe) from module io_uncore_top.
Setting constant 0-bit at position 411 on $auto$ff.cc:337:slice$8002 ($sdffe) from module io_uncore_top.
Setting constant 0-bit at position 412 on $auto$ff.cc:337:slice$8002 ($sdffe) from module io_uncore_top.
Setting constant 0-bit at position 413 on $auto$ff.cc:337:slice$8002 ($sdffe) from module io_uncore_top.
Setting constant 0-bit at position 414 on $auto$ff.cc:337:slice$8002 ($sdffe) from module io_uncore_top.
Setting constant 0-bit at position 415 on $auto$ff.cc:337:slice$8002 ($sdffe) from module io_uncore_top.
Setting constant 0-bit at position 416 on $auto$ff.cc:337:slice$8002 ($sdffe) from module io_uncore_top.
Setting constant 0-bit at position 417 on $auto$ff.cc:337:slice$8002 ($sdffe) from module io_uncore_top.
Setting constant 0-bit at position 418 on $auto$ff.cc:337:slice$8002 ($sdffe) from module io_uncore_top.
Setting constant 0-bit at position 419 on $auto$ff.cc:337:slice$8002 ($sdffe) from module io_uncore_top.
Setting constant 0-bit at position 420 on $auto$ff.cc:337:slice$8002 ($sdffe) from module io_uncore_top.
Setting constant 0-bit at position 421 on $auto$ff.cc:337:slice$8002 ($sdffe) from module io_uncore_top.
Setting constant 0-bit at position 422 on $auto$ff.cc:337:slice$8002 ($sdffe) from module io_uncore_top.
Setting constant 0-bit at position 423 on $auto$ff.cc:337:slice$8002 ($sdffe) from module io_uncore_top.
Setting constant 0-bit at position 424 on $auto$ff.cc:337:slice$8002 ($sdffe) from module io_uncore_top.
Setting constant 0-bit at position 425 on $auto$ff.cc:337:slice$8002 ($sdffe) from module io_uncore_top.
Setting constant 0-bit at position 426 on $auto$ff.cc:337:slice$8002 ($sdffe) from module io_uncore_top.
Setting constant 0-bit at position 427 on $auto$ff.cc:337:slice$8002 ($sdffe) from module io_uncore_top.
Setting constant 0-bit at position 428 on $auto$ff.cc:337:slice$8002 ($sdffe) from module io_uncore_top.
Setting constant 0-bit at position 429 on $auto$ff.cc:337:slice$8002 ($sdffe) from module io_uncore_top.
Setting constant 0-bit at position 430 on $auto$ff.cc:337:slice$8002 ($sdffe) from module io_uncore_top.
Setting constant 0-bit at position 431 on $auto$ff.cc:337:slice$8002 ($sdffe) from module io_uncore_top.
Setting constant 0-bit at position 432 on $auto$ff.cc:337:slice$8002 ($sdffe) from module io_uncore_top.
Setting constant 0-bit at position 433 on $auto$ff.cc:337:slice$8002 ($sdffe) from module io_uncore_top.
Setting constant 0-bit at position 434 on $auto$ff.cc:337:slice$8002 ($sdffe) from module io_uncore_top.
Setting constant 0-bit at position 435 on $auto$ff.cc:337:slice$8002 ($sdffe) from module io_uncore_top.
Setting constant 0-bit at position 436 on $auto$ff.cc:337:slice$8002 ($sdffe) from module io_uncore_top.
Setting constant 0-bit at position 437 on $auto$ff.cc:337:slice$8002 ($sdffe) from module io_uncore_top.
Setting constant 0-bit at position 438 on $auto$ff.cc:337:slice$8002 ($sdffe) from module io_uncore_top.
Setting constant 0-bit at position 439 on $auto$ff.cc:337:slice$8002 ($sdffe) from module io_uncore_top.
Setting constant 0-bit at position 440 on $auto$ff.cc:337:slice$8002 ($sdffe) from module io_uncore_top.
Setting constant 0-bit at position 441 on $auto$ff.cc:337:slice$8002 ($sdffe) from module io_uncore_top.
Setting constant 0-bit at position 442 on $auto$ff.cc:337:slice$8002 ($sdffe) from module io_uncore_top.
Setting constant 0-bit at position 443 on $auto$ff.cc:337:slice$8002 ($sdffe) from module io_uncore_top.
Setting constant 0-bit at position 444 on $auto$ff.cc:337:slice$8002 ($sdffe) from module io_uncore_top.
Setting constant 0-bit at position 445 on $auto$ff.cc:337:slice$8002 ($sdffe) from module io_uncore_top.
Setting constant 0-bit at position 446 on $auto$ff.cc:337:slice$8002 ($sdffe) from module io_uncore_top.
Setting constant 0-bit at position 447 on $auto$ff.cc:337:slice$8002 ($sdffe) from module io_uncore_top.
Setting constant 0-bit at position 448 on $auto$ff.cc:337:slice$8002 ($sdffe) from module io_uncore_top.
Setting constant 0-bit at position 449 on $auto$ff.cc:337:slice$8002 ($sdffe) from module io_uncore_top.
Setting constant 0-bit at position 450 on $auto$ff.cc:337:slice$8002 ($sdffe) from module io_uncore_top.
Setting constant 0-bit at position 451 on $auto$ff.cc:337:slice$8002 ($sdffe) from module io_uncore_top.
Setting constant 0-bit at position 452 on $auto$ff.cc:337:slice$8002 ($sdffe) from module io_uncore_top.
Setting constant 0-bit at position 453 on $auto$ff.cc:337:slice$8002 ($sdffe) from module io_uncore_top.
Setting constant 0-bit at position 454 on $auto$ff.cc:337:slice$8002 ($sdffe) from module io_uncore_top.
Setting constant 0-bit at position 455 on $auto$ff.cc:337:slice$8002 ($sdffe) from module io_uncore_top.
Setting constant 0-bit at position 456 on $auto$ff.cc:337:slice$8002 ($sdffe) from module io_uncore_top.
Setting constant 0-bit at position 457 on $auto$ff.cc:337:slice$8002 ($sdffe) from module io_uncore_top.
Setting constant 0-bit at position 458 on $auto$ff.cc:337:slice$8002 ($sdffe) from module io_uncore_top.
Setting constant 0-bit at position 459 on $auto$ff.cc:337:slice$8002 ($sdffe) from module io_uncore_top.
Setting constant 0-bit at position 460 on $auto$ff.cc:337:slice$8002 ($sdffe) from module io_uncore_top.
Setting constant 0-bit at position 461 on $auto$ff.cc:337:slice$8002 ($sdffe) from module io_uncore_top.
Setting constant 0-bit at position 462 on $auto$ff.cc:337:slice$8002 ($sdffe) from module io_uncore_top.
Setting constant 0-bit at position 463 on $auto$ff.cc:337:slice$8002 ($sdffe) from module io_uncore_top.
Setting constant 0-bit at position 464 on $auto$ff.cc:337:slice$8002 ($sdffe) from module io_uncore_top.
Setting constant 0-bit at position 465 on $auto$ff.cc:337:slice$8002 ($sdffe) from module io_uncore_top.
Setting constant 0-bit at position 466 on $auto$ff.cc:337:slice$8002 ($sdffe) from module io_uncore_top.
Setting constant 0-bit at position 467 on $auto$ff.cc:337:slice$8002 ($sdffe) from module io_uncore_top.
Setting constant 0-bit at position 468 on $auto$ff.cc:337:slice$8002 ($sdffe) from module io_uncore_top.
Setting constant 0-bit at position 469 on $auto$ff.cc:337:slice$8002 ($sdffe) from module io_uncore_top.
Setting constant 0-bit at position 470 on $auto$ff.cc:337:slice$8002 ($sdffe) from module io_uncore_top.
Setting constant 0-bit at position 471 on $auto$ff.cc:337:slice$8002 ($sdffe) from module io_uncore_top.
Setting constant 0-bit at position 472 on $auto$ff.cc:337:slice$8002 ($sdffe) from module io_uncore_top.
Setting constant 0-bit at position 473 on $auto$ff.cc:337:slice$8002 ($sdffe) from module io_uncore_top.
Setting constant 0-bit at position 474 on $auto$ff.cc:337:slice$8002 ($sdffe) from module io_uncore_top.
Setting constant 0-bit at position 475 on $auto$ff.cc:337:slice$8002 ($sdffe) from module io_uncore_top.
Setting constant 0-bit at position 476 on $auto$ff.cc:337:slice$8002 ($sdffe) from module io_uncore_top.
Setting constant 0-bit at position 477 on $auto$ff.cc:337:slice$8002 ($sdffe) from module io_uncore_top.
Setting constant 0-bit at position 478 on $auto$ff.cc:337:slice$8002 ($sdffe) from module io_uncore_top.
Setting constant 0-bit at position 479 on $auto$ff.cc:337:slice$8002 ($sdffe) from module io_uncore_top.
Setting constant 0-bit at position 480 on $auto$ff.cc:337:slice$8002 ($sdffe) from module io_uncore_top.
Setting constant 0-bit at position 481 on $auto$ff.cc:337:slice$8002 ($sdffe) from module io_uncore_top.
Setting constant 0-bit at position 482 on $auto$ff.cc:337:slice$8002 ($sdffe) from module io_uncore_top.
Setting constant 0-bit at position 483 on $auto$ff.cc:337:slice$8002 ($sdffe) from module io_uncore_top.
Setting constant 0-bit at position 484 on $auto$ff.cc:337:slice$8002 ($sdffe) from module io_uncore_top.
Setting constant 0-bit at position 485 on $auto$ff.cc:337:slice$8002 ($sdffe) from module io_uncore_top.
Setting constant 0-bit at position 486 on $auto$ff.cc:337:slice$8002 ($sdffe) from module io_uncore_top.
Setting constant 0-bit at position 487 on $auto$ff.cc:337:slice$8002 ($sdffe) from module io_uncore_top.
Setting constant 0-bit at position 488 on $auto$ff.cc:337:slice$8002 ($sdffe) from module io_uncore_top.
Setting constant 0-bit at position 489 on $auto$ff.cc:337:slice$8002 ($sdffe) from module io_uncore_top.
Setting constant 0-bit at position 490 on $auto$ff.cc:337:slice$8002 ($sdffe) from module io_uncore_top.
Setting constant 0-bit at position 491 on $auto$ff.cc:337:slice$8002 ($sdffe) from module io_uncore_top.
Setting constant 0-bit at position 492 on $auto$ff.cc:337:slice$8002 ($sdffe) from module io_uncore_top.
Setting constant 0-bit at position 493 on $auto$ff.cc:337:slice$8002 ($sdffe) from module io_uncore_top.
Setting constant 0-bit at position 494 on $auto$ff.cc:337:slice$8002 ($sdffe) from module io_uncore_top.
Setting constant 0-bit at position 495 on $auto$ff.cc:337:slice$8002 ($sdffe) from module io_uncore_top.
Setting constant 0-bit at position 496 on $auto$ff.cc:337:slice$8002 ($sdffe) from module io_uncore_top.
Setting constant 0-bit at position 497 on $auto$ff.cc:337:slice$8002 ($sdffe) from module io_uncore_top.
Setting constant 0-bit at position 498 on $auto$ff.cc:337:slice$8002 ($sdffe) from module io_uncore_top.
Setting constant 0-bit at position 499 on $auto$ff.cc:337:slice$8002 ($sdffe) from module io_uncore_top.
Setting constant 0-bit at position 500 on $auto$ff.cc:337:slice$8002 ($sdffe) from module io_uncore_top.
Setting constant 0-bit at position 501 on $auto$ff.cc:337:slice$8002 ($sdffe) from module io_uncore_top.
Setting constant 0-bit at position 502 on $auto$ff.cc:337:slice$8002 ($sdffe) from module io_uncore_top.
Setting constant 0-bit at position 503 on $auto$ff.cc:337:slice$8002 ($sdffe) from module io_uncore_top.
Setting constant 0-bit at position 504 on $auto$ff.cc:337:slice$8002 ($sdffe) from module io_uncore_top.
Setting constant 0-bit at position 505 on $auto$ff.cc:337:slice$8002 ($sdffe) from module io_uncore_top.
Setting constant 0-bit at position 506 on $auto$ff.cc:337:slice$8002 ($sdffe) from module io_uncore_top.
Setting constant 0-bit at position 507 on $auto$ff.cc:337:slice$8002 ($sdffe) from module io_uncore_top.
Setting constant 0-bit at position 508 on $auto$ff.cc:337:slice$8002 ($sdffe) from module io_uncore_top.
Setting constant 0-bit at position 509 on $auto$ff.cc:337:slice$8002 ($sdffe) from module io_uncore_top.
Setting constant 0-bit at position 510 on $auto$ff.cc:337:slice$8002 ($sdffe) from module io_uncore_top.
Setting constant 0-bit at position 511 on $auto$ff.cc:337:slice$8002 ($sdffe) from module io_uncore_top.
Setting constant 0-bit at position 11 on $auto$ff.cc:337:slice$8395 ($sdffe) from module io_uncore_top.
Setting constant 0-bit at position 12 on $auto$ff.cc:337:slice$8395 ($sdffe) from module io_uncore_top.
Setting constant 0-bit at position 13 on $auto$ff.cc:337:slice$8395 ($sdffe) from module io_uncore_top.
Setting constant 0-bit at position 14 on $auto$ff.cc:337:slice$8395 ($sdffe) from module io_uncore_top.
Setting constant 0-bit at position 15 on $auto$ff.cc:337:slice$8395 ($sdffe) from module io_uncore_top.
Setting constant 0-bit at position 16 on $auto$ff.cc:337:slice$8395 ($sdffe) from module io_uncore_top.
Setting constant 0-bit at position 17 on $auto$ff.cc:337:slice$8395 ($sdffe) from module io_uncore_top.
Setting constant 0-bit at position 18 on $auto$ff.cc:337:slice$8395 ($sdffe) from module io_uncore_top.
Setting constant 0-bit at position 19 on $auto$ff.cc:337:slice$8395 ($sdffe) from module io_uncore_top.

22.20.16. Executing OPT_CLEAN pass (remove unused cells and wires).
Finding unused cells or wires in module \io_uncore_top..
Removed 0 unused cells and 3 unused wires.

22.20.17. Executing OPT_EXPR pass (perform const folding).
Optimizing module io_uncore_top.

22.20.18. Rerunning OPT passes. (Maybe there is more to do..)

22.20.19. Executing OPT_MUXTREE pass (detect dead branches in mux trees).
Running muxtree optimizer on module \io_uncore_top..
  Creating internal representation of mux trees.
  Evaluating internal representation of mux trees.
  Analyzing evaluation results.
Removed 0 multiplexer ports.

22.20.20. Executing OPT_REDUCE pass (consolidate $*mux and $reduce_* inputs).
  Optimizing cells in module \io_uncore_top.
    Consolidated identical input bits for $mux cell $flatten\u_sram_arbiter.$procmux$3079:
      Old ports: A=20'00000000000000000000, B={ 9'000000000 \u_cq_engine.sram_addr [10:0] }, Y=$flatten\u_sram_arbiter.$10\sel_addr[19:0]
      New ports: A=11'00000000000, B=\u_cq_engine.sram_addr [10:0], Y=$flatten\u_sram_arbiter.$10\sel_addr[19:0] [10:0]
      New connections: $flatten\u_sram_arbiter.$10\sel_addr[19:0] [19:11] = 9'000000000
    Consolidated identical input bits for $mux cell $flatten\u_sram_arbiter.$procmux$3148:
      Old ports: A={ 384'000000000000000000000000000000000000000000000000000000000000000000000000000000000000000000000000000000000000000000000000000000000000000000000000000000000000000000000000000000000000000000000000000000000000000000000000000000000000000000000000000000000000000000000000000000000000000000000000000000000000000000000000000000000000000000000000000000000000000000000000000000000000000000000000 $auto$wreduce.cc:514:run$8451 [127:0] }, B={ 112'0000000000000000000000000000000000000000000000000000000000000000000000000000000000000000000000000000000000000000 \u_sq_engine.sram_wdata [399:192] 128'00000000000000000000000000000000000000000000000000000000000000000000000000000000000000000000000000000000000000000000000000000000 \u_sq_engine.sram_wdata [63:0] }, Y=$flatten\u_sram_arbiter.$5\sel_wdata[511:0]
      New ports: A={ 208'0000000000000000000000000000000000000000000000000000000000000000000000000000000000000000000000000000000000000000000000000000000000000000000000000000000000000000000000000000000000000000000000000000000000000000 $auto$wreduce.cc:514:run$8451 [127:0] }, B={ \u_sq_engine.sram_wdata [399:192] 64'0000000000000000000000000000000000000000000000000000000000000000 \u_sq_engine.sram_wdata [63:0] }, Y={ $flatten\u_sram_arbiter.$5\sel_wdata[511:0] [399:192] $flatten\u_sram_arbiter.$5\sel_wdata[511:0] [127:0] }
      New connections: { $flatten\u_sram_arbiter.$5\sel_wdata[511:0] [511:400] $flatten\u_sram_arbiter.$5\sel_wdata[511:0] [191:128] } = 176'00000000000000000000000000000000000000000000000000000000000000000000000000000000000000000000000000000000000000000000000000000000000000000000000000000000000000000000000000000000
    Consolidated identical input bits for $mux cell $flatten\u_sram_arbiter.$procmux$3518:
      Old ports: A=512'00000000000000000000000000000000000000000000000000000000000000000000000000000000000000000000000000000000000000000000000000000000000000000000000000000000000000000000000000000000000000000000000000000000000000000000000000000000000000000000000000000000000000000000000000000000000000000000000000000000000000000000000000000000000000000000000000000000000000000000000000000000000000000000000000000000000000000000000000000000000000000000000000000000000000000000000000000000000000000000000000000000000000000000000000000000, B={ 112'0000000000000000000000000000000000000000000000000000000000000000000000000000000000000000000000000000000000000000 \u_sq_engine.sram_wdata [399:192] 128'00000000000000000000000000000000000000000000000000000000000000000000000000000000000000000000000000000000000000000000000000000000 \u_sq_engine.sram_wdata [63:0] }, Y=$flatten\u_sram_arbiter.$3\sel_wdata[511:0]
      New ports: A=272'00000000000000000000000000000000000000000000000000000000000000000000000000000000000000000000000000000000000000000000000000000000000000000000000000000000000000000000000000000000000000000000000000000000000000000000000000000000000000000000000000000000000000000000000000000000, B={ \u_sq_engine.sram_wdata [399:192] \u_sq_engine.sram_wdata [63:0] }, Y={ $flatten\u_sram_arbiter.$3\sel_wdata[511:0] [399:192] $flatten\u_sram_arbiter.$3\sel_wdata[511:0] [63:0] }
      New connections: { $flatten\u_sram_arbiter.$3\sel_wdata[511:0] [511:400] $flatten\u_sram_arbiter.$3\sel_wdata[511:0] [191:64] } = 240'000000000000000000000000000000000000000000000000000000000000000000000000000000000000000000000000000000000000000000000000000000000000000000000000000000000000000000000000000000000000000000000000000000000000000000000000000000000000000000000000
    Consolidated identical input bits for $mux cell $flatten\u_sram_arbiter.$procmux$3530:
      Old ports: A=20'00000000000000000000, B={ 4'0000 \u_sq_engine.sram_addr [15:0] }, Y=$flatten\u_sram_arbiter.$3\sel_addr[19:0]
      New ports: A=16'0000000000000000, B=\u_sq_engine.sram_addr [15:0], Y=$flatten\u_sram_arbiter.$3\sel_addr[19:0] [15:0]
      New connections: $flatten\u_sram_arbiter.$3\sel_addr[19:0] [19:16] = 4'0000
  Optimizing cells in module \io_uncore_top.
    Consolidated identical input bits for $mux cell $flatten\u_sram_arbiter.$procmux$3157:
      Old ports: A=$flatten\u_sram_arbiter.$10\sel_addr[19:0], B={ 4'0000 \u_sq_engine.sram_addr [15:0] }, Y=$flatten\u_sram_arbiter.$5\sel_addr[19:0]
      New ports: A={ 5'00000 $flatten\u_sram_arbiter.$10\sel_addr[19:0] [10:0] }, B=\u_sq_engine.sram_addr [15:0], Y=$flatten\u_sram_arbiter.$5\sel_addr[19:0] [15:0]
      New connections: $flatten\u_sram_arbiter.$5\sel_addr[19:0] [19:16] = 4'0000
    Consolidated identical input bits for $mux cell $flatten\u_sram_arbiter.$procmux$3646:
      Old ports: A=$flatten\u_sram_arbiter.$3\sel_wdata[511:0], B={ 384'000000000000000000000000000000000000000000000000000000000000000000000000000000000000000000000000000000000000000000000000000000000000000000000000000000000000000000000000000000000000000000000000000000000000000000000000000000000000000000000000000000000000000000000000000000000000000000000000000000000000000000000000000000000000000000000000000000000000000000000000000000000000000000000000 \u_cq_engine.sram_wdata [127:0] }, Y=$flatten\u_sram_arbiter.$2\sel_wdata[511:0]
      New ports: A={ $flatten\u_sram_arbiter.$3\sel_wdata[511:0] [399:192] 64'0000000000000000000000000000000000000000000000000000000000000000 $flatten\u_sram_arbiter.$3\sel_wdata[511:0] [63:0] }, B={ 208'0000000000000000000000000000000000000000000000000000000000000000000000000000000000000000000000000000000000000000000000000000000000000000000000000000000000000000000000000000000000000000000000000000000000000000 \u_cq_engine.sram_wdata [127:0] }, Y={ $flatten\u_sram_arbiter.$2\sel_wdata[511:0] [399:192] $flatten\u_sram_arbiter.$2\sel_wdata[511:0] [127:0] }
      New connections: { $flatten\u_sram_arbiter.$2\sel_wdata[511:0] [511:400] $flatten\u_sram_arbiter.$2\sel_wdata[511:0] [191:128] } = 176'00000000000000000000000000000000000000000000000000000000000000000000000000000000000000000000000000000000000000000000000000000000000000000000000000000000000000000000000000000000
    Consolidated identical input bits for $mux cell $flatten\u_sram_arbiter.$procmux$3652:
      Old ports: A=$flatten\u_sram_arbiter.$3\sel_addr[19:0], B={ 9'000000000 \u_cq_engine.sram_addr [10:0] }, Y=$flatten\u_sram_arbiter.$2\sel_addr[19:0]
      New ports: A=$flatten\u_sram_arbiter.$3\sel_addr[19:0] [15:0], B={ 5'00000 \u_cq_engine.sram_addr [10:0] }, Y=$flatten\u_sram_arbiter.$2\sel_addr[19:0] [15:0]
      New connections: $flatten\u_sram_arbiter.$2\sel_addr[19:0] [19:16] = 4'0000
  Optimizing cells in module \io_uncore_top.
    Consolidated identical input bits for $mux cell $flatten\u_sram_arbiter.$procmux$3690:
      Old ports: A=$flatten\u_sram_arbiter.$5\sel_wdata[511:0], B=$flatten\u_sram_arbiter.$2\sel_wdata[511:0], Y=\u_sram_arbiter.sel_wdata
      New ports: A={ $flatten\u_sram_arbiter.$5\sel_wdata[511:0] [399:192] $flatten\u_sram_arbiter.$5\sel_wdata[511:0] [127:0] }, B={ $flatten\u_sram_arbiter.$2\sel_wdata[511:0] [399:192] $flatten\u_sram_arbiter.$2\sel_wdata[511:0] [127:0] }, Y={ \u_sram_arbiter.sel_wdata [399:192] \u_sram_arbiter.sel_wdata [127:0] }
      New connections: { \u_sram_arbiter.sel_wdata [511:400] \u_sram_arbiter.sel_wdata [191:128] } = 176'00000000000000000000000000000000000000000000000000000000000000000000000000000000000000000000000000000000000000000000000000000000000000000000000000000000000000000000000000000000
    Consolidated identical input bits for $mux cell $flatten\u_sram_arbiter.$procmux$3693:
      Old ports: A=$flatten\u_sram_arbiter.$5\sel_addr[19:0], B=$flatten\u_sram_arbiter.$2\sel_addr[19:0], Y=\u_sram_arbiter.sel_addr
      New ports: A=$flatten\u_sram_arbiter.$5\sel_addr[19:0] [15:0], B=$flatten\u_sram_arbiter.$2\sel_addr[19:0] [15:0], Y=\u_sram_arbiter.sel_addr [15:0]
      New connections: \u_sram_arbiter.sel_addr [19:16] = 4'0000
  Optimizing cells in module \io_uncore_top.
Performed a total of 9 changes.

22.20.21. Executing OPT_MERGE pass (detect identical cells).
Finding identical cells in module `\io_uncore_top'.
Computing hashes of 1685 cells of `\io_uncore_top'.
Finding duplicate cells in `\io_uncore_top'.
Removed a total of 0 cells.

22.20.22. Executing OPT_SHARE pass.

22.20.23. Executing OPT_DFF pass (perform DFF optimizations).
Adding SRST signal on $auto$ff.cc:337:slice$12833 ($dffe) from module io_uncore_top (D = $auto$rtlil.cc:3390:Mux$9450, Q = \u_cq_engine.batch_count[0], rval = 4'0000).
Adding SRST signal on $auto$ff.cc:337:slice$12836 ($dffe) from module io_uncore_top (D = $auto$rtlil.cc:3390:Mux$9458, Q = \u_db_coalescer.db_count[0], rval = 3'000).
Adding SRST signal on $auto$ff.cc:337:slice$12839 ($dffe) from module io_uncore_top (D = $auto$rtlil.cc:3390:Mux$9458, Q = \u_db_coalescer.db_count[1], rval = 3'000).
Adding SRST signal on $auto$ff.cc:337:slice$12842 ($dffe) from module io_uncore_top (D = $auto$rtlil.cc:3390:Mux$9458, Q = \u_db_coalescer.db_count[2], rval = 3'000).
Adding SRST signal on $auto$ff.cc:337:slice$12845 ($dffe) from module io_uncore_top (D = $auto$rtlil.cc:3390:Mux$9458, Q = \u_db_coalescer.db_count[3], rval = 3'000).
Adding SRST signal on $auto$ff.cc:337:slice$12848 ($dffe) from module io_uncore_top (D = $auto$rtlil.cc:3390:Mux$9458, Q = \u_db_coalescer.db_count[4], rval = 3'000).
Adding SRST signal on $auto$ff.cc:337:slice$12851 ($dffe) from module io_uncore_top (D = $auto$rtlil.cc:3390:Mux$9458, Q = \u_db_coalescer.db_count[5], rval = 3'000).
Adding SRST signal on $auto$ff.cc:337:slice$12854 ($dffe) from module io_uncore_top (D = $auto$rtlil.cc:3390:Mux$9458, Q = \u_db_coalescer.db_count[6], rval = 3'000).
Adding SRST signal on $auto$ff.cc:337:slice$12857 ($dffe) from module io_uncore_top (D = $auto$rtlil.cc:3390:Mux$9458, Q = \u_db_coalescer.db_count[7], rval = 3'000).
Adding SRST signal on $auto$ff.cc:337:slice$12860 ($dffe) from module io_uncore_top (D = $auto$rtlil.cc:3390:Mux$9458, Q = \u_db_coalescer.db_count[8], rval = 3'000).
Adding SRST signal on $auto$ff.cc:337:slice$12863 ($dffe) from module io_uncore_top (D = $auto$rtlil.cc:3390:Mux$9458, Q = \u_db_coalescer.db_count[9], rval = 3'000).
Adding SRST signal on $auto$ff.cc:337:slice$12866 ($dffe) from module io_uncore_top (D = $auto$rtlil.cc:3390:Mux$9458, Q = \u_db_coalescer.db_count[10], rval = 3'000).
Adding SRST signal on $auto$ff.cc:337:slice$12869 ($dffe) from module io_uncore_top (D = $auto$rtlil.cc:3390:Mux$9458, Q = \u_db_coalescer.db_count[11], rval = 3'000).
Adding SRST signal on $auto$ff.cc:337:slice$12872 ($dffe) from module io_uncore_top (D = $auto$rtlil.cc:3390:Mux$9458, Q = \u_db_coalescer.db_count[12], rval = 3'000).
Adding SRST signal on $auto$ff.cc:337:slice$12875 ($dffe) from module io_uncore_top (D = $auto$rtlil.cc:3390:Mux$9458, Q = \u_db_coalescer.db_count[13], rval = 3'000).
Adding SRST signal on $auto$ff.cc:337:slice$12878 ($dffe) from module io_uncore_top (D = $auto$rtlil.cc:3390:Mux$9458, Q = \u_db_coalescer.db_count[14], rval = 3'000).
Adding SRST signal on $auto$ff.cc:337:slice$12881 ($dffe) from module io_uncore_top (D = $auto$rtlil.cc:3390:Mux$9458, Q = \u_db_coalescer.db_count[15], rval = 3'000).
Adding SRST signal on $auto$ff.cc:337:slice$12884 ($dffe) from module io_uncore_top (D = \mmio_wr_data, Q = \u_sq_engine.latch_w2[2], rval = 64'0000000000000000000000000000000000000000000000000000000000000000).
Adding SRST signal on $auto$ff.cc:337:slice$12887 ($dffe) from module io_uncore_top (D = \mmio_wr_data, Q = \u_sq_engine.latch_w2[3], rval = 64'0000000000000000000000000000000000000000000000000000000000000000).
Adding SRST signal on $auto$ff.cc:337:slice$12890 ($dffe) from module io_uncore_top (D = \mmio_wr_data, Q = \u_sq_engine.latch_w2[1], rval = 64'0000000000000000000000000000000000000000000000000000000000000000).
Adding SRST signal on $auto$ff.cc:337:slice$12893 ($dffe) from module io_uncore_top (D = \mmio_wr_data, Q = \u_sq_engine.latch_w2[6], rval = 64'0000000000000000000000000000000000000000000000000000000000000000).
Adding SRST signal on $auto$ff.cc:337:slice$12896 ($dffe) from module io_uncore_top (D = \mmio_wr_data, Q = \u_sq_engine.latch_w2[4], rval = 64'0000000000000000000000000000000000000000000000000000000000000000).
Adding SRST signal on $auto$ff.cc:337:slice$12899 ($dffe) from module io_uncore_top (D = \mmio_wr_data, Q = \u_sq_engine.latch_w2[9], rval = 64'0000000000000000000000000000000000000000000000000000000000000000).
Adding SRST signal on $auto$ff.cc:337:slice$12902 ($dffe) from module io_uncore_top (D = $flatten\u_cq_engine.$0$memwr$\cq_tail$src/cq_engine.v:165$1901_DATA[5:0]$2184, Q = \u_cq_engine.cq_tail[0], rval = 6'000000).
Adding SRST signal on $auto$ff.cc:337:slice$12905 ($dffe) from module io_uncore_top (D = $flatten\u_cq_engine.$0$memwr$\cq_tail$src/cq_engine.v:165$1901_DATA[5:0]$2184, Q = \u_cq_engine.cq_tail[1], rval = 6'000000).
Adding SRST signal on $auto$ff.cc:337:slice$12908 ($dffe) from module io_uncore_top (D = $flatten\u_cq_engine.$0$memwr$\cq_tail$src/cq_engine.v:165$1901_DATA[5:0]$2184, Q = \u_cq_engine.cq_tail[2], rval = 6'000000).
Adding SRST signal on $auto$ff.cc:337:slice$12911 ($dffe) from module io_uncore_top (D = $flatten\u_cq_engine.$0$memwr$\cq_tail$src/cq_engine.v:165$1901_DATA[5:0]$2184, Q = \u_cq_engine.cq_tail[3], rval = 6'000000).
Adding SRST signal on $auto$ff.cc:337:slice$12914 ($dffe) from module io_uncore_top (D = $flatten\u_cq_engine.$0$memwr$\cq_tail$src/cq_engine.v:165$1901_DATA[5:0]$2184, Q = \u_cq_engine.cq_tail[4], rval = 6'000000).
Adding SRST signal on $auto$ff.cc:337:slice$12917 ($dffe) from module io_uncore_top (D = $flatten\u_cq_engine.$0$memwr$\cq_tail$src/cq_engine.v:165$1901_DATA[5:0]$2184, Q = \u_cq_engine.cq_tail[5], rval = 6'000000).
Adding SRST signal on $auto$ff.cc:337:slice$12920 ($dffe) from module io_uncore_top (D = $flatten\u_cq_engine.$0$memwr$\cq_tail$src/cq_engine.v:165$1901_DATA[5:0]$2184, Q = \u_cq_engine.cq_tail[6], rval = 6'000000).
Adding SRST signal on $auto$ff.cc:337:slice$12923 ($dffe) from module io_uncore_top (D = $flatten\u_cq_engine.$0$memwr$\cq_tail$src/cq_engine.v:165$1901_DATA[5:0]$2184, Q = \u_cq_engine.cq_tail[7], rval = 6'000000).
Adding SRST signal on $auto$ff.cc:337:slice$12926 ($dffe) from module io_uncore_top (D = $flatten\u_cq_engine.$0$memwr$\cq_tail$src/cq_engine.v:165$1901_DATA[5:0]$2184, Q = \u_cq_engine.cq_tail[8], rval = 6'000000).
Adding SRST signal on $auto$ff.cc:337:slice$12929 ($dffe) from module io_uncore_top (D = $flatten\u_cq_engine.$0$memwr$\cq_tail$src/cq_engine.v:165$1901_DATA[5:0]$2184, Q = \u_cq_engine.cq_tail[9], rval = 6'000000).
Adding SRST signal on $auto$ff.cc:337:slice$12932 ($dffe) from module io_uncore_top (D = $flatten\u_cq_engine.$0$memwr$\cq_tail$src/cq_engine.v:165$1901_DATA[5:0]$2184, Q = \u_cq_engine.cq_tail[10], rval = 6'000000).
Adding SRST signal on $auto$ff.cc:337:slice$12935 ($dffe) from module io_uncore_top (D = $flatten\u_cq_engine.$0$memwr$\cq_tail$src/cq_engine.v:165$1901_DATA[5:0]$2184, Q = \u_cq_engine.cq_tail[11], rval = 6'000000).
Adding SRST signal on $auto$ff.cc:337:slice$12938 ($dffe) from module io_uncore_top (D = $flatten\u_cq_engine.$0$memwr$\cq_tail$src/cq_engine.v:165$1901_DATA[5:0]$2184, Q = \u_cq_engine.cq_tail[12], rval = 6'000000).
Adding SRST signal on $auto$ff.cc:337:slice$12941 ($dffe) from module io_uncore_top (D = $flatten\u_cq_engine.$0$memwr$\cq_tail$src/cq_engine.v:165$1901_DATA[5:0]$2184, Q = \u_cq_engine.cq_tail[13], rval = 6'000000).
Adding SRST signal on $auto$ff.cc:337:slice$12944 ($dffe) from module io_uncore_top (D = $flatten\u_cq_engine.$0$memwr$\cq_tail$src/cq_engine.v:165$1901_DATA[5:0]$2184, Q = \u_cq_engine.cq_tail[14], rval = 6'000000).
Adding SRST signal on $auto$ff.cc:337:slice$12947 ($dffe) from module io_uncore_top (D = $flatten\u_cq_engine.$0$memwr$\cq_tail$src/cq_engine.v:165$1901_DATA[5:0]$2184, Q = \u_cq_engine.cq_tail[15], rval = 6'000000).
Adding SRST signal on $auto$ff.cc:337:slice$12950 ($dffe) from module io_uncore_top (D = $flatten\u_sq_engine.$0$memwr$\cid_counter$src/sq_engine.v:185$1557_DATA[5:0]$1672, Q = \u_sq_engine.cid_counter[15], rval = 6'000000).
Adding SRST signal on $auto$ff.cc:337:slice$12953 ($dffe) from module io_uncore_top (D = $flatten\u_sq_engine.$0$memwr$\cid_counter$src/sq_engine.v:185$1557_DATA[5:0]$1672, Q = \u_sq_engine.cid_counter[14], rval = 6'000000).
Adding SRST signal on $auto$ff.cc:337:slice$12956 ($dffe) from module io_uncore_top (D = \mmio_wr_data, Q = \u_sq_engine.latch_w2[0], rval = 64'0000000000000000000000000000000000000000000000000000000000000000).
Adding SRST signal on $auto$ff.cc:337:slice$12959 ($dffe) from module io_uncore_top (D = \u_db_coalescer.db_wr_tail, Q = \u_db_coalescer.latest_tail[0], rval = 16'0000000000000000).
Adding SRST signal on $auto$ff.cc:337:slice$12962 ($dffe) from module io_uncore_top (D = \u_db_coalescer.db_wr_tail, Q = \u_db_coalescer.latest_tail[1], rval = 16'0000000000000000).
Adding SRST signal on $auto$ff.cc:337:slice$12965 ($dffe) from module io_uncore_top (D = \u_db_coalescer.db_wr_tail, Q = \u_db_coalescer.latest_tail[2], rval = 16'0000000000000000).
Adding SRST signal on $auto$ff.cc:337:slice$12968 ($dffe) from module io_uncore_top (D = \u_db_coalescer.db_wr_tail, Q = \u_db_coalescer.latest_tail[3], rval = 16'0000000000000000).
Adding SRST signal on $auto$ff.cc:337:slice$12971 ($dffe) from module io_uncore_top (D = \u_db_coalescer.db_wr_tail, Q = \u_db_coalescer.latest_tail[4], rval = 16'0000000000000000).
Adding SRST signal on $auto$ff.cc:337:slice$12974 ($dffe) from module io_uncore_top (D = \u_db_coalescer.db_wr_tail, Q = \u_db_coalescer.latest_tail[5], rval = 16'0000000000000000).
Adding SRST signal on $auto$ff.cc:337:slice$12977 ($dffe) from module io_uncore_top (D = \u_db_coalescer.db_wr_tail, Q = \u_db_coalescer.latest_tail[6], rval = 16'0000000000000000).
Adding SRST signal on $auto$ff.cc:337:slice$12980 ($dffe) from module io_uncore_top (D = \u_db_coalescer.db_wr_tail, Q = \u_db_coalescer.latest_tail[7], rval = 16'0000000000000000).
Adding SRST signal on $auto$ff.cc:337:slice$12983 ($dffe) from module io_uncore_top (D = \u_db_coalescer.db_wr_tail, Q = \u_db_coalescer.latest_tail[8], rval = 16'0000000000000000).
Adding SRST signal on $auto$ff.cc:337:slice$12986 ($dffe) from module io_uncore_top (D = \u_db_coalescer.db_wr_tail, Q = \u_db_coalescer.latest_tail[9], rval = 16'0000000000000000).
Adding SRST signal on $auto$ff.cc:337:slice$12989 ($dffe) from module io_uncore_top (D = \u_db_coalescer.db_wr_tail, Q = \u_db_coalescer.latest_tail[10], rval = 16'0000000000000000).
Adding SRST signal on $auto$ff.cc:337:slice$12992 ($dffe) from module io_uncore_top (D = \u_db_coalescer.db_wr_tail, Q = \u_db_coalescer.latest_tail[11], rval = 16'0000000000000000).
Adding SRST signal on $auto$ff.cc:337:slice$12995 ($dffe) from module io_uncore_top (D = \u_db_coalescer.db_wr_tail, Q = \u_db_coalescer.latest_tail[12], rval = 16'0000000000000000).
Adding SRST signal on $auto$ff.cc:337:slice$12998 ($dffe) from module io_uncore_top (D = \u_db_coalescer.db_wr_tail, Q = \u_db_coalescer.latest_tail[13], rval = 16'0000000000000000).
Adding SRST signal on $auto$ff.cc:337:slice$13001 ($dffe) from module io_uncore_top (D = \u_db_coalescer.db_wr_tail, Q = \u_db_coalescer.latest_tail[14], rval = 16'0000000000000000).
Adding SRST signal on $auto$ff.cc:337:slice$13004 ($dffe) from module io_uncore_top (D = \u_db_coalescer.db_wr_tail, Q = \u_db_coalescer.latest_tail[15], rval = 16'0000000000000000).
Adding SRST signal on $auto$ff.cc:337:slice$13007 ($dffe) from module io_uncore_top (D = \mmio_wr_data, Q = \u_sq_engine.latch_w2[8], rval = 64'0000000000000000000000000000000000000000000000000000000000000000).
Adding SRST signal on $auto$ff.cc:337:slice$13010 ($dffe) from module io_uncore_top (D = \mmio_wr_data, Q = \u_sq_engine.latch_w2[7], rval = 64'0000000000000000000000000000000000000000000000000000000000000000).
Adding SRST signal on $auto$ff.cc:337:slice$13013 ($dffe) from module io_uncore_top (D = \mmio_wr_data, Q = \u_sq_engine.latch_w1[0], rval = 64'0000000000000000000000000000000000000000000000000000000000000000).
Adding SRST signal on $auto$ff.cc:337:slice$13016 ($dffe) from module io_uncore_top (D = \mmio_wr_data, Q = \u_sq_engine.latch_w1[1], rval = 64'0000000000000000000000000000000000000000000000000000000000000000).
Adding SRST signal on $auto$ff.cc:337:slice$13019 ($dffe) from module io_uncore_top (D = $flatten\u_sq_engine.$0$memwr$\cid_counter$src/sq_engine.v:185$1557_DATA[5:0]$1672, Q = \u_sq_engine.cid_counter[0], rval = 6'000000).
Adding SRST signal on $auto$ff.cc:337:slice$13022 ($dffe) from module io_uncore_top (D = $flatten\u_sq_engine.$0$memwr$\cid_counter$src/sq_engine.v:185$1557_DATA[5:0]$1672, Q = \u_sq_engine.cid_counter[1], rval = 6'000000).
Adding SRST signal on $auto$ff.cc:337:slice$13025 ($dffe) from module io_uncore_top (D = \mmio_wr_data, Q = \u_sq_engine.latch_w1[2], rval = 64'0000000000000000000000000000000000000000000000000000000000000000).
Adding SRST signal on $auto$ff.cc:337:slice$13028 ($dffe) from module io_uncore_top (D = $flatten\u_sq_engine.$0$memwr$\cid_counter$src/sq_engine.v:185$1557_DATA[5:0]$1672, Q = \u_sq_engine.cid_counter[3], rval = 6'000000).
Adding SRST signal on $auto$ff.cc:337:slice$13031 ($dffe) from module io_uncore_top (D = $flatten\u_sq_engine.$0$memwr$\cid_counter$src/sq_engine.v:185$1557_DATA[5:0]$1672, Q = \u_sq_engine.cid_counter[4], rval = 6'000000).
Adding SRST signal on $auto$ff.cc:337:slice$13034 ($dffe) from module io_uncore_top (D = $flatten\u_sq_engine.$0$memwr$\cid_counter$src/sq_engine.v:185$1557_DATA[5:0]$1672, Q = \u_sq_engine.cid_counter[2], rval = 6'000000).
Adding SRST signal on $auto$ff.cc:337:slice$13037 ($dffe) from module io_uncore_top (D = \mmio_wr_data, Q = \u_sq_engine.latch_w1[3], rval = 64'0000000000000000000000000000000000000000000000000000000000000000).
Adding SRST signal on $auto$ff.cc:337:slice$13040 ($dffe) from module io_uncore_top (D = $flatten\u_sq_engine.$0$memwr$\cid_counter$src/sq_engine.v:185$1557_DATA[5:0]$1672, Q = \u_sq_engine.cid_counter[6], rval = 6'000000).
Adding SRST signal on $auto$ff.cc:337:slice$13043 ($dffe) from module io_uncore_top (D = $flatten\u_sq_engine.$0$memwr$\cid_counter$src/sq_engine.v:185$1557_DATA[5:0]$1672, Q = \u_sq_engine.cid_counter[7], rval = 6'000000).
Adding SRST signal on $auto$ff.cc:337:slice$13046 ($dffe) from module io_uncore_top (D = $flatten\u_sq_engine.$0$memwr$\cid_counter$src/sq_engine.v:185$1557_DATA[5:0]$1672, Q = \u_sq_engine.cid_counter[5], rval = 6'000000).
Adding SRST signal on $auto$ff.cc:337:slice$13049 ($dffe) from module io_uncore_top (D = \mmio_wr_data, Q = \u_sq_engine.latch_w1[4], rval = 64'0000000000000000000000000000000000000000000000000000000000000000).
Adding SRST signal on $auto$ff.cc:337:slice$13052 ($dffe) from module io_uncore_top (D = $flatten\u_sq_engine.$0$memwr$\cid_counter$src/sq_engine.v:185$1557_DATA[5:0]$1672, Q = \u_sq_engine.cid_counter[9], rval = 6'000000).
Adding SRST signal on $auto$ff.cc:337:slice$13055 ($dffe) from module io_uncore_top (D = $flatten\u_sq_engine.$0$memwr$\cid_counter$src/sq_engine.v:185$1557_DATA[5:0]$1672, Q = \u_sq_engine.cid_counter[10], rval = 6'000000).
Adding SRST signal on $auto$ff.cc:337:slice$13058 ($dffe) from module io_uncore_top (D = $flatten\u_sq_engine.$0$memwr$\cid_counter$src/sq_engine.v:185$1557_DATA[5:0]$1672, Q = \u_sq_engine.cid_counter[8], rval = 6'000000).
Adding SRST signal on $auto$ff.cc:337:slice$13061 ($dffe) from module io_uncore_top (D = \mmio_wr_data, Q = \u_sq_engine.latch_w1[5], rval = 64'0000000000000000000000000000000000000000000000000000000000000000).
Adding SRST signal on $auto$ff.cc:337:slice$13064 ($dffe) from module io_uncore_top (D = $flatten\u_sq_engine.$0$memwr$\cid_counter$src/sq_engine.v:185$1557_DATA[5:0]$1672, Q = \u_sq_engine.cid_counter[12], rval = 6'000000).
Adding SRST signal on $auto$ff.cc:337:slice$13067 ($dffe) from module io_uncore_top (D = $flatten\u_sq_engine.$0$memwr$\cid_counter$src/sq_engine.v:185$1557_DATA[5:0]$1672, Q = \u_sq_engine.cid_counter[13], rval = 6'000000).
Adding SRST signal on $auto$ff.cc:337:slice$13070 ($dffe) from module io_uncore_top (D = $flatten\u_sq_engine.$0$memwr$\cid_counter$src/sq_engine.v:185$1557_DATA[5:0]$1672, Q = \u_sq_engine.cid_counter[11], rval = 6'000000).
Adding SRST signal on $auto$ff.cc:337:slice$13073 ($dffe) from module io_uncore_top (D = \mmio_wr_data, Q = \u_sq_engine.latch_w1[6], rval = 64'0000000000000000000000000000000000000000000000000000000000000000).
Adding SRST signal on $auto$ff.cc:337:slice$13076 ($dffe) from module io_uncore_top (D = \mmio_wr_data, Q = \u_sq_engine.latch_w1[7], rval = 64'0000000000000000000000000000000000000000000000000000000000000000).
Adding SRST signal on $auto$ff.cc:337:slice$13079 ($dffe) from module io_uncore_top (D = \mmio_wr_data, Q = \u_sq_engine.latch_w1[8], rval = 64'0000000000000000000000000000000000000000000000000000000000000000).
Adding SRST signal on $auto$ff.cc:337:slice$13082 ($dffe) from module io_uncore_top (D = \mmio_wr_data, Q = \u_sq_engine.latch_w1[9], rval = 64'0000000000000000000000000000000000000000000000000000000000000000).
Adding SRST signal on $auto$ff.cc:337:slice$13085 ($dffe) from module io_uncore_top (D = \mmio_wr_data, Q = \u_sq_engine.latch_w1[10], rval = 64'0000000000000000000000000000000000000000000000000000000000000000).
Adding SRST signal on $auto$ff.cc:337:slice$13088 ($dffe) from module io_uncore_top (D = \mmio_wr_data, Q = \u_sq_engine.latch_w1[11], rval = 64'0000000000000000000000000000000000000000000000000000000000000000).
Adding SRST signal on $auto$ff.cc:337:slice$13091 ($dffe) from module io_uncore_top (D = \mmio_wr_data, Q = \u_sq_engine.latch_w1[12], rval = 64'0000000000000000000000000000000000000000000000000000000000000000).
Adding SRST signal on $auto$ff.cc:337:slice$13094 ($dffe) from module io_uncore_top (D = \mmio_wr_data, Q = \u_sq_engine.latch_w1[13], rval = 64'0000000000000000000000000000000000000000000000000000000000000000).
Adding SRST signal on $auto$ff.cc:337:slice$13097 ($dffe) from module io_uncore_top (D = \mmio_wr_data, Q = \u_sq_engine.latch_w1[14], rval = 64'0000000000000000000000000000000000000000000000000000000000000000).
Adding SRST signal on $auto$ff.cc:337:slice$13100 ($dffe) from module io_uncore_top (D = \mmio_wr_data, Q = \u_sq_engine.latch_w1[15], rval = 64'0000000000000000000000000000000000000000000000000000000000000000).
Adding SRST signal on $auto$ff.cc:337:slice$13103 ($dffe) from module io_uncore_top (D = \mmio_wr_data, Q = \u_sq_engine.latch_w2[15], rval = 64'0000000000000000000000000000000000000000000000000000000000000000).
Adding SRST signal on $auto$ff.cc:337:slice$13106 ($dffe) from module io_uncore_top (D = \mmio_wr_data, Q = \u_sq_engine.latch_w2[14], rval = 64'0000000000000000000000000000000000000000000000000000000000000000).
Adding SRST signal on $auto$ff.cc:337:slice$13109 ($dffe) from module io_uncore_top (D = \mmio_wr_data, Q = \u_sq_engine.latch_w2[13], rval = 64'0000000000000000000000000000000000000000000000000000000000000000).
Adding SRST signal on $auto$ff.cc:337:slice$13112 ($dffe) from module io_uncore_top (D = \mmio_wr_data, Q = \u_sq_engine.latch_w2[12], rval = 64'0000000000000000000000000000000000000000000000000000000000000000).
Adding SRST signal on $auto$ff.cc:337:slice$13115 ($dffe) from module io_uncore_top (D = \mmio_wr_data, Q = \u_sq_engine.latch_w2[11], rval = 64'0000000000000000000000000000000000000000000000000000000000000000).
Adding SRST signal on $auto$ff.cc:337:slice$13118 ($dffe) from module io_uncore_top (D = \mmio_wr_data, Q = \u_sq_engine.latch_w2[10], rval = 64'0000000000000000000000000000000000000000000000000000000000000000).
Adding SRST signal on $auto$ff.cc:337:slice$13121 ($dffe) from module io_uncore_top (D = \mmio_wr_data, Q = \u_sq_engine.latch_w2[5], rval = 64'0000000000000000000000000000000000000000000000000000000000000000).
Adding SRST signal on $auto$ff.cc:337:slice$13124 ($dffe) from module io_uncore_top (D = \mmio_wr_data, Q = \u_sq_engine.latch_w0[0], rval = 64'0000000000000000000000000000000000000000000000000000000000000000).
Adding SRST signal on $auto$ff.cc:337:slice$13127 ($dffe) from module io_uncore_top (D = \mmio_wr_data, Q = \u_sq_engine.latch_w0[1], rval = 64'0000000000000000000000000000000000000000000000000000000000000000).
Adding SRST signal on $auto$ff.cc:337:slice$13130 ($dffe) from module io_uncore_top (D = \mmio_wr_data, Q = \u_sq_engine.latch_w0[2], rval = 64'0000000000000000000000000000000000000000000000000000000000000000).
Adding SRST signal on $auto$ff.cc:337:slice$13133 ($dffe) from module io_uncore_top (D = \mmio_wr_data, Q = \u_sq_engine.latch_w0[3], rval = 64'0000000000000000000000000000000000000000000000000000000000000000).
Adding SRST signal on $auto$ff.cc:337:slice$13136 ($dffe) from module io_uncore_top (D = \mmio_wr_data, Q = \u_sq_engine.latch_w0[4], rval = 64'0000000000000000000000000000000000000000000000000000000000000000).
Adding SRST signal on $auto$ff.cc:337:slice$13139 ($dffe) from module io_uncore_top (D = \mmio_wr_data, Q = \u_sq_engine.latch_w0[5], rval = 64'0000000000000000000000000000000000000000000000000000000000000000).
Adding SRST signal on $auto$ff.cc:337:slice$13142 ($dffe) from module io_uncore_top (D = \mmio_wr_data, Q = \u_sq_engine.latch_w0[6], rval = 64'0000000000000000000000000000000000000000000000000000000000000000).
Adding SRST signal on $auto$ff.cc:337:slice$13145 ($dffe) from module io_uncore_top (D = \mmio_wr_data, Q = \u_sq_engine.latch_w0[7], rval = 64'0000000000000000000000000000000000000000000000000000000000000000).
Adding SRST signal on $auto$ff.cc:337:slice$13148 ($dffe) from module io_uncore_top (D = \mmio_wr_data, Q = \u_sq_engine.latch_w0[8], rval = 64'0000000000000000000000000000000000000000000000000000000000000000).
Adding SRST signal on $auto$ff.cc:337:slice$13151 ($dffe) from module io_uncore_top (D = \mmio_wr_data, Q = \u_sq_engine.latch_w0[9], rval = 64'0000000000000000000000000000000000000000000000000000000000000000).
Adding SRST signal on $auto$ff.cc:337:slice$13154 ($dffe) from module io_uncore_top (D = \mmio_wr_data, Q = \u_sq_engine.latch_w0[10], rval = 64'0000000000000000000000000000000000000000000000000000000000000000).
Adding SRST signal on $auto$ff.cc:337:slice$13157 ($dffe) from module io_uncore_top (D = \mmio_wr_data, Q = \u_sq_engine.latch_w0[11], rval = 64'0000000000000000000000000000000000000000000000000000000000000000).
Adding SRST signal on $auto$ff.cc:337:slice$13160 ($dffe) from module io_uncore_top (D = \mmio_wr_data, Q = \u_sq_engine.latch_w0[12], rval = 64'0000000000000000000000000000000000000000000000000000000000000000).
Adding SRST signal on $auto$ff.cc:337:slice$13163 ($dffe) from module io_uncore_top (D = \mmio_wr_data, Q = \u_sq_engine.latch_w0[13], rval = 64'0000000000000000000000000000000000000000000000000000000000000000).
Adding SRST signal on $auto$ff.cc:337:slice$13166 ($dffe) from module io_uncore_top (D = \mmio_wr_data, Q = \u_sq_engine.latch_w0[14], rval = 64'0000000000000000000000000000000000000000000000000000000000000000).
Adding SRST signal on $auto$ff.cc:337:slice$13169 ($dffe) from module io_uncore_top (D = \mmio_wr_data, Q = \u_sq_engine.latch_w0[15], rval = 64'0000000000000000000000000000000000000000000000000000000000000000).
Adding SRST signal on $auto$ff.cc:337:slice$13172 ($dffe) from module io_uncore_top (D = $auto$rtlil.cc:3390:Mux$9450, Q = \u_cq_engine.batch_count[15], rval = 4'0000).
Adding SRST signal on $auto$ff.cc:337:slice$13175 ($dffe) from module io_uncore_top (D = $auto$rtlil.cc:3390:Mux$9450, Q = \u_cq_engine.batch_count[14], rval = 4'0000).
Adding SRST signal on $auto$ff.cc:337:slice$13178 ($dffe) from module io_uncore_top (D = $auto$rtlil.cc:3390:Mux$9450, Q = \u_cq_engine.batch_count[13], rval = 4'0000).
Adding SRST signal on $auto$ff.cc:337:slice$13181 ($dffe) from module io_uncore_top (D = $auto$rtlil.cc:3390:Mux$9450, Q = \u_cq_engine.batch_count[12], rval = 4'0000).
Adding SRST signal on $auto$ff.cc:337:slice$13184 ($dffe) from module io_uncore_top (D = $auto$rtlil.cc:3390:Mux$9450, Q = \u_cq_engine.batch_count[11], rval = 4'0000).
Adding SRST signal on $auto$ff.cc:337:slice$13187 ($dffe) from module io_uncore_top (D = $auto$rtlil.cc:3390:Mux$9450, Q = \u_cq_engine.batch_count[10], rval = 4'0000).
Adding SRST signal on $auto$ff.cc:337:slice$13190 ($dffe) from module io_uncore_top (D = $auto$rtlil.cc:3390:Mux$9450, Q = \u_cq_engine.batch_count[9], rval = 4'0000).
Adding SRST signal on $auto$ff.cc:337:slice$13193 ($dffe) from module io_uncore_top (D = $auto$rtlil.cc:3390:Mux$9450, Q = \u_cq_engine.batch_count[8], rval = 4'0000).
Adding SRST signal on $auto$ff.cc:337:slice$13196 ($dffe) from module io_uncore_top (D = $auto$rtlil.cc:3390:Mux$9450, Q = \u_cq_engine.batch_count[7], rval = 4'0000).
Adding SRST signal on $auto$ff.cc:337:slice$13199 ($dffe) from module io_uncore_top (D = $auto$rtlil.cc:3390:Mux$9450, Q = \u_cq_engine.batch_count[6], rval = 4'0000).
Adding SRST signal on $auto$ff.cc:337:slice$13202 ($dffe) from module io_uncore_top (D = $auto$rtlil.cc:3390:Mux$9450, Q = \u_cq_engine.batch_count[5], rval = 4'0000).
Adding SRST signal on $auto$ff.cc:337:slice$13205 ($dffe) from module io_uncore_top (D = $auto$rtlil.cc:3390:Mux$9450, Q = \u_cq_engine.batch_count[4], rval = 4'0000).
Adding SRST signal on $auto$ff.cc:337:slice$13208 ($dffe) from module io_uncore_top (D = $auto$rtlil.cc:3390:Mux$9450, Q = \u_cq_engine.batch_count[3], rval = 4'0000).
Adding SRST signal on $auto$ff.cc:337:slice$13211 ($dffe) from module io_uncore_top (D = $auto$rtlil.cc:3390:Mux$9450, Q = \u_cq_engine.batch_count[2], rval = 4'0000).
Adding SRST signal on $auto$ff.cc:337:slice$13214 ($dffe) from module io_uncore_top (D = $auto$rtlil.cc:3390:Mux$9450, Q = \u_cq_engine.batch_count[1], rval = 4'0000).

22.20.24. Executing OPT_CLEAN pass (remove unused cells and wires).
Finding unused cells or wires in module \io_uncore_top..
Removed 128 unused cells and 256 unused wires.

22.20.25. Executing OPT_EXPR pass (perform const folding).
Optimizing module io_uncore_top.

22.20.26. Rerunning OPT passes. (Maybe there is more to do..)

22.20.27. Executing OPT_MUXTREE pass (detect dead branches in mux trees).
Running muxtree optimizer on module \io_uncore_top..
  Creating internal representation of mux trees.
  Evaluating internal representation of mux trees.
  Analyzing evaluation results.
Removed 0 multiplexer ports.

22.20.28. Executing OPT_REDUCE pass (consolidate $*mux and $reduce_* inputs).
  Optimizing cells in module \io_uncore_top.
Performed a total of 0 changes.

22.20.29. Executing OPT_MERGE pass (detect identical cells).
Finding identical cells in module `\io_uncore_top'.
Computing hashes of 1557 cells of `\io_uncore_top'.
Finding duplicate cells in `\io_uncore_top'.
Removed a total of 0 cells.

22.20.30. Executing OPT_SHARE pass.

22.20.31. Executing OPT_DFF pass (perform DFF optimizations).

22.20.32. Executing OPT_CLEAN pass (remove unused cells and wires).
Finding unused cells or wires in module \io_uncore_top..

22.20.33. Executing OPT_EXPR pass (perform const folding).
Optimizing module io_uncore_top.

22.20.34. Finished fast OPT passes. (There is nothing left to do.)

22.21. Executing TECHMAP pass (map to technology primitives).

22.21.1. Executing Verilog-2005 frontend: /home/fangy6/miniconda3/bin/../share/yosys/techmap.v
Parsing Verilog input from `/home/fangy6/miniconda3/bin/../share/yosys/techmap.v' to AST representation.
Generating RTLIL representation for module `\_90_simplemap_bool_ops'.
Generating RTLIL representation for module `\_90_simplemap_reduce_ops'.
Generating RTLIL representation for module `\_90_simplemap_logic_ops'.
Generating RTLIL representation for module `\_90_simplemap_compare_ops'.
Generating RTLIL representation for module `\_90_simplemap_various'.
Generating RTLIL representation for module `\_90_simplemap_registers'.
Generating RTLIL representation for module `\_90_shift_ops_shr_shl_sshl_sshr'.
Generating RTLIL representation for module `\_90_shift_shiftx'.
Generating RTLIL representation for module `\_90_fa'.
Generating RTLIL representation for module `\_90_lcu_brent_kung'.
Generating RTLIL representation for module `\_90_alu'.
Generating RTLIL representation for module `\_90_macc'.
Generating RTLIL representation for module `\_90_alumacc'.
Generating RTLIL representation for module `$__div_mod_u'.
Generating RTLIL representation for module `$__div_mod_trunc'.
Generating RTLIL representation for module `\_90_div'.
Generating RTLIL representation for module `\_90_mod'.
Generating RTLIL representation for module `$__div_mod_floor'.
Generating RTLIL representation for module `\_90_divfloor'.
Generating RTLIL representation for module `\_90_modfloor'.
Generating RTLIL representation for module `\_90_pow'.
Generating RTLIL representation for module `\_90_pmux'.
Generating RTLIL representation for module `\_90_demux'.
Generating RTLIL representation for module `\_90_lut'.
Generating RTLIL representation for module `$connect'.
Generating RTLIL representation for module `$input_port'.
Successfully finished Verilog frontend.

22.21.2. Continuing TECHMAP pass.
Using extmapper simplemap for cells of type $sdffce.
Using extmapper simplemap for cells of type $sdffe.
Using extmapper simplemap for cells of type $ne.
Using extmapper simplemap for cells of type $sdff.
Using extmapper simplemap for cells of type $not.
Using extmapper simplemap for cells of type $and.
Using extmapper simplemap for cells of type $or.
Using extmapper simplemap for cells of type $mux.
Using extmapper simplemap for cells of type $eq.
Using template $paramod$dbcdc7e8aa1a4080cea2deda6fdc8772064f4d90\_90_alu for cells of type $alu.
Using template $paramod$5e23d2e0f07f5403e3d2c5b606bab0c16e4174c1\_90_alu for cells of type $alu.
Using template $paramod$672a140277c71df8314410f22acc08d55222c3c7\_90_alu for cells of type $alu.
Using template $paramod$cc23faa4302ed2a717f4fd0b175ca8ec4dc7bbd3\_90_alu for cells of type $alu.
Using template $paramod$332fab4e157f868977379756d21fa99887c3c6c4\_90_alu for cells of type $alu.
Using template $paramod$1eb759649286d7485bd82f4dfc30385bade4b4b3\_90_alu for cells of type $alu.
Using template $paramod$32efbfac1c4dc57230cf86180788fdfd12e3b511\_90_alu for cells of type $alu.
Using template $paramod$32a7b7b86c07519b7537abc18e96f0331f97914d\_90_alu for cells of type $alu.
Using template $paramod$943564b9366bbc392bf4bbc801aa0a2d7742a4e0\_90_alu for cells of type $alu.
Using template $paramod$fc972a7a46956c1788f3cb5257b53c8f1df2d0cc\_90_alu for cells of type $alu.
Using template $paramod$c0020f6f1eab11aa2b9a367494ef02240e7491a2\_90_alu for cells of type $alu.
Using template $paramod$cc80a4e89b0341cb117f5d28b0e7244620640141\_90_alu for cells of type $alu.
Using template $paramod$f30f8fc2e30bd83d28cb1ad43b9d9ec083109075\_90_alu for cells of type $alu.
Using template $paramod$dc04b7d98e503a7bab16fce2df70e6e2c5ca34d6\_90_alu for cells of type $alu.
Using template $paramod$3ef7d3dd227da7627a99c5e5a6a4deb817573e39\_90_alu for cells of type $alu.
Using template $paramod$b85fbb3374a1d9ba7ee4f4d6323c30f939df3ada\_90_alu for cells of type $alu.
Using extmapper simplemap for cells of type $reduce_and.
Using extmapper simplemap for cells of type $reduce_or.
Using template $paramod$2ab0ff81670440372478bad90d3da37d43208ad1\_90_alu for cells of type $alu.
Using template $paramod$8742280fdebca84e1c87f2a86ed84f62d558f4cc\_90_alu for cells of type $alu.
Using template $paramod$b8c0a997bce700f23568a5ada79cc6781d1f5ca0\_90_alu for cells of type $alu.
Using template $paramod$ed40eaed6d7865a5f6e873e7da3aa6067d71cfbb\_90_alu for cells of type $alu.
Using template $paramod$a1665ef28c749ebcdbe9aecd466e644647b56463\_90_alu for cells of type $alu.
Using template $paramod$b52bd7d9c9f7528eea96dbf9fa48ed18ac637bc8\_90_alu for cells of type $alu.
Using template $paramod$78e969f2586efcf3a5b0b0440bcca0db83d5cca2\_90_alu for cells of type $alu.
Using extmapper maccmap for cells of type $macc_v2.
  add $auto$wreduce.cc:514:run$8449 [4:0] (5 bits, unsigned)
  add \u_cq_engine.batch_count[15] (4 bits, unsigned)
  add \u_cq_engine.batch_count[14] (4 bits, unsigned)
  add \u_cq_engine.batch_count[13] (4 bits, unsigned)
  add \u_cq_engine.batch_count[12] (4 bits, unsigned)
  add \u_cq_engine.batch_count[11] (4 bits, unsigned)
  add \u_cq_engine.batch_count[10] (4 bits, unsigned)
  add \u_cq_engine.batch_count[9] (4 bits, unsigned)
  add \u_cq_engine.batch_count[8] (4 bits, unsigned)
  add \u_cq_engine.batch_count[7] (4 bits, unsigned)
  add \u_cq_engine.batch_count[6] (4 bits, unsigned)
  add \u_cq_engine.batch_count[5] (4 bits, unsigned)
  add \u_cq_engine.batch_count[4] (4 bits, unsigned)
  add \u_cq_engine.batch_count[3] (4 bits, unsigned)
  add \u_cq_engine.batch_count[2] (4 bits, unsigned)
Using extmapper simplemap for cells of type $reduce_bool.
Using extmapper simplemap for cells of type $adffe.
Using extmapper simplemap for cells of type $dff.
Using extmapper simplemap for cells of type $adff.
Using template $paramod$ee4b4eb2305f78c23d2b3ac0aa69c1265797f4b5\_90_pmux for cells of type $pmux.
Using extmapper simplemap for cells of type $logic_and.
Using template $paramod$d629d85c8826a74239b9178d1930215a43b0ceb0\_90_pmux for cells of type $pmux.
Using extmapper simplemap for cells of type $logic_not.
Using template $paramod$54a4503cc57b9df40b70c1899504d6aac2650719\_90_pmux for cells of type $pmux.
Using template $paramod$46a02b1c1dc33fbe579e0ec98419823d3d4fe4be\_90_pmux for cells of type $pmux.
Using template $paramod\_90_fa\WIDTH=32'00000000000000000000000000000100 for cells of type $fa.
Using template $paramod\_90_fa\WIDTH=32'00000000000000000000000000000101 for cells of type $fa.
Using template $paramod\_90_fa\WIDTH=32'00000000000000000000000000000110 for cells of type $fa.
Using template $paramod\_90_fa\WIDTH=32'00000000000000000000000000000111 for cells of type $fa.
Using template $paramod\_90_fa\WIDTH=32'00000000000000000000000000001000 for cells of type $fa.
Using template $paramod\_90_fa\WIDTH=32'00000000000000000000000000001001 for cells of type $fa.
Using template $paramod\_90_fa\WIDTH=32'00000000000000000000000000001010 for cells of type $fa.
Using template $paramod$fbc7873bff55778c0b3173955b7e4bce1d9d6834\_90_alu for cells of type $alu.
Using extmapper simplemap for cells of type $pos.
Using template $paramod\_90_fa\WIDTH=32'00000000000000000000000000000011 for cells of type $fa.
Using template $paramod\_90_lcu_brent_kung\WIDTH=32'00000000000000000000000000000011 for cells of type $lcu.
Using extmapper simplemap for cells of type $xor.
Using template $paramod\_90_fa\WIDTH=32'00000000000000000000000000010001 for cells of type $fa.
Using template $paramod\_90_lcu_brent_kung\WIDTH=32'00000000000000000000000000010001 for cells of type $lcu.
Using template $paramod\_90_fa\WIDTH=32'00000000000000000000000000010000 for cells of type $fa.
Using template $paramod\_90_lcu_brent_kung\WIDTH=32'00000000000000000000000000010000 for cells of type $lcu.
Using template $paramod\_90_fa\WIDTH=32'00000000000000000000000000000001 for cells of type $fa.
Using template $paramod\_90_lcu_brent_kung\WIDTH=32'00000000000000000000000000000001 for cells of type $lcu.
Using template $paramod\_90_lcu_brent_kung\WIDTH=32'00000000000000000000000000000110 for cells of type $lcu.
Using template $paramod\_90_lcu_brent_kung\WIDTH=32'00000000000000000000000000001000 for cells of type $lcu.
Using template $paramod\_90_lcu_brent_kung\WIDTH=32'00000000000000000000000000000100 for cells of type $lcu.
Using template $paramod\_90_lcu_brent_kung\WIDTH=32'00000000000000000000000000000101 for cells of type $lcu.
Using template $paramod\_90_fa\WIDTH=32'00000000000000000000000001000000 for cells of type $fa.
Using template $paramod\_90_lcu_brent_kung\WIDTH=32'00000000000000000000000001000000 for cells of type $lcu.
Using template $paramod\_90_fa\WIDTH=32'00000000000000000000000000110100 for cells of type $fa.
Using template $paramod\_90_lcu_brent_kung\WIDTH=32'00000000000000000000000000110100 for cells of type $lcu.
Using template $paramod\_90_lcu_brent_kung\WIDTH=32'00000000000000000000000000001010 for cells of type $lcu.
Using template $paramod\_90_lcu_brent_kung\WIDTH=32'00000000000000000000000000000111 for cells of type $lcu.
Using template $paramod\_90_fa\WIDTH=32'00000000000000000000000000100000 for cells of type $fa.
Using template $paramod\_90_lcu_brent_kung\WIDTH=32'00000000000000000000000000100000 for cells of type $lcu.
No more expansions possible.

22.22. Executing OPT pass (performing simple optimizations).

22.22.1. Executing OPT_EXPR pass (perform const folding).
Optimizing module io_uncore_top.

22.22.2. Executing OPT_MERGE pass (detect identical cells).
Finding identical cells in module `\io_uncore_top'.
Computing hashes of 20506 cells of `\io_uncore_top'.
Finding duplicate cells in `\io_uncore_top'.
Computing hashes of 18966 cells of `\io_uncore_top'.
Finding duplicate cells in `\io_uncore_top'.
Computing hashes of 18789 cells of `\io_uncore_top'.
Finding duplicate cells in `\io_uncore_top'.
Computing hashes of 18735 cells of `\io_uncore_top'.
Finding duplicate cells in `\io_uncore_top'.
Computing hashes of 18716 cells of `\io_uncore_top'.
Finding duplicate cells in `\io_uncore_top'.
Computing hashes of 18712 cells of `\io_uncore_top'.
Finding duplicate cells in `\io_uncore_top'.
Computing hashes of 18709 cells of `\io_uncore_top'.
Finding duplicate cells in `\io_uncore_top'.
Computing hashes of 18708 cells of `\io_uncore_top'.
Finding duplicate cells in `\io_uncore_top'.
Removed a total of 1798 cells.

22.22.3. Executing OPT_DFF pass (perform DFF optimizations).

22.22.4. Executing OPT_CLEAN pass (remove unused cells and wires).
Finding unused cells or wires in module \io_uncore_top..
Removed 985 unused cells and 6408 unused wires.

22.22.5. Finished fast OPT passes.

22.23. Executing HIERARCHY pass (managing design hierarchy).
Attribute `top' found on module `io_uncore_top'. Setting top module to io_uncore_top.

22.23.1. Analyzing design hierarchy..
Top module:  \io_uncore_top

22.23.2. Analyzing design hierarchy..
Top module:  \io_uncore_top
Removed 0 unused modules.

22.24. Printing statistics.

=== io_uncore_top ===

        +----------Local Count, excluding submodules.
        | 
     3929 wires
    30094 wire bits
      410 public wires
    13868 public wire bits
       23 ports
      586 port bits
    17723 cells
     2979   $_AND_
      134   $_DFFE_PN0P_
        1   $_DFFE_PN1P_
        2   $_DFF_PN0_
        1   $_DFF_PN1_
       35   $_DFF_P_
     5341   $_MUX_
     1089   $_NOT_
     2035   $_OR_
     3376   $_SDFFCE_PN0P_
     1512   $_SDFFE_PN0P_
      176   $_SDFFE_PP0P_
       16   $_SDFF_PN0_
     1018   $_XOR_
        7   $scopeinfo
        1   sram_macro

22.25. Executing CHECK pass (checking for obvious problems).
Checking module io_uncore_top...
Found and reported 0 problems.

-- Executing script file `synth/dfflegalize.ys' --

23. Executing DFFLEGALIZE pass (convert FFs to types supported by the target).

24. Executing DFFLIBMAP pass (mapping DFF cells to sequential cells from liberty file).
  cell DFFLQNx1_ASAP7_75t_R (inv, pins=3, area=0.29) is a direct match for cell type $_DFF_N_.
  cell DFFHQNx1_ASAP7_75t_R (inv, pins=3, area=0.29) is a direct match for cell type $_DFF_P_.
  cell DFFASRHQNx1_ASAP7_75t_R (inv, pins=5, area=0.38) is a direct match for cell type $_DFFSR_PNN_.
  final dff cell mappings:
    \DFFLQNx1_ASAP7_75t_R _DFF_N_ (.CLK( C), .D( D), .QN(~Q));
    \DFFHQNx1_ASAP7_75t_R _DFF_P_ (.CLK( C), .D( D), .QN(~Q));
    unmapped dff cell: $_DFF_NN0_
    unmapped dff cell: $_DFF_NN1_
    unmapped dff cell: $_DFF_NP0_
    unmapped dff cell: $_DFF_NP1_
    unmapped dff cell: $_DFF_PN0_
    unmapped dff cell: $_DFF_PN1_
    unmapped dff cell: $_DFF_PP0_
    unmapped dff cell: $_DFF_PP1_
    unmapped dff cell: $_DFFE_NN_
    unmapped dff cell: $_DFFE_NP_
    unmapped dff cell: $_DFFE_PN_
    unmapped dff cell: $_DFFE_PP_
    unmapped dff cell: $_DFFSR_NNN_
    unmapped dff cell: $_DFFSR_NNP_
    unmapped dff cell: $_DFFSR_NPN_
    unmapped dff cell: $_DFFSR_NPP_
    \DFFASRHQNx1_ASAP7_75t_R _DFFSR_PNN_ (.CLK( C), .D( D), .QN(~Q), .RESETN( R), .SETN( S));
    unmapped dff cell: $_DFFSR_PNP_
    unmapped dff cell: $_DFFSR_PPN_
    unmapped dff cell: $_DFFSR_PPP_

24.1. Executing DFFLEGALIZE pass (convert FFs to types supported by the target).
Mapping DFF cells in module `\io_uncore_top':
  mapped 138 $_DFFSR_PNN_ cells to \DFFASRHQNx1_ASAP7_75t_R cells.
  mapped 5115 $_DFF_P_ cells to \DFFHQNx1_ASAP7_75t_R cells.

25. Executing ABC pass (technology mapping using ABC).

25.1. Extracting gate netlist of module `\io_uncore_top' to `<abc-temp-dir>/input.blif'..
Replacing 96 occurrences of constant undef bits with constant zero bits

25.1.1. Executed ABC.
Extracted 27994 gates and 33614 wires to a netlist network with 5617 inputs and 5852 outputs.
Running ABC script: <abc-temp-dir>/abc.script
ABC: UC Berkeley, ABC 1.01 (compiled Apr  9 2026 17:09:07)
ABC: abc 01> empty
ABC: abc 01> source <abc-temp-dir>/abc.script
ABC: + read_blif <abc-temp-dir>/input.blif 
ABC: + read_lib -w /home/fangy6/SimpleSSD_Gem5_simulation/RTL_design/lib/asap7sc7p5t_SIMPLE_RVT_TT_nldm_211120.lib 
ABC: Parsing finished successfully.  Parsing time =     0.02 sec
ABC: Library "asap7sc7p5t_SIMPLE_RVT_TT_nldm_211120" from "/home/fangy6/SimpleSSD_Gem5_simulation/RTL_design/lib/asap7sc7p5t_SIMPLE_RVT_TT_nldm_211120.lib" has 56 cells (0 skipped: 0 seq; 0 tri-state; 0 no func; 0 dont_use; 0 with 2 outputs; 0 with 3+ outputs).  Time =     0.03 sec
ABC: Memory =    4.50 MB. Time =     0.03 sec
ABC: Warnings: genlib library reader cannot detect the buffer gate.
ABC: Some parts of the supergate-based technology mapper may not work correctly.
ABC: Warnings: genlib library reader cannot detect the invertor gate.
ABC: Some parts of the supergate-based technology mapper may not work correctly.
ABC: Warning: Detected 2 multi-output cells (for example, "FAx1_ASAP7_75t_R").
ABC: + strash 
ABC: + dc2 
ABC: + map -B 0.9 
ABC: Warnings: genlib library reader cannot detect the buffer gate.
ABC: Some parts of the supergate-based technology mapper may not work correctly.
ABC: Warnings: genlib library reader cannot detect the invertor gate.
ABC: Some parts of the supergate-based technology mapper may not work correctly.
ABC: The cell delays are multiplied by the factor: <num_fanins> ^ (0.90).
ABC: + write_blif <abc-temp-dir>/output.blif 
ABC: 
ABC: YOSYS_ABC_DONE 

25.1.2. Re-integrating ABC results.
ABC RESULTS:   MAJIxp5_ASAP7_75t_R cells:       46
ABC RESULTS:   MAJx3_ASAP7_75t_R cells:       14
ABC RESULTS:   NAND2xp33_ASAP7_75t_R cells:    20909
ABC RESULTS:   NAND3xp33_ASAP7_75t_R cells:     2323
ABC RESULTS:   NAND4xp25_ASAP7_75t_R cells:      877
ABC RESULTS:   NAND5xp2_ASAP7_75t_R cells:      328
ABC RESULTS:   NOR2xp33_ASAP7_75t_R cells:       24
ABC RESULTS:   OR3x1_ASAP7_75t_R cells:        6
ABC RESULTS:   XNOR2x2_ASAP7_75t_R cells:        7
ABC RESULTS:   XOR2x2_ASAP7_75t_R cells:      142
ABC RESULTS:        internal signals:    22145
ABC RESULTS:           input signals:     5617
ABC RESULTS:          output signals:     5852
Removing temp directory.
Removing global temp directory.

26. Executing OPT pass (performing simple optimizations).

26.1. Executing OPT_EXPR pass (perform const folding).
Optimizing module io_uncore_top.

26.2. Executing OPT_MERGE pass (detect identical cells).
Finding identical cells in module `\io_uncore_top'.
Computing hashes of 29937 cells of `\io_uncore_top'.
Finding duplicate cells in `\io_uncore_top'.
Removed a total of 0 cells.

26.3. Executing OPT_DFF pass (perform DFF optimizations).

26.4. Executing OPT_CLEAN pass (remove unused cells and wires).
Finding unused cells or wires in module \io_uncore_top..
Removed 0 unused cells and 29591 unused wires.

26.5. Finished fast OPT passes.
Removed 7 unused cells and 120 unused wires.

27. Printing statistics.

=== io_uncore_top ===

        +----------Local Count, excluding submodules.
        | 
    29357 wires
    30961 wire bits
       26 public wires
     1630 public wire bits
       23 ports
      586 port bits
    29930 cells
      138   DFFASRHQNx1_ASAP7_75t_R
     5115   DFFHQNx1_ASAP7_75t_R
       46   MAJIxp5_ASAP7_75t_R
       14   MAJx3_ASAP7_75t_R
    20909   NAND2xp33_ASAP7_75t_R
     2323   NAND3xp33_ASAP7_75t_R
      877   NAND4xp25_ASAP7_75t_R
      328   NAND5xp2_ASAP7_75t_R
       24   NOR2xp33_ASAP7_75t_R
        6   OR3x1_ASAP7_75t_R
        7   XNOR2x2_ASAP7_75t_R
      142   XOR2x2_ASAP7_75t_R
        1   sram_macro

28. Executing Verilog backend.

28.1. Executing BMUXMAP pass.

28.2. Executing DEMUXMAP pass.
Dumping module `\io_uncore_top'.
===== Synthesis complete: NQ=16 QD=64 =====

Warnings: 5 unique messages, 10 total
End of script. Logfile hash: 62c3c524c3, time: 8.10s, user: 6.90s, system: 0.20s, MEM: 143.52 MB peak
Yosys 0.64 (git sha1 d8dab5b32666564eca8e18f412973853ce006e61, g++ 14.3.0-18 -fvisibility-inlines-hidden -fmessage-length=0 -march=nocona -mtune=haswell -ftree-vectorize -fPIC -fstack-protector-strong -fno-plt -O2 -ffunction-sections -fdebug-prefix-map=/home/conda/feedstock_root/build_artifacts/yosys_1775753385194/work=/usr/local/src/conda/yosys-0.64 -fdebug-prefix-map=/home/fangy6/miniconda3=/usr/local/src/conda-prefix -fPIC -O3) [conda-forge/yosys-feedstock]
Time spent: 23% 1x abc (2 sec), 16% 36x opt_clean (1 sec), ...
